model,task,method,seed,run_id,metadata_sha256,config_hash,matrix_membership,analysis_context,endpoint,metric,metric_direction,unit,value,training_seconds,initialization_seconds,training_plus_initialization_seconds,evaluation_seconds,evaluation_result_sha256,prediction_sha256
openpangu,cmmlu,iid_matched,42,openpangu__cmmlu__qv__iid_matched__s42__n2500,92c2b240841bdcfde9f9ff3bf5c241ffeb5554b7b913ce22b6b2fa06658c4203,a11d62833770c5b00e8e5eaf16d7b1b5c6b49b67d4971105b173e26bcd0ceb81,"[""downstream_2500step""]",downstream_2500step,step_000500,raw_auc500,lower,loss_step,907.1540130935609,813.7459979353589,0.6511344989994541,814.3971324343584,,,
openpangu,cmmlu,iid_matched,42,openpangu__cmmlu__qv__iid_matched__s42__n2500,92c2b240841bdcfde9f9ff3bf5c241ffeb5554b7b913ce22b6b2fa06658c4203,a11d62833770c5b00e8e5eaf16d7b1b5c6b49b67d4971105b173e26bcd0ceb81,"[""downstream_2500step""]",downstream_2500step,step_002500,final_train_loss,lower,loss,0.31736852042376995,4069.7776940698677,0.6511344989994541,4070.428828568867,,,
openpangu,cmmlu,iid_matched,42,openpangu__cmmlu__qv__iid_matched__s42__n2500,92c2b240841bdcfde9f9ff3bf5c241ffeb5554b7b913ce22b6b2fa06658c4203,a11d62833770c5b00e8e5eaf16d7b1b5c6b49b67d4971105b173e26bcd0ceb81,"[""downstream_2500step""]",downstream_2500step,step_002500,macro_accuracy,higher,score,0.4799337705222204,4069.7776940698677,0.6511344989994541,4070.428828568867,2179.2881671959767,dcd0ad15347c3dc1edfc966ecb4f4145be14dc5e88d49beb5944ea872edae05a,a54c09a7f42f103cf8804b706380aa5902940ebe2b00b09c0af29761dead9974
openpangu,cmmlu,iid_matched,123,openpangu__cmmlu__qv__iid_matched__s123__n2500,0174b61e821f792867905ba733666b2c3ce83c51c6d5ad49a38d2313d6a179ac,70b680d01c0ac267a8ad88bfc6c08fbddd7386ba63fbb676925d570cc7af8099,"[""downstream_2500step""]",downstream_2500step,step_000500,raw_auc500,lower,loss_step,939.2201319988817,816.0299494332576,0.6953337999875657,816.7252832332451,,,
openpangu,cmmlu,iid_matched,123,openpangu__cmmlu__qv__iid_matched__s123__n2500,0174b61e821f792867905ba733666b2c3ce83c51c6d5ad49a38d2313d6a179ac,70b680d01c0ac267a8ad88bfc6c08fbddd7386ba63fbb676925d570cc7af8099,"[""downstream_2500step""]",downstream_2500step,step_002500,final_train_loss,lower,loss,0.22157105058431625,4068.9806418814696,0.6953337999875657,4069.675975681457,,,
openpangu,cmmlu,iid_matched,123,openpangu__cmmlu__qv__iid_matched__s123__n2500,0174b61e821f792867905ba733666b2c3ce83c51c6d5ad49a38d2313d6a179ac,70b680d01c0ac267a8ad88bfc6c08fbddd7386ba63fbb676925d570cc7af8099,"[""downstream_2500step""]",downstream_2500step,step_002500,macro_accuracy,higher,score,0.48664718158656006,4068.9806418814696,0.6953337999875657,4069.675975681457,2200.8765098000295,db94bd4572606eb66a24da4e970d7cae331dfdd71617716b2b80f850ad84c951,171cb38b2b9db6bb3e1689b03a80101ea170dc2b76f37bf7966f240f2f6e4346
openpangu,cmmlu,iid_matched,1107,openpangu__cmmlu__qv__iid_matched__s1107__n2500,545d7f37ef7c3a7a20766fe07074582b8e7121749f7173c13f299d1f6deff04b,5754d55c8a3ff8a84f4818a71f83a393ac1561bc9b23bf808b0ec23b3a3bfc30,"[""downstream_2500step""]",downstream_2500step,step_000500,raw_auc500,lower,loss_step,933.2346882112324,814.1115211410215,0.6717907009879127,814.7833118420094,,,
openpangu,cmmlu,iid_matched,1107,openpangu__cmmlu__qv__iid_matched__s1107__n2500,545d7f37ef7c3a7a20766fe07074582b8e7121749f7173c13f299d1f6deff04b,5754d55c8a3ff8a84f4818a71f83a393ac1561bc9b23bf808b0ec23b3a3bfc30,"[""downstream_2500step""]",downstream_2500step,step_002500,final_train_loss,lower,loss,0.22932766564190388,4069.2520797656616,0.6717907009879127,4069.9238704666495,,,
openpangu,cmmlu,iid_matched,1107,openpangu__cmmlu__qv__iid_matched__s1107__n2500,545d7f37ef7c3a7a20766fe07074582b8e7121749f7173c13f299d1f6deff04b,5754d55c8a3ff8a84f4818a71f83a393ac1561bc9b23bf808b0ec23b3a3bfc30,"[""downstream_2500step""]",downstream_2500step,step_002500,macro_accuracy,higher,score,0.466592654359183,4069.2520797656616,0.6717907009879127,4069.9238704666495,2330.5421157910023,140bc231b204826c4984ec4bd35821e16872eac52a712ce3996b5eeabf271d89,994f8ad272eb168e4b6fe21da741a260e361059f0024b2407f25fe86aa70b55a
openpangu,cmmlu,peft_default,42,openpangu__cmmlu__qv__peft_default__s42__n2500,3827c6e28882f95c995c7b977857f361cf74c313bfc1e736ea1e8e097305ffac,d600b2d4762bbf994c97a2161ffa230b14199baad23cd04eeae8d22ffae4c1da,"[""downstream_2500step""]",downstream_2500step,step_000500,raw_auc500,lower,loss_step,1005.7731955386698,805.1166421179914,0.32319900099901133,805.4398411189904,,,
openpangu,cmmlu,peft_default,42,openpangu__cmmlu__qv__peft_default__s42__n2500,3827c6e28882f95c995c7b977857f361cf74c313bfc1e736ea1e8e097305ffac,d600b2d4762bbf994c97a2161ffa230b14199baad23cd04eeae8d22ffae4c1da,"[""downstream_2500step""]",downstream_2500step,step_002500,final_train_loss,lower,loss,0.3749463725835085,4025.392429712945,0.32319900099901133,4025.715628713944,,,
openpangu,cmmlu,peft_default,42,openpangu__cmmlu__qv__peft_default__s42__n2500,3827c6e28882f95c995c7b977857f361cf74c313bfc1e736ea1e8e097305ffac,d600b2d4762bbf994c97a2161ffa230b14199baad23cd04eeae8d22ffae4c1da,"[""downstream_2500step""]",downstream_2500step,step_002500,macro_accuracy,higher,score,0.4723239782600626,4025.392429712945,0.32319900099901133,4025.715628713944,2190.762042937975,5a3f1a068e189c5afdcacdb4c3c2251a3f9a6597fca70590aafecf83c0b9584c,14e6a1af46868ee536b204572e30200e5dc717ecce431edc3f61651f627d1436
openpangu,cmmlu,peft_default,123,openpangu__cmmlu__qv__peft_default__s123__n2500,0411c72d731d6f3cde78abc672a8c24be394e5e6803e39c0fd5c87d810946946,07b55661085ffbf4aa89adf3957cc177a9a76a2c9d7c82ba83764f3b1307e1f4,"[""downstream_2500step""]",downstream_2500step,step_000500,raw_auc500,lower,loss_step,1002.4987349845469,806.9688033979874,0.22810880000179168,807.1969121979891,,,
openpangu,cmmlu,peft_default,123,openpangu__cmmlu__qv__peft_default__s123__n2500,0411c72d731d6f3cde78abc672a8c24be394e5e6803e39c0fd5c87d810946946,07b55661085ffbf4aa89adf3957cc177a9a76a2c9d7c82ba83764f3b1307e1f4,"[""downstream_2500step""]",downstream_2500step,step_002500,final_train_loss,lower,loss,0.2252323478460312,4030.6330465549545,0.22810880000179168,4030.8611553549563,,,
openpangu,cmmlu,peft_default,123,openpangu__cmmlu__qv__peft_default__s123__n2500,0411c72d731d6f3cde78abc672a8c24be394e5e6803e39c0fd5c87d810946946,07b55661085ffbf4aa89adf3957cc177a9a76a2c9d7c82ba83764f3b1307e1f4,"[""downstream_2500step""]",downstream_2500step,step_002500,macro_accuracy,higher,score,0.46610196105385304,4030.6330465549545,0.22810880000179168,4030.8611553549563,2178.6234962319722,4586496344698b952debed5b73770440763cfb851439dff856bd84f5072d44da,a76cb38f57cbc75578ee3819d821b40cb43b3f34139da931481da99f982b9665
openpangu,cmmlu,peft_default,1107,openpangu__cmmlu__qv__peft_default__s1107__n2500,5fdda4e1bd770474c99c16e0cb4339f4f4f919cef9da7475f7c3c4b650ccaa6b,2614d460d4316cf1d2052055f4697e8d94cb03fe0550ad5bacae15ac9f047906,"[""downstream_2500step""]",downstream_2500step,step_000100,macro_accuracy,higher,score,0.5640399205483408,161.15851067300537,0.20671469700027956,161.36522537000565,1576.5982830979628,ef54ae241b81ba95324ba5a07e3c5394dc24ff2117e768e685501dc0f9144164,4e87e06cbe2d3aa24fbf12114b39fb162a730569a52f8d639ff6a6ad120e3554
openpangu,cmmlu,peft_default,1107,openpangu__cmmlu__qv__peft_default__s1107__n2500,5fdda4e1bd770474c99c16e0cb4339f4f4f919cef9da7475f7c3c4b650ccaa6b,2614d460d4316cf1d2052055f4697e8d94cb03fe0550ad5bacae15ac9f047906,"[""downstream_2500step""]",downstream_2500step,step_000500,macro_accuracy,higher,score,0.4951226793569552,804.911280870996,0.20671469700027956,805.1179955679963,1607.8788868249976,55e81c71300cece96b04b5f2981c795d17b3eb99f6d9b4e3eceb86277cb8b70a,ec49e2bf08bc3bcd16203869a10754b4fd4b3fe1785111a2149215b9527d3660
openpangu,cmmlu,peft_default,1107,openpangu__cmmlu__qv__peft_default__s1107__n2500,5fdda4e1bd770474c99c16e0cb4339f4f4f919cef9da7475f7c3c4b650ccaa6b,2614d460d4316cf1d2052055f4697e8d94cb03fe0550ad5bacae15ac9f047906,"[""downstream_2500step""]",downstream_2500step,step_000500,raw_auc500,lower,loss_step,999.1537210717797,804.911280870996,0.20671469700027956,805.1179955679963,,,
openpangu,cmmlu,peft_default,1107,openpangu__cmmlu__qv__peft_default__s1107__n2500,5fdda4e1bd770474c99c16e0cb4339f4f4f919cef9da7475f7c3c4b650ccaa6b,2614d460d4316cf1d2052055f4697e8d94cb03fe0550ad5bacae15ac9f047906,"[""downstream_2500step""]",downstream_2500step,step_001500,macro_accuracy,higher,score,0.46276034116157416,2414.8136762239865,0.20671469700027956,2415.0203909209868,1569.9324734160327,0c18a2c2b7cb4909c9c72bf3cae2a188b63ba557b17cddac7a924ee0f265c766,256e3ed0d2215554fba4ebea5c7740bf88349805daf93d92e858f50d14572cea
openpangu,cmmlu,peft_default,1107,openpangu__cmmlu__qv__peft_default__s1107__n2500,5fdda4e1bd770474c99c16e0cb4339f4f4f919cef9da7475f7c3c4b650ccaa6b,2614d460d4316cf1d2052055f4697e8d94cb03fe0550ad5bacae15ac9f047906,"[""downstream_2500step""]",downstream_2500step,step_002500,final_train_loss,lower,loss,0.24162092059850693,4024.32808244397,0.20671469700027956,4024.53479714097,,,
openpangu,cmmlu,peft_default,1107,openpangu__cmmlu__qv__peft_default__s1107__n2500,5fdda4e1bd770474c99c16e0cb4339f4f4f919cef9da7475f7c3c4b650ccaa6b,2614d460d4316cf1d2052055f4697e8d94cb03fe0550ad5bacae15ac9f047906,"[""downstream_2500step""]",downstream_2500step,step_002500,macro_accuracy,higher,score,0.46674132178596867,4024.32808244397,0.20671469700027956,4024.53479714097,2188.552102646965,43ecbebc63e1e9184929c1b20c0c79e8ed9d59e02103b15deb43500ef9212f39,e3a44ef10e38834b899a07349dcf87e8f5cf25f98ec11d61e9e12a6042522ba8
openpangu,cmmlu,powerlaw_global_a06,42,openpangu__cmmlu__qv__powerlaw_global_a06__s42__n2500,6cc762f27a6ad25f9b11cebc547a548871f3daa3de44af9e557523e4843df880,2aeea296c0d13579f1688272a7507b7fae7c3f39043f7313bd00e87bf2962c50,"[""downstream_2500step""]",downstream_2500step,step_000500,raw_auc500,lower,loss_step,923.2031580004841,807.9094200949476,0.5399277100004838,808.449347804948,,,
openpangu,cmmlu,powerlaw_global_a06,42,openpangu__cmmlu__qv__powerlaw_global_a06__s42__n2500,6cc762f27a6ad25f9b11cebc547a548871f3daa3de44af9e557523e4843df880,2aeea296c0d13579f1688272a7507b7fae7c3f39043f7313bd00e87bf2962c50,"[""downstream_2500step""]",downstream_2500step,step_002500,final_train_loss,lower,loss,0.320524238049984,4032.4362306611656,0.5399277100004838,4032.976158371166,,,
openpangu,cmmlu,powerlaw_global_a06,42,openpangu__cmmlu__qv__powerlaw_global_a06__s42__n2500,6cc762f27a6ad25f9b11cebc547a548871f3daa3de44af9e557523e4843df880,2aeea296c0d13579f1688272a7507b7fae7c3f39043f7313bd00e87bf2962c50,"[""downstream_2500step""]",downstream_2500step,step_002500,macro_accuracy,higher,score,0.4841346635640418,4032.4362306611656,0.5399277100004838,4032.976158371166,2207.8758169480134,dd41de5694a19b6d911b14b2565295a633541911bc1ed76a66f24ade5b61c532,37d1a4ee4f474abade26e27a1182aab1c0ae333da1f29731edd9a82595b43fe1
openpangu,cmmlu,powerlaw_global_a06,123,openpangu__cmmlu__qv__powerlaw_global_a06__s123__n2500,63388a13df29c064ea996c052eaf88c9c21cc1c62ac78011878450b10158e52c,5547b3b556cd22da3c0dff7972c21cbed209abd932450e941700019b41b3f19f,"[""downstream_2500step""]",downstream_2500step,step_000500,raw_auc500,lower,loss_step,926.5790955983102,805.5362599599939,0.7736068920021353,806.309866851996,,,
openpangu,cmmlu,powerlaw_global_a06,123,openpangu__cmmlu__qv__powerlaw_global_a06__s123__n2500,63388a13df29c064ea996c052eaf88c9c21cc1c62ac78011878450b10158e52c,5547b3b556cd22da3c0dff7972c21cbed209abd932450e941700019b41b3f19f,"[""downstream_2500step""]",downstream_2500step,step_002500,final_train_loss,lower,loss,0.22180276177823544,4048.324369376911,0.7736068920021353,4049.097976268913,,,
openpangu,cmmlu,powerlaw_global_a06,123,openpangu__cmmlu__qv__powerlaw_global_a06__s123__n2500,63388a13df29c064ea996c052eaf88c9c21cc1c62ac78011878450b10158e52c,5547b3b556cd22da3c0dff7972c21cbed209abd932450e941700019b41b3f19f,"[""downstream_2500step""]",downstream_2500step,step_002500,macro_accuracy,higher,score,0.4935716671238917,4048.324369376911,0.7736068920021353,4049.097976268913,2196.7914364369935,7f99676b038764cfdcc2e9ec0d0629dbbd7d75c36cba696a6369cf3d44dc2108,d9a5c04361061a446a7cdec519992343d9244bbf04f33e7339116f7f60eb1d28
openpangu,cmmlu,powerlaw_global_a06,1107,openpangu__cmmlu__qv__powerlaw_global_a06__s1107__n2500,133bc4a880a53cfb3f4291127135cc9a63ef7009fcfe9e2ada21fd70d80161bc,0174b78a8563dd77072b6c25472a75e39b05a674986639148ed63102cedb31d2,"[""downstream_2500step""]",downstream_2500step,step_000100,macro_accuracy,higher,score,0.5694891729431445,161.13242923602957,0.6511126999976113,161.78354193602718,1527.0054914550274,cc09e687132fcfaff2085c45150c3363d122aaf8da466abdab27340ef0dbcf71,36b5bce5692c194346d6f8a19e724d47ba9ef3990a34e7bcae05a03ac4857d68
openpangu,cmmlu,powerlaw_global_a06,1107,openpangu__cmmlu__qv__powerlaw_global_a06__s1107__n2500,133bc4a880a53cfb3f4291127135cc9a63ef7009fcfe9e2ada21fd70d80161bc,0174b78a8563dd77072b6c25472a75e39b05a674986639148ed63102cedb31d2,"[""downstream_2500step""]",downstream_2500step,step_000500,macro_accuracy,higher,score,0.49908748784590623,805.4892788209836,0.6511126999976113,806.1403915209812,1570.4215790689923,415f8766e0b765d70f595069b6f9df77529d5668271edfd999f4ad2bcd04a189,a42ca7e16a088ca0c704ffbddec99527142fc68d2ceff167649c7d52d4fa9007
openpangu,cmmlu,powerlaw_global_a06,1107,openpangu__cmmlu__qv__powerlaw_global_a06__s1107__n2500,133bc4a880a53cfb3f4291127135cc9a63ef7009fcfe9e2ada21fd70d80161bc,0174b78a8563dd77072b6c25472a75e39b05a674986639148ed63102cedb31d2,"[""downstream_2500step""]",downstream_2500step,step_000500,raw_auc500,lower,loss_step,934.0531484298408,805.4892788209836,0.6511126999976113,806.1403915209812,,,
openpangu,cmmlu,powerlaw_global_a06,1107,openpangu__cmmlu__qv__powerlaw_global_a06__s1107__n2500,133bc4a880a53cfb3f4291127135cc9a63ef7009fcfe9e2ada21fd70d80161bc,0174b78a8563dd77072b6c25472a75e39b05a674986639148ed63102cedb31d2,"[""downstream_2500step""]",downstream_2500step,step_001500,macro_accuracy,higher,score,0.49454310011784636,2420.806136526946,0.6511126999976113,2421.4572492269435,1538.2607101070462,c1fc7debd3eb624a3f0e08759eef44339e5c3ccdd3d6deb2f949e3b5a8a1c983,04a3daa905398cb7073a37510058ca47c967ce4c215275e1532b6ee4c9cd6c77
openpangu,cmmlu,powerlaw_global_a06,1107,openpangu__cmmlu__qv__powerlaw_global_a06__s1107__n2500,133bc4a880a53cfb3f4291127135cc9a63ef7009fcfe9e2ada21fd70d80161bc,0174b78a8563dd77072b6c25472a75e39b05a674986639148ed63102cedb31d2,"[""downstream_2500step""]",downstream_2500step,step_002500,final_train_loss,lower,loss,0.23603550530970097,4031.7028844029737,0.6511126999976113,4032.3539971029713,,,
openpangu,cmmlu,powerlaw_global_a06,1107,openpangu__cmmlu__qv__powerlaw_global_a06__s1107__n2500,133bc4a880a53cfb3f4291127135cc9a63ef7009fcfe9e2ada21fd70d80161bc,0174b78a8563dd77072b6c25472a75e39b05a674986639148ed63102cedb31d2,"[""downstream_2500step""]",downstream_2500step,step_002500,macro_accuracy,higher,score,0.4933365070002684,4031.7028844029737,0.6511126999976113,4032.3539971029713,2197.8700002050027,f713602d095cda394f8fc8674d08f3d41010946170a1356e198f99128d5bb6a0,1bac236fa8f02a0bc69ecda82851da32315a24490dba46bfe261d789904329a8
openpangu,gsm8k,iid_matched,42,openpangu__gsm8k__qv__iid_matched__s42__n2500,db52557bdde6e67e380ce8835a69f95f616a302b6e25bbf084b7eda7896dee75,7c9cab3cf027b6ff7ae0d731ab9bf86d14354755686c5545027b023fbe81c3a9,"[""downstream_2500step""]",downstream_2500step,step_000500,raw_auc500,lower,loss_step,675.9705996178091,863.0292346083734,0.7944450030045118,863.8236796113779,,,
openpangu,gsm8k,iid_matched,42,openpangu__gsm8k__qv__iid_matched__s42__n2500,db52557bdde6e67e380ce8835a69f95f616a302b6e25bbf084b7eda7896dee75,7c9cab3cf027b6ff7ae0d731ab9bf86d14354755686c5545027b023fbe81c3a9,"[""downstream_2500step""]",downstream_2500step,step_002500,final_train_loss,lower,loss,0.9567319974303246,4306.893929234706,0.7944450030045118,4307.68837423771,,,
openpangu,gsm8k,iid_matched,123,openpangu__gsm8k__qv__iid_matched__s123__n2500,cf3b2908aa3966255af678a1f886431db0cdaa8a288279422f6f3623b58a1a3b,800d7b2ec85953f44b12670f0994eb9b28c19322cf16c099420e7d002b17fe88,"[""downstream_2500step""]",downstream_2500step,step_000500,raw_auc500,lower,loss_step,684.5108327232301,814.5620101900713,0.7701568999909796,815.3321670900623,,,
openpangu,gsm8k,iid_matched,123,openpangu__gsm8k__qv__iid_matched__s123__n2500,cf3b2908aa3966255af678a1f886431db0cdaa8a288279422f6f3623b58a1a3b,800d7b2ec85953f44b12670f0994eb9b28c19322cf16c099420e7d002b17fe88,"[""downstream_2500step""]",downstream_2500step,step_002500,final_train_loss,lower,loss,1.0623369812965393,4084.513165153796,0.7701568999909796,4085.283322053787,,,
openpangu,gsm8k,iid_matched,1107,openpangu__gsm8k__qv__iid_matched__s1107__n2500,ca907596f316b4da60a9284527a2809b8a393159c66d150cfdcfa9d94ae4930e,c7409e2f834247d58ba29a090149066ecae67b1d7dfc62c04abcf4f0f3dcf1fe,"[""downstream_2500step""]",downstream_2500step,step_000500,raw_auc500,lower,loss_step,686.5759503915906,817.9860686304455,0.6698210030153859,818.6558896334609,,,
openpangu,gsm8k,iid_matched,1107,openpangu__gsm8k__qv__iid_matched__s1107__n2500,ca907596f316b4da60a9284527a2809b8a393159c66d150cfdcfa9d94ae4930e,c7409e2f834247d58ba29a090149066ecae67b1d7dfc62c04abcf4f0f3dcf1fe,"[""downstream_2500step""]",downstream_2500step,step_002500,final_train_loss,lower,loss,1.071286328136921,4240.676393907401,0.6698210030153859,4241.346214910416,,,
openpangu,gsm8k,peft_default,42,openpangu__gsm8k__qv__peft_default__s42__n2500,90b3e4845d5410fb3b579d7622b785e5e7ee648f52224f522c5405561116c333,867cc9327890bf0459dd45f7e160bde2460f4d8971888d460bdeabe65b7f808a,"[""downstream_2500step""]",downstream_2500step,step_000500,raw_auc500,lower,loss_step,710.0892084464431,806.2220114846132,0.21196169999893755,806.4339731846121,,,
openpangu,gsm8k,peft_default,42,openpangu__gsm8k__qv__peft_default__s42__n2500,90b3e4845d5410fb3b579d7622b785e5e7ee648f52224f522c5405561116c333,867cc9327890bf0459dd45f7e160bde2460f4d8971888d460bdeabe65b7f808a,"[""downstream_2500step""]",downstream_2500step,step_002500,exact_match,higher,score,0.6444275966641395,4057.80133799091,0.21196169999893755,4058.0132996909088,16187.657549186999,8aa92006f994d88e508246aaa4c34a0f94be1fcee3b902e24dd4182a8ab4092d,082d8b68b8a06ca6acae936bf0ae2b9a93d827649388b78c6c76b7e9c4461e3a
openpangu,gsm8k,peft_default,42,openpangu__gsm8k__qv__peft_default__s42__n2500,90b3e4845d5410fb3b579d7622b785e5e7ee648f52224f522c5405561116c333,867cc9327890bf0459dd45f7e160bde2460f4d8971888d460bdeabe65b7f808a,"[""downstream_2500step""]",downstream_2500step,step_002500,final_train_loss,lower,loss,0.9618488848209381,4057.80133799091,0.21196169999893755,4058.0132996909088,,,
openpangu,gsm8k,peft_default,123,openpangu__gsm8k__qv__peft_default__s123__n2500,d2aa5af1673c4e573420809db8e5040ea2bbe73c233b1a3f69e030ba48c73a12,0b5886c1eba31d8a700c81aba896ed6bdfcaf49d7f2d42666f200ed1d15152c3,"[""downstream_2500step""]",downstream_2500step,step_000500,raw_auc500,lower,loss_step,707.9358329065144,803.3175531799207,0.24470597298932262,803.56225915291,,,
openpangu,gsm8k,peft_default,123,openpangu__gsm8k__qv__peft_default__s123__n2500,d2aa5af1673c4e573420809db8e5040ea2bbe73c233b1a3f69e030ba48c73a12,0b5886c1eba31d8a700c81aba896ed6bdfcaf49d7f2d42666f200ed1d15152c3,"[""downstream_2500step""]",downstream_2500step,step_002500,exact_match,higher,score,0.6497346474601972,4027.3880968508893,0.24470597298932262,4027.6328028238786,0.22184209599799942,2a274b4d86fcc68e41904b0913dacc00e6590a4fd8e0059d663986a5b46f5af5,291b10ad84d2665fb897c5c71001e44f6fab738841b5078bc09ad67dff9a65f2
openpangu,gsm8k,peft_default,123,openpangu__gsm8k__qv__peft_default__s123__n2500,d2aa5af1673c4e573420809db8e5040ea2bbe73c233b1a3f69e030ba48c73a12,0b5886c1eba31d8a700c81aba896ed6bdfcaf49d7f2d42666f200ed1d15152c3,"[""downstream_2500step""]",downstream_2500step,step_002500,final_train_loss,lower,loss,1.079907864332199,4027.3880968508893,0.24470597298932262,4027.6328028238786,,,
openpangu,gsm8k,peft_default,1107,openpangu__gsm8k__qv__peft_default__s1107__n2500,813b66f6dfc8bea032d319d3965fa3a0fbaeda12f0a6089ce0b8e49ba62f508d,68248871f5379292478eef8349e3622e2eeae43a652b341460a033fc7a9a5ade,"[""downstream_2500step""]",downstream_2500step,step_000500,raw_auc500,lower,loss_step,699.3857198543847,809.4885292852123,0.3247659009939525,809.8132951862062,,,
openpangu,gsm8k,peft_default,1107,openpangu__gsm8k__qv__peft_default__s1107__n2500,813b66f6dfc8bea032d319d3965fa3a0fbaeda12f0a6089ce0b8e49ba62f508d,68248871f5379292478eef8349e3622e2eeae43a652b341460a033fc7a9a5ade,"[""downstream_2500step""]",downstream_2500step,step_001500,exact_match,higher,score,0.6550416982562547,2424.79136018359,0.3247659009939525,2425.116126084584,15445.667581466027,0858291d604efdfc4f279d50446aea6b94b47adac807f5a286f0c74314416cc3,6a80f34a75a3813eef31a459bb3b714d2cc14719499fbd1d86ff3ffa903e779b
openpangu,gsm8k,peft_default,1107,openpangu__gsm8k__qv__peft_default__s1107__n2500,813b66f6dfc8bea032d319d3965fa3a0fbaeda12f0a6089ce0b8e49ba62f508d,68248871f5379292478eef8349e3622e2eeae43a652b341460a033fc7a9a5ade,"[""downstream_2500step""]",downstream_2500step,step_002500,exact_match,higher,score,0.6641394996209249,4032.703500115982,0.3247659009939525,4033.028266016976,0.20242319899989525,28ac959499761536bb3f1c461111a986372749b8e86a40d8372499f5f5ebb9b7,add64337c83e11dfbff3affea2213384c200a75fd5d69fd164c79e97c07c00c0
openpangu,gsm8k,peft_default,1107,openpangu__gsm8k__qv__peft_default__s1107__n2500,813b66f6dfc8bea032d319d3965fa3a0fbaeda12f0a6089ce0b8e49ba62f508d,68248871f5379292478eef8349e3622e2eeae43a652b341460a033fc7a9a5ade,"[""downstream_2500step""]",downstream_2500step,step_002500,final_train_loss,lower,loss,1.0755861476063728,4032.703500115982,0.3247659009939525,4033.028266016976,,,
openpangu,gsm8k,powerlaw_global_a06,42,openpangu__gsm8k__qv__powerlaw_global_a06__s42__n2500,35dc32f4d8abc380c28453c851c0909c85822a7e58722a230940b2b597d6ea10,fce339215240ee4337e4ae8477144ed7280f659cac7d598604704dd708a1074a,"[""downstream_2500step""]",downstream_2500step,step_000500,raw_auc500,lower,loss_step,677.3118998110294,806.1782266530154,0.5440028909997636,806.7222295440151,,,
openpangu,gsm8k,powerlaw_global_a06,42,openpangu__gsm8k__qv__powerlaw_global_a06__s42__n2500,35dc32f4d8abc380c28453c851c0909c85822a7e58722a230940b2b597d6ea10,fce339215240ee4337e4ae8477144ed7280f659cac7d598604704dd708a1074a,"[""downstream_2500step""]",downstream_2500step,step_002500,exact_match,higher,score,0.6679302501895376,4045.4045672420198,0.5440028909997636,4045.9485701330195,13940.769342140004,67a9026d4927400bcee2eaeb8f898b02135ecb7219517b109092973577631103,b92e12125d2e922468a86bc5ec9c5a08a5269973bb919da0c7f2683f8546b4d6
openpangu,gsm8k,powerlaw_global_a06,42,openpangu__gsm8k__qv__powerlaw_global_a06__s42__n2500,35dc32f4d8abc380c28453c851c0909c85822a7e58722a230940b2b597d6ea10,fce339215240ee4337e4ae8477144ed7280f659cac7d598604704dd708a1074a,"[""downstream_2500step""]",downstream_2500step,step_002500,final_train_loss,lower,loss,0.9580414071679115,4045.4045672420198,0.5440028909997636,4045.9485701330195,,,
openpangu,gsm8k,powerlaw_global_a06,123,openpangu__gsm8k__qv__powerlaw_global_a06__s123__n2500,ee92014287e446325d019aa162c3ba3039ddb958fdb191871aa4292405141430,13e4f1dfe42d204cc77c41935685e474f27fef8cef783b4598edadccb2f158a7,"[""downstream_2500step""]",downstream_2500step,step_000500,raw_auc500,lower,loss_step,686.9819249846041,910.3419068260027,0.7137278049995075,911.0556346310022,,,
openpangu,gsm8k,powerlaw_global_a06,123,openpangu__gsm8k__qv__powerlaw_global_a06__s123__n2500,ee92014287e446325d019aa162c3ba3039ddb958fdb191871aa4292405141430,13e4f1dfe42d204cc77c41935685e474f27fef8cef783b4598edadccb2f158a7,"[""downstream_2500step""]",downstream_2500step,step_002500,exact_match,higher,score,0.6550416982562547,4207.5517875720425,0.7137278049995075,4208.265515377042,14064.175015278,af17ea01cebefad47ca0b7fe2e08dd6c73776310dea8ee130dc86119b58f43aa,76fa58b8c87868b17b9c021b97ef71aef94d0069dcfc1f57a047ef3bfbf7175c
openpangu,gsm8k,powerlaw_global_a06,123,openpangu__gsm8k__qv__powerlaw_global_a06__s123__n2500,ee92014287e446325d019aa162c3ba3039ddb958fdb191871aa4292405141430,13e4f1dfe42d204cc77c41935685e474f27fef8cef783b4598edadccb2f158a7,"[""downstream_2500step""]",downstream_2500step,step_002500,final_train_loss,lower,loss,1.0679630264639854,4207.5517875720425,0.7137278049995075,4208.265515377042,,,
openpangu,gsm8k,powerlaw_global_a06,1107,openpangu__gsm8k__qv__powerlaw_global_a06__s1107__n2500,077a30e3d9e32875e700fa52dd9e87d6fe4496e096f580ccb7bc2f28c8bae227,0320f0a708df0e569c9aaf8dafce39fc4f97b0fb2675a02af38ab34745bf4919,"[""downstream_2500step""]",downstream_2500step,step_000500,raw_auc500,lower,loss_step,695.0401321388781,807.1899367619982,1.468549003000021,808.6584857649982,,,
openpangu,gsm8k,powerlaw_global_a06,1107,openpangu__gsm8k__qv__powerlaw_global_a06__s1107__n2500,077a30e3d9e32875e700fa52dd9e87d6fe4496e096f580ccb7bc2f28c8bae227,0320f0a708df0e569c9aaf8dafce39fc4f97b0fb2675a02af38ab34745bf4919,"[""downstream_2500step""]",downstream_2500step,step_001500,exact_match,higher,score,0.6611068991660348,2796.0018722020054,1.468549003000021,2797.4704212050056,15271.31259632099,3b2d4dec2a6a1ab7437a3e1a4d202d6f504ebb42314865764adbf4f0990c5187,04afbf098e533ff1448c362e1dc575cde3ac44d44a8f7ca58b0179271450ba51
openpangu,gsm8k,powerlaw_global_a06,1107,openpangu__gsm8k__qv__powerlaw_global_a06__s1107__n2500,077a30e3d9e32875e700fa52dd9e87d6fe4496e096f580ccb7bc2f28c8bae227,0320f0a708df0e569c9aaf8dafce39fc4f97b0fb2675a02af38ab34745bf4919,"[""downstream_2500step""]",downstream_2500step,step_002500,exact_match,higher,score,0.6755117513267627,4490.911542905993,1.468549003000021,4492.380091908993,14558.494649822998,eeeb840ed9999fee2c35bd5390538e918904e2b81a6769a2b4d83daf8ee2cebe,d4090248e9807c1f7b8342e1c17faa43cf60eb18e668c933bffc7d2391cc8853
openpangu,gsm8k,powerlaw_global_a06,1107,openpangu__gsm8k__qv__powerlaw_global_a06__s1107__n2500,077a30e3d9e32875e700fa52dd9e87d6fe4496e096f580ccb7bc2f28c8bae227,0320f0a708df0e569c9aaf8dafce39fc4f97b0fb2675a02af38ab34745bf4919,"[""downstream_2500step""]",downstream_2500step,step_002500,final_train_loss,lower,loss,1.0597341507673264,4490.911542905993,1.468549003000021,4492.380091908993,,,
openpangu,mbpp,iid_matched,42,openpangu__mbpp__qv__iid_matched__s42__n2500,da984dad475c64519b1ada1ddf2617e03d83e05e1536a717c46209fa1de9b5b9,301f75b84236fbb5bfad6e7ce7f658707f75fdb32baff02343d00c19fb0dfa57,"[""downstream_2500step""]",downstream_2500step,step_000500,raw_auc500,lower,loss_step,677.4914405588061,813.6528791448218,0.8132706009782851,814.4661497458001,,,
openpangu,mbpp,iid_matched,42,openpangu__mbpp__qv__iid_matched__s42__n2500,da984dad475c64519b1ada1ddf2617e03d83e05e1536a717c46209fa1de9b5b9,301f75b84236fbb5bfad6e7ce7f658707f75fdb32baff02343d00c19fb0dfa57,"[""downstream_2500step""]",downstream_2500step,step_002500,final_train_loss,lower,loss,0.09881101176142693,4091.225280185172,0.8132706009782851,4092.03855078615,,,
openpangu,mbpp,iid_matched,123,openpangu__mbpp__qv__iid_matched__s123__n2500,5e6f845bffadabff10386046be2e7b7428810b05628cc72761068d93ef563b6b,be66873bcc36cc48c74d2a40aed8d89caeefad011a6133c4446060a958ff4c9d,"[""downstream_2500step""]",downstream_2500step,step_000500,raw_auc500,lower,loss_step,683.152432333678,812.8535996446735,0.8910072050057352,813.7446068496793,,,
openpangu,mbpp,iid_matched,123,openpangu__mbpp__qv__iid_matched__s123__n2500,5e6f845bffadabff10386046be2e7b7428810b05628cc72761068d93ef563b6b,be66873bcc36cc48c74d2a40aed8d89caeefad011a6133c4446060a958ff4c9d,"[""downstream_2500step""]",downstream_2500step,step_002500,final_train_loss,lower,loss,0.11347521608695388,4062.6498075860727,0.8910072050057352,4063.5408147910784,,,
openpangu,mbpp,iid_matched,1107,openpangu__mbpp__qv__iid_matched__s1107__n2500,181d71e4a4c79f74c8b9c2a9463cb78a7d882f7079f7921c9b1c17daa5e67e12,a18212bf0be7dbf8691abe310b1f3d2fc41ed54daf2ca65b7c0779047a8c394a,"[""downstream_2500step""]",downstream_2500step,step_000500,raw_auc500,lower,loss_step,691.2029408849776,820.9844761702407,0.7671791699831374,821.7516553402238,,,
openpangu,mbpp,iid_matched,1107,openpangu__mbpp__qv__iid_matched__s1107__n2500,181d71e4a4c79f74c8b9c2a9463cb78a7d882f7079f7921c9b1c17daa5e67e12,a18212bf0be7dbf8691abe310b1f3d2fc41ed54daf2ca65b7c0779047a8c394a,"[""downstream_2500step""]",downstream_2500step,step_002500,final_train_loss,lower,loss,0.12512091547250748,4073.5308698480367,0.7671791699831374,4074.29804901802,,,
openpangu,mbpp,peft_default,42,openpangu__mbpp__qv__peft_default__s42__n2500,d491c5ff7bc11aa74cdeac09d1519f1b358cba6e12c83b04d408cc0c5c73d843,7e2dc5898868ea154ebb150b1a44c5a237a83f217a7069f56134bb8cc354b7b2,"[""downstream_2500step""]",downstream_2500step,step_000500,raw_auc500,lower,loss_step,709.3533774036914,837.4172819288215,0.347948187001748,837.7652301158232,,,
openpangu,mbpp,peft_default,42,openpangu__mbpp__qv__peft_default__s42__n2500,d491c5ff7bc11aa74cdeac09d1519f1b358cba6e12c83b04d408cc0c5c73d843,7e2dc5898868ea154ebb150b1a44c5a237a83f217a7069f56134bb8cc354b7b2,"[""downstream_2500step""]",downstream_2500step,step_002500,final_train_loss,lower,loss,0.10096781421452761,4222.252981605678,0.347948187001748,4222.600929792679,,,
openpangu,mbpp,peft_default,42,openpangu__mbpp__qv__peft_default__s42__n2500,d491c5ff7bc11aa74cdeac09d1519f1b358cba6e12c83b04d408cc0c5c73d843,7e2dc5898868ea154ebb150b1a44c5a237a83f217a7069f56134bb8cc354b7b2,"[""downstream_2500step""]",downstream_2500step,step_002500,pass_at_1,higher,score,0.16310160427807488,4222.252981605678,0.347948187001748,4222.600929792679,2592.7731311280077,3e8ef0d2986baf40bfce2ed511e95fb7b20872b7245ba520f3d26dce46a78b81,855bd766c9f6469cd42caf70842ab63b01843160083b9bfddc7493802671ce43
openpangu,mbpp,peft_default,123,openpangu__mbpp__qv__peft_default__s123__n2500,bb4e0d84f10b0a35ce06da97ad7da5f5088c9f558aa467d937cc4dba6073b96d,f54bf41c72d92a6f93bf661e63e5877cf43df7be94353a98977c04568e6164e9,"[""downstream_2500step""]",downstream_2500step,step_000500,raw_auc500,lower,loss_step,697.9934715162963,823.2343130898953,0.36756130000867415,823.601874389904,,,
openpangu,mbpp,peft_default,123,openpangu__mbpp__qv__peft_default__s123__n2500,bb4e0d84f10b0a35ce06da97ad7da5f5088c9f558aa467d937cc4dba6073b96d,f54bf41c72d92a6f93bf661e63e5877cf43df7be94353a98977c04568e6164e9,"[""downstream_2500step""]",downstream_2500step,step_002500,final_train_loss,lower,loss,0.1260249661281705,4138.194729464594,0.36756130000867415,4138.562290764603,,,
openpangu,mbpp,peft_default,123,openpangu__mbpp__qv__peft_default__s123__n2500,bb4e0d84f10b0a35ce06da97ad7da5f5088c9f558aa467d937cc4dba6073b96d,f54bf41c72d92a6f93bf661e63e5877cf43df7be94353a98977c04568e6164e9,"[""downstream_2500step""]",downstream_2500step,step_002500,pass_at_1,higher,score,0.21657754010695188,4138.194729464594,0.36756130000867415,4138.562290764603,21.885353576974012,611c8a607ec24213730257598d8b2dd6296ee698bd43a5a48e0e91e0fb20d562,438e9235f3c81ee1ff2a5ca93d5c09efac7f42496d700ad2fa8a843ba8d2ae21
openpangu,mbpp,peft_default,1107,openpangu__mbpp__qv__peft_default__s1107__n2500,c2a19dd50d2665e8d7850bcd105e23f76bb72a39560a7c7be8b7669b6b32808b,7bf90636acf39cca75de5d3806f4dc4172fb6b7dd81478ca39301d4f50d3ebd5,"[""downstream_2500step""]",downstream_2500step,step_000100,pass_at_1,higher,score,0.2727272727272727,165.9433825989836,0.22418060000200057,166.1675631989856,2872.0907958630123,ecd70dd2e9a681a54c97c4be1327e592f55c1c023eb4e3e9f1582890f3006eee,a677d68a7d4f52b01e685bdd31368261b45367c3f5af418ea9e44f58ee7cb728
openpangu,mbpp,peft_default,1107,openpangu__mbpp__qv__peft_default__s1107__n2500,c2a19dd50d2665e8d7850bcd105e23f76bb72a39560a7c7be8b7669b6b32808b,7bf90636acf39cca75de5d3806f4dc4172fb6b7dd81478ca39301d4f50d3ebd5,"[""downstream_2500step""]",downstream_2500step,step_000500,pass_at_1,higher,score,0.2727272727272727,833.9573723259746,0.22418060000200057,834.1815529259766,2861.3559308389667,3af78fbd1d0f4075c51108788032e4bda5c32b6eb58df6b11601fe6fb4366d8e,c8cffa2bf2158832feace4224ddcef687622a77a4345ead14d11ddca93ecfbd8
openpangu,mbpp,peft_default,1107,openpangu__mbpp__qv__peft_default__s1107__n2500,c2a19dd50d2665e8d7850bcd105e23f76bb72a39560a7c7be8b7669b6b32808b,7bf90636acf39cca75de5d3806f4dc4172fb6b7dd81478ca39301d4f50d3ebd5,"[""downstream_2500step""]",downstream_2500step,step_000500,raw_auc500,lower,loss_step,703.4026061967015,833.9573723259746,0.22418060000200057,834.1815529259766,,,
openpangu,mbpp,peft_default,1107,openpangu__mbpp__qv__peft_default__s1107__n2500,c2a19dd50d2665e8d7850bcd105e23f76bb72a39560a7c7be8b7669b6b32808b,7bf90636acf39cca75de5d3806f4dc4172fb6b7dd81478ca39301d4f50d3ebd5,"[""downstream_2500step""]",downstream_2500step,step_001500,pass_at_1,higher,score,0.19518716577540107,2500.3591260239627,0.22418060000200057,2500.5833066239647,2946.0121202960145,fb38662b7a33c4f4fdf76e6697d4da17c23ad50d1e813e5c35e3947a0448af1a,02acc3980d16a0d1c4b7c6c9bbb4bc42d0751704e02faee5012938c7e1018f73
openpangu,mbpp,peft_default,1107,openpangu__mbpp__qv__peft_default__s1107__n2500,c2a19dd50d2665e8d7850bcd105e23f76bb72a39560a7c7be8b7669b6b32808b,7bf90636acf39cca75de5d3806f4dc4172fb6b7dd81478ca39301d4f50d3ebd5,"[""downstream_2500step""]",downstream_2500step,step_002500,final_train_loss,lower,loss,0.1319414647296071,4158.361496099969,0.22418060000200057,4158.585676699971,,,
openpangu,mbpp,peft_default,1107,openpangu__mbpp__qv__peft_default__s1107__n2500,c2a19dd50d2665e8d7850bcd105e23f76bb72a39560a7c7be8b7669b6b32808b,7bf90636acf39cca75de5d3806f4dc4172fb6b7dd81478ca39301d4f50d3ebd5,"[""downstream_2500step""]",downstream_2500step,step_002500,pass_at_1,higher,score,0.1925133689839572,4158.361496099969,0.22418060000200057,4158.585676699971,34.30949163300102,fa1879dd0cb1d3b770d6893fb709c7aedc84313f47015ddfde07f18fb8c1470e,968495c8c49d1837ebc4010db8689092298bd7be40e8b68d78db10362a0d21d7
openpangu,mbpp,powerlaw_global_a06,42,openpangu__mbpp__qv__powerlaw_global_a06__s42__n2500,6e637cd99a716ffb19ff4b0306381832f78a3bf4776e556ef3b9d1ee180cae62,00035bd37e2073ebcc54f7a01c46925e43096e38da33eb8f27c4b72a0decfde9,"[""downstream_2500step""]",downstream_2500step,step_000500,raw_auc500,lower,loss_step,691.5956868045032,843.1557251689665,0.545118996000383,843.7008441649668,,,
openpangu,mbpp,powerlaw_global_a06,42,openpangu__mbpp__qv__powerlaw_global_a06__s42__n2500,6e637cd99a716ffb19ff4b0306381832f78a3bf4776e556ef3b9d1ee180cae62,00035bd37e2073ebcc54f7a01c46925e43096e38da33eb8f27c4b72a0decfde9,"[""downstream_2500step""]",downstream_2500step,step_002500,final_train_loss,lower,loss,0.09947715001180768,4098.298371709723,0.545118996000383,4098.8434907057235,,,
openpangu,mbpp,powerlaw_global_a06,42,openpangu__mbpp__qv__powerlaw_global_a06__s42__n2500,6e637cd99a716ffb19ff4b0306381832f78a3bf4776e556ef3b9d1ee180cae62,00035bd37e2073ebcc54f7a01c46925e43096e38da33eb8f27c4b72a0decfde9,"[""downstream_2500step""]",downstream_2500step,step_002500,pass_at_1,higher,score,0.21657754010695188,4098.298371709723,0.545118996000383,4098.8434907057235,2610.208381212011,1164e7816aec25617efc0a2785210aa8b23a98a08e11c53d9e17ae4012280ab3,c147c70dde5c610a0ca19ef4abd1034ac0aadae9016bed1d9103e53ba60c8fc0
openpangu,mbpp,powerlaw_global_a06,123,openpangu__mbpp__qv__powerlaw_global_a06__s123__n2500,ec6b65868ef9897a9173d2ca0f99e42c0962bfe52525e6c97dfb54fe87deda1d,0e881329bedc9cf6704a2db28381be41c8e98e649b538524deb2ab9651b42111,"[""downstream_2500step""]",downstream_2500step,step_000500,raw_auc500,lower,loss_step,681.9174031317234,829.2524773250043,0.5768702040077187,829.829347529012,,,
openpangu,mbpp,powerlaw_global_a06,123,openpangu__mbpp__qv__powerlaw_global_a06__s123__n2500,ec6b65868ef9897a9173d2ca0f99e42c0962bfe52525e6c97dfb54fe87deda1d,0e881329bedc9cf6704a2db28381be41c8e98e649b538524deb2ab9651b42111,"[""downstream_2500step""]",downstream_2500step,step_002500,final_train_loss,lower,loss,0.1151706874370575,4174.074559232147,0.5768702040077187,4174.651429436155,,,
openpangu,mbpp,powerlaw_global_a06,123,openpangu__mbpp__qv__powerlaw_global_a06__s123__n2500,ec6b65868ef9897a9173d2ca0f99e42c0962bfe52525e6c97dfb54fe87deda1d,0e881329bedc9cf6704a2db28381be41c8e98e649b538524deb2ab9651b42111,"[""downstream_2500step""]",downstream_2500step,step_002500,pass_at_1,higher,score,0.18449197860962566,4174.074559232147,0.5768702040077187,4174.651429436155,3053.1930589340045,edcdc5e12816996e94adf1b6cac61e1c48feb33bde02faf7b3a70dbab09848a4,69e85f5d857f8c0599ce31c566f942ea1f5bb25f49b7729e1497a391e6a453c2
openpangu,mbpp,powerlaw_global_a06,1107,openpangu__mbpp__qv__powerlaw_global_a06__s1107__n2500,44f8414c99ceff8d11ddd033d7f26467966c67f7cc8c8b3e7602e67d0347c092,318025e0e81b49c55de67136c64c90c005bff866d86aaa2bcb41e92e90743983,"[""downstream_2500step""]",downstream_2500step,step_000100,pass_at_1,higher,score,0.28609625668449196,167.79232996996143,0.5986322920070961,168.39096226196853,2823.133225613041,9f702525f8a70609bd43d1d817a8cad815393dff9e785498817c2e6a710a8c93,4df79855a92560b5419ee2ddfb6c62f102ee7ab648d2bb1a695fc2e2b92b6008
openpangu,mbpp,powerlaw_global_a06,1107,openpangu__mbpp__qv__powerlaw_global_a06__s1107__n2500,44f8414c99ceff8d11ddd033d7f26467966c67f7cc8c8b3e7602e67d0347c092,318025e0e81b49c55de67136c64c90c005bff866d86aaa2bcb41e92e90743983,"[""downstream_2500step""]",downstream_2500step,step_000500,pass_at_1,higher,score,0.2700534759358289,827.0195290673,0.5986322920070961,827.6181613593071,2854.326629360032,02af6acb1259bfbdbb10017200ee5e5de9ce490b16ed30782bfaf8c948540855,ef89331f5b859de7af035847bdeca66e0fc778820d7e5ec0278417a26f2e0851
openpangu,mbpp,powerlaw_global_a06,1107,openpangu__mbpp__qv__powerlaw_global_a06__s1107__n2500,44f8414c99ceff8d11ddd033d7f26467966c67f7cc8c8b3e7602e67d0347c092,318025e0e81b49c55de67136c64c90c005bff866d86aaa2bcb41e92e90743983,"[""downstream_2500step""]",downstream_2500step,step_000500,raw_auc500,lower,loss_step,686.9177938122302,827.0195290673,0.5986322920070961,827.6181613593071,,,
openpangu,mbpp,powerlaw_global_a06,1107,openpangu__mbpp__qv__powerlaw_global_a06__s1107__n2500,44f8414c99ceff8d11ddd033d7f26467966c67f7cc8c8b3e7602e67d0347c092,318025e0e81b49c55de67136c64c90c005bff866d86aaa2bcb41e92e90743983,"[""downstream_2500step""]",downstream_2500step,step_001500,pass_at_1,higher,score,0.22192513368983957,2498.920367396975,0.5986322920070961,2499.518999688982,2805.6911797329667,7252441c7c0e4cb2725f990e8d74f99c50f07b7aa33bd280988c72f0b806b393,1902838a6ee9e73be209d4f8c311e42fe280dcb031ac2e76aea2e5f3f8b5c69d
openpangu,mbpp,powerlaw_global_a06,1107,openpangu__mbpp__qv__powerlaw_global_a06__s1107__n2500,44f8414c99ceff8d11ddd033d7f26467966c67f7cc8c8b3e7602e67d0347c092,318025e0e81b49c55de67136c64c90c005bff866d86aaa2bcb41e92e90743983,"[""downstream_2500step""]",downstream_2500step,step_002500,final_train_loss,lower,loss,0.12545330822467804,4154.962491326165,0.5986322920070961,4155.561123618172,,,
openpangu,mbpp,powerlaw_global_a06,1107,openpangu__mbpp__qv__powerlaw_global_a06__s1107__n2500,44f8414c99ceff8d11ddd033d7f26467966c67f7cc8c8b3e7602e67d0347c092,318025e0e81b49c55de67136c64c90c005bff866d86aaa2bcb41e92e90743983,"[""downstream_2500step""]",downstream_2500step,step_002500,pass_at_1,higher,score,0.24064171122994651,4154.962491326165,0.5986322920070961,4155.561123618172,2699.9298700630025,9a3807e7ee013cf46eeb025c3588dc79a72bf4730918929bc133a2074e156858,18365e1f3cff82c6933f94e2769bd4f37c6ba3c37b442ccd4b95f1de329ac502
openpangu,sharegpt,iid_matched,42,openpangu__sharegpt__qv__iid_matched__s42__n2500,d7f6779c20e10df691015687a2c4da533200f6391db563d47d91290013808127,83a825edda8e7cf1415e473531a40283a30e934cb34abd8621fa65d7c450e423,"[""downstream_2500step""]",downstream_2500step,step_000500,raw_auc500,lower,loss_step,710.5151397325099,786.1076369587972,0.6343919990176801,786.7420289578149,,,
openpangu,sharegpt,iid_matched,42,openpangu__sharegpt__qv__iid_matched__s42__n2500,d7f6779c20e10df691015687a2c4da533200f6391db563d47d91290013808127,83a825edda8e7cf1415e473531a40283a30e934cb34abd8621fa65d7c450e423,"[""downstream_2500step""]",downstream_2500step,step_002500,final_train_loss,lower,loss,0.8206335604190826,3935.644337030797,0.6343919990176801,3936.2787290298147,,,
openpangu,sharegpt,iid_matched,123,openpangu__sharegpt__qv__iid_matched__s123__n2500,46e2ad200bd316a8e7693f188315b7cd86272c95ae8479ac048a99e574494cd5,202573572ecc1862eede7a614422e1c6971b972a01305111584c93c88ea14b18,"[""downstream_2500step""]",downstream_2500step,step_000500,raw_auc500,lower,loss_step,713.4120789840817,790.1227361020283,0.6758855980006047,790.7986217000289,,,
openpangu,sharegpt,iid_matched,123,openpangu__sharegpt__qv__iid_matched__s123__n2500,46e2ad200bd316a8e7693f188315b7cd86272c95ae8479ac048a99e574494cd5,202573572ecc1862eede7a614422e1c6971b972a01305111584c93c88ea14b18,"[""downstream_2500step""]",downstream_2500step,step_002500,final_train_loss,lower,loss,1.4269234091043472,3929.2937068211904,0.6758855980006047,3929.969592419191,,,
openpangu,sharegpt,iid_matched,1107,openpangu__sharegpt__qv__iid_matched__s1107__n2500,4354692c99a463ece65281c316f62d02a55249db97376113dee8d43816e8ac2b,b13318402f432b77e98958875369e7588849a3cc52242e60e0b0cf773b2ebae9,"[""downstream_2500step""]",downstream_2500step,step_000500,raw_auc500,lower,loss_step,722.0140389241278,784.6581772705831,0.7009749940189067,785.359152264602,,,
openpangu,sharegpt,iid_matched,1107,openpangu__sharegpt__qv__iid_matched__s1107__n2500,4354692c99a463ece65281c316f62d02a55249db97376113dee8d43816e8ac2b,b13318402f432b77e98958875369e7588849a3cc52242e60e0b0cf773b2ebae9,"[""downstream_2500step""]",downstream_2500step,step_002500,final_train_loss,lower,loss,1.3815981894731522,3928.9928653106326,0.7009749940189067,3929.6938403046515,,,
openpangu,sharegpt,peft_default,42,openpangu__sharegpt__qv__peft_default__s42__n2500,0f9c9e482f332fd83dba99df4323c48c19b2ee644a13d3a20021a8234326ca25,47955e32220e93e0bfb2004d74036f2d87525c39661b82630c81fb8022e43bbb,"[""downstream_2500step""]",downstream_2500step,step_000500,raw_auc500,lower,loss_step,727.529932115227,778.7619992418258,0.2034773000050336,778.9654765418309,,,
openpangu,sharegpt,peft_default,42,openpangu__sharegpt__qv__peft_default__s42__n2500,0f9c9e482f332fd83dba99df4323c48c19b2ee644a13d3a20021a8234326ca25,47955e32220e93e0bfb2004d74036f2d87525c39661b82630c81fb8022e43bbb,"[""downstream_2500step""]",downstream_2500step,step_002500,final_train_loss,lower,loss,0.8277228027582169,3984.2838256029063,0.2034773000050336,3984.4873029029113,,,
openpangu,sharegpt,peft_default,42,openpangu__sharegpt__qv__peft_default__s42__n2500,0f9c9e482f332fd83dba99df4323c48c19b2ee644a13d3a20021a8234326ca25,47955e32220e93e0bfb2004d74036f2d87525c39661b82630c81fb8022e43bbb,"[""downstream_2500step""]",downstream_2500step,step_002500,heldout_nll,lower,score,1.1963481778705178,3984.2838256029063,0.2034773000050336,3984.4873029029113,3678.628668906007,4e3c274c796ba68e5857e47d6e41420105ccf1e8a06728c73bf292e6e7849fcc,820432fec784467e5399c40fb1da3f8d533f6fdd825de2f03cf1fd96ea17ee47
openpangu,sharegpt,peft_default,42,openpangu__sharegpt__qv__peft_default__s42__n2500,0f9c9e482f332fd83dba99df4323c48c19b2ee644a13d3a20021a8234326ca25,47955e32220e93e0bfb2004d74036f2d87525c39661b82630c81fb8022e43bbb,"[""downstream_2500step""]",downstream_2500step,step_002500,prometheus_absolute_score,higher,score,1.81,3984.2838256029063,0.2034773000050336,3984.4873029029113,3678.628668906007,4e3c274c796ba68e5857e47d6e41420105ccf1e8a06728c73bf292e6e7849fcc,820432fec784467e5399c40fb1da3f8d533f6fdd825de2f03cf1fd96ea17ee47
openpangu,sharegpt,peft_default,42,openpangu__sharegpt__qv__peft_default__s42__n2500,0f9c9e482f332fd83dba99df4323c48c19b2ee644a13d3a20021a8234326ca25,47955e32220e93e0bfb2004d74036f2d87525c39661b82630c81fb8022e43bbb,"[""downstream_2500step""]",downstream_2500step,step_002500,prometheus_judged_samples,higher,score,200.0,3984.2838256029063,0.2034773000050336,3984.4873029029113,3678.628668906007,4e3c274c796ba68e5857e47d6e41420105ccf1e8a06728c73bf292e6e7849fcc,820432fec784467e5399c40fb1da3f8d533f6fdd825de2f03cf1fd96ea17ee47
openpangu,sharegpt,peft_default,42,openpangu__sharegpt__qv__peft_default__s42__n2500,0f9c9e482f332fd83dba99df4323c48c19b2ee644a13d3a20021a8234326ca25,47955e32220e93e0bfb2004d74036f2d87525c39661b82630c81fb8022e43bbb,"[""downstream_2500step""]",downstream_2500step,step_002500,prometheus_unjudgeable_samples,higher,score,0.0,3984.2838256029063,0.2034773000050336,3984.4873029029113,3678.628668906007,4e3c274c796ba68e5857e47d6e41420105ccf1e8a06728c73bf292e6e7849fcc,820432fec784467e5399c40fb1da3f8d533f6fdd825de2f03cf1fd96ea17ee47
openpangu,sharegpt,peft_default,123,openpangu__sharegpt__qv__peft_default__s123__n2500,21d3cf4e606aa27a69baa96beb35da9d383f87d5e288f83006ac5e9474e995f1,5a4bdcd25d66217fb2b543a3bcb571e922c49d467656e5eb03a8a1905cb0d6f5,"[""downstream_2500step""]",downstream_2500step,step_000500,raw_auc500,lower,loss_step,723.4912674799562,777.5612039439802,0.3166198980034096,777.8778238419836,,,
openpangu,sharegpt,peft_default,123,openpangu__sharegpt__qv__peft_default__s123__n2500,21d3cf4e606aa27a69baa96beb35da9d383f87d5e288f83006ac5e9474e995f1,5a4bdcd25d66217fb2b543a3bcb571e922c49d467656e5eb03a8a1905cb0d6f5,"[""downstream_2500step""]",downstream_2500step,step_002500,final_train_loss,lower,loss,1.4407464563846588,3893.6469741950714,0.3166198980034096,3893.963594093075,,,
openpangu,sharegpt,peft_default,123,openpangu__sharegpt__qv__peft_default__s123__n2500,21d3cf4e606aa27a69baa96beb35da9d383f87d5e288f83006ac5e9474e995f1,5a4bdcd25d66217fb2b543a3bcb571e922c49d467656e5eb03a8a1905cb0d6f5,"[""downstream_2500step""]",downstream_2500step,step_002500,heldout_nll,lower,score,1.2003153503036637,3893.6469741950714,0.3166198980034096,3893.963594093075,3080.4586834950023,cec05a318d98cf246838891a2e313c87f73c62c9c4aafa56b848a0cae2bae42f,c42d4801ebe246b5b3d1b571ef716052703476951f7b06a69822e101af7fade8
openpangu,sharegpt,peft_default,123,openpangu__sharegpt__qv__peft_default__s123__n2500,21d3cf4e606aa27a69baa96beb35da9d383f87d5e288f83006ac5e9474e995f1,5a4bdcd25d66217fb2b543a3bcb571e922c49d467656e5eb03a8a1905cb0d6f5,"[""downstream_2500step""]",downstream_2500step,step_002500,prometheus_absolute_score,higher,score,1.715,3893.6469741950714,0.3166198980034096,3893.963594093075,3080.4586834950023,cec05a318d98cf246838891a2e313c87f73c62c9c4aafa56b848a0cae2bae42f,c42d4801ebe246b5b3d1b571ef716052703476951f7b06a69822e101af7fade8
openpangu,sharegpt,peft_default,123,openpangu__sharegpt__qv__peft_default__s123__n2500,21d3cf4e606aa27a69baa96beb35da9d383f87d5e288f83006ac5e9474e995f1,5a4bdcd25d66217fb2b543a3bcb571e922c49d467656e5eb03a8a1905cb0d6f5,"[""downstream_2500step""]",downstream_2500step,step_002500,prometheus_judged_samples,higher,score,200.0,3893.6469741950714,0.3166198980034096,3893.963594093075,3080.4586834950023,cec05a318d98cf246838891a2e313c87f73c62c9c4aafa56b848a0cae2bae42f,c42d4801ebe246b5b3d1b571ef716052703476951f7b06a69822e101af7fade8
openpangu,sharegpt,peft_default,123,openpangu__sharegpt__qv__peft_default__s123__n2500,21d3cf4e606aa27a69baa96beb35da9d383f87d5e288f83006ac5e9474e995f1,5a4bdcd25d66217fb2b543a3bcb571e922c49d467656e5eb03a8a1905cb0d6f5,"[""downstream_2500step""]",downstream_2500step,step_002500,prometheus_unjudgeable_samples,higher,score,0.0,3893.6469741950714,0.3166198980034096,3893.963594093075,3080.4586834950023,cec05a318d98cf246838891a2e313c87f73c62c9c4aafa56b848a0cae2bae42f,c42d4801ebe246b5b3d1b571ef716052703476951f7b06a69822e101af7fade8
openpangu,sharegpt,peft_default,1107,openpangu__sharegpt__qv__peft_default__s1107__n2500,71557c61a16ad7c75f7fb6479b7a097bd4187366bd0f1a79715b648ddffe8c73,59e2dd41c9c7b2b79edfb25b186cb900d93dcf4ba876154a37960969bdba844f,"[""downstream_2500step""]",downstream_2500step,step_000500,raw_auc500,lower,loss_step,732.003179397434,778.9700935270303,0.3251458000013372,779.2952393270316,,,
openpangu,sharegpt,peft_default,1107,openpangu__sharegpt__qv__peft_default__s1107__n2500,71557c61a16ad7c75f7fb6479b7a097bd4187366bd0f1a79715b648ddffe8c73,59e2dd41c9c7b2b79edfb25b186cb900d93dcf4ba876154a37960969bdba844f,"[""downstream_2500step""]",downstream_2500step,step_002500,final_train_loss,lower,loss,1.3895593583583832,3895.9044218801573,0.3251458000013372,3896.2295676801587,,,
openpangu,sharegpt,peft_default,1107,openpangu__sharegpt__qv__peft_default__s1107__n2500,71557c61a16ad7c75f7fb6479b7a097bd4187366bd0f1a79715b648ddffe8c73,59e2dd41c9c7b2b79edfb25b186cb900d93dcf4ba876154a37960969bdba844f,"[""downstream_2500step""]",downstream_2500step,step_002500,heldout_nll,lower,score,1.1947642882071734,3895.9044218801573,0.3251458000013372,3896.2295676801587,7280.004505564997,2fef1b86b9b30b4e93f7366c8c3dd05789ccc1eb1c826185ba7a9684f2742629,b2e1bafbe1aa2407e994b0105410c8c4dfdbdafc9b4dfd6758fa0256d2b529a0
openpangu,sharegpt,peft_default,1107,openpangu__sharegpt__qv__peft_default__s1107__n2500,71557c61a16ad7c75f7fb6479b7a097bd4187366bd0f1a79715b648ddffe8c73,59e2dd41c9c7b2b79edfb25b186cb900d93dcf4ba876154a37960969bdba844f,"[""downstream_2500step""]",downstream_2500step,step_002500,prometheus_absolute_score,higher,score,1.605,3895.9044218801573,0.3251458000013372,3896.2295676801587,7280.004505564997,2fef1b86b9b30b4e93f7366c8c3dd05789ccc1eb1c826185ba7a9684f2742629,b2e1bafbe1aa2407e994b0105410c8c4dfdbdafc9b4dfd6758fa0256d2b529a0
openpangu,sharegpt,peft_default,1107,openpangu__sharegpt__qv__peft_default__s1107__n2500,71557c61a16ad7c75f7fb6479b7a097bd4187366bd0f1a79715b648ddffe8c73,59e2dd41c9c7b2b79edfb25b186cb900d93dcf4ba876154a37960969bdba844f,"[""downstream_2500step""]",downstream_2500step,step_002500,prometheus_judged_samples,higher,score,200.0,3895.9044218801573,0.3251458000013372,3896.2295676801587,7280.004505564997,2fef1b86b9b30b4e93f7366c8c3dd05789ccc1eb1c826185ba7a9684f2742629,b2e1bafbe1aa2407e994b0105410c8c4dfdbdafc9b4dfd6758fa0256d2b529a0
openpangu,sharegpt,peft_default,1107,openpangu__sharegpt__qv__peft_default__s1107__n2500,71557c61a16ad7c75f7fb6479b7a097bd4187366bd0f1a79715b648ddffe8c73,59e2dd41c9c7b2b79edfb25b186cb900d93dcf4ba876154a37960969bdba844f,"[""downstream_2500step""]",downstream_2500step,step_002500,prometheus_unjudgeable_samples,higher,score,0.0,3895.9044218801573,0.3251458000013372,3896.2295676801587,7280.004505564997,2fef1b86b9b30b4e93f7366c8c3dd05789ccc1eb1c826185ba7a9684f2742629,b2e1bafbe1aa2407e994b0105410c8c4dfdbdafc9b4dfd6758fa0256d2b529a0
openpangu,sharegpt,powerlaw_global_a06,42,openpangu__sharegpt__qv__powerlaw_global_a06__s42__n2500,2faae1bddaec761efd37b07339fce081387c2308a0fe6e2f648dee74e2582887,d2fd82a21d880fc45b548b2c6ff8891a950c44be9bfa444b6b02c19243f0e124,"[""downstream_2500step""]",downstream_2500step,step_000500,raw_auc500,lower,loss_step,713.6388376317918,796.9674211869278,0.5807328939990839,797.5481540809269,,,
openpangu,sharegpt,powerlaw_global_a06,42,openpangu__sharegpt__qv__powerlaw_global_a06__s42__n2500,2faae1bddaec761efd37b07339fce081387c2308a0fe6e2f648dee74e2582887,d2fd82a21d880fc45b548b2c6ff8891a950c44be9bfa444b6b02c19243f0e124,"[""downstream_2500step""]",downstream_2500step,step_002500,final_train_loss,lower,loss,0.8102511316537857,3997.557220740855,0.5807328939990839,3998.137953634854,,,
openpangu,sharegpt,powerlaw_global_a06,42,openpangu__sharegpt__qv__powerlaw_global_a06__s42__n2500,2faae1bddaec761efd37b07339fce081387c2308a0fe6e2f648dee74e2582887,d2fd82a21d880fc45b548b2c6ff8891a950c44be9bfa444b6b02c19243f0e124,"[""downstream_2500step""]",downstream_2500step,step_002500,heldout_nll,lower,score,1.1878001527115856,3997.557220740855,0.5807328939990839,3998.137953634854,3416.0106770239654,54b5bda0be2df0430ec31caa7afd716e33091f13a73afb34057549ac1e32c8bc,9c0f077e92c9aa65a0659680b12f1dd940902eda1d35b206e817ceda0ac6af4f
openpangu,sharegpt,powerlaw_global_a06,42,openpangu__sharegpt__qv__powerlaw_global_a06__s42__n2500,2faae1bddaec761efd37b07339fce081387c2308a0fe6e2f648dee74e2582887,d2fd82a21d880fc45b548b2c6ff8891a950c44be9bfa444b6b02c19243f0e124,"[""downstream_2500step""]",downstream_2500step,step_002500,prometheus_absolute_score,higher,score,1.635,3997.557220740855,0.5807328939990839,3998.137953634854,3416.0106770239654,54b5bda0be2df0430ec31caa7afd716e33091f13a73afb34057549ac1e32c8bc,9c0f077e92c9aa65a0659680b12f1dd940902eda1d35b206e817ceda0ac6af4f
openpangu,sharegpt,powerlaw_global_a06,42,openpangu__sharegpt__qv__powerlaw_global_a06__s42__n2500,2faae1bddaec761efd37b07339fce081387c2308a0fe6e2f648dee74e2582887,d2fd82a21d880fc45b548b2c6ff8891a950c44be9bfa444b6b02c19243f0e124,"[""downstream_2500step""]",downstream_2500step,step_002500,prometheus_judged_samples,higher,score,200.0,3997.557220740855,0.5807328939990839,3998.137953634854,3416.0106770239654,54b5bda0be2df0430ec31caa7afd716e33091f13a73afb34057549ac1e32c8bc,9c0f077e92c9aa65a0659680b12f1dd940902eda1d35b206e817ceda0ac6af4f
openpangu,sharegpt,powerlaw_global_a06,42,openpangu__sharegpt__qv__powerlaw_global_a06__s42__n2500,2faae1bddaec761efd37b07339fce081387c2308a0fe6e2f648dee74e2582887,d2fd82a21d880fc45b548b2c6ff8891a950c44be9bfa444b6b02c19243f0e124,"[""downstream_2500step""]",downstream_2500step,step_002500,prometheus_unjudgeable_samples,higher,score,0.0,3997.557220740855,0.5807328939990839,3998.137953634854,3416.0106770239654,54b5bda0be2df0430ec31caa7afd716e33091f13a73afb34057549ac1e32c8bc,9c0f077e92c9aa65a0659680b12f1dd940902eda1d35b206e817ceda0ac6af4f
openpangu,sharegpt,powerlaw_global_a06,123,openpangu__sharegpt__qv__powerlaw_global_a06__s123__n2500,1393ba34b629d90571bae1a60cded69912fab6e3c599a546b8d790672983a54c,d7364e7d266e41a1351e8afaa70a8fa2442f66d22a3d07439083f41279e243dd,"[""downstream_2500step""]",downstream_2500step,step_000500,raw_auc500,lower,loss_step,710.2338837571442,817.2873728379273,0.5471654969951487,817.8345383349224,,,
openpangu,sharegpt,powerlaw_global_a06,123,openpangu__sharegpt__qv__powerlaw_global_a06__s123__n2500,1393ba34b629d90571bae1a60cded69912fab6e3c599a546b8d790672983a54c,d7364e7d266e41a1351e8afaa70a8fa2442f66d22a3d07439083f41279e243dd,"[""downstream_2500step""]",downstream_2500step,step_002500,final_train_loss,lower,loss,1.4236613884568214,4061.0050886317767,0.5471654969951487,4061.552254128772,,,
openpangu,sharegpt,powerlaw_global_a06,123,openpangu__sharegpt__qv__powerlaw_global_a06__s123__n2500,1393ba34b629d90571bae1a60cded69912fab6e3c599a546b8d790672983a54c,d7364e7d266e41a1351e8afaa70a8fa2442f66d22a3d07439083f41279e243dd,"[""downstream_2500step""]",downstream_2500step,step_002500,heldout_nll,lower,score,1.1954979527978165,4061.0050886317767,0.5471654969951487,4061.552254128772,3262.31563900903,7978f0807e07f76b4c2ed6bb5631603d9830f1c5112fc549775efeaed1ddcb7c,f3d5e3e3f18e6a209d45e3146e01b39fa86ae29006e6f072a052fb590557cc7a
openpangu,sharegpt,powerlaw_global_a06,123,openpangu__sharegpt__qv__powerlaw_global_a06__s123__n2500,1393ba34b629d90571bae1a60cded69912fab6e3c599a546b8d790672983a54c,d7364e7d266e41a1351e8afaa70a8fa2442f66d22a3d07439083f41279e243dd,"[""downstream_2500step""]",downstream_2500step,step_002500,prometheus_absolute_score,higher,score,1.575,4061.0050886317767,0.5471654969951487,4061.552254128772,3262.31563900903,7978f0807e07f76b4c2ed6bb5631603d9830f1c5112fc549775efeaed1ddcb7c,f3d5e3e3f18e6a209d45e3146e01b39fa86ae29006e6f072a052fb590557cc7a
openpangu,sharegpt,powerlaw_global_a06,123,openpangu__sharegpt__qv__powerlaw_global_a06__s123__n2500,1393ba34b629d90571bae1a60cded69912fab6e3c599a546b8d790672983a54c,d7364e7d266e41a1351e8afaa70a8fa2442f66d22a3d07439083f41279e243dd,"[""downstream_2500step""]",downstream_2500step,step_002500,prometheus_judged_samples,higher,score,200.0,4061.0050886317767,0.5471654969951487,4061.552254128772,3262.31563900903,7978f0807e07f76b4c2ed6bb5631603d9830f1c5112fc549775efeaed1ddcb7c,f3d5e3e3f18e6a209d45e3146e01b39fa86ae29006e6f072a052fb590557cc7a
openpangu,sharegpt,powerlaw_global_a06,123,openpangu__sharegpt__qv__powerlaw_global_a06__s123__n2500,1393ba34b629d90571bae1a60cded69912fab6e3c599a546b8d790672983a54c,d7364e7d266e41a1351e8afaa70a8fa2442f66d22a3d07439083f41279e243dd,"[""downstream_2500step""]",downstream_2500step,step_002500,prometheus_unjudgeable_samples,higher,score,0.0,4061.0050886317767,0.5471654969951487,4061.552254128772,3262.31563900903,7978f0807e07f76b4c2ed6bb5631603d9830f1c5112fc549775efeaed1ddcb7c,f3d5e3e3f18e6a209d45e3146e01b39fa86ae29006e6f072a052fb590557cc7a
openpangu,sharegpt,powerlaw_global_a06,1107,openpangu__sharegpt__qv__powerlaw_global_a06__s1107__n2500,dd486ca7ebfe8bbe08fa8b5be4ddf2572165462865820addf870a6683fa467ac,26279fa7eb378d4489bf1316f62865277e3d36105658435d42b159a9ec7d76cd,"[""downstream_2500step""]",downstream_2500step,step_000500,raw_auc500,lower,loss_step,722.6885148137808,814.8933022449637,0.6802464010033873,815.5735486459671,,,
openpangu,sharegpt,powerlaw_global_a06,1107,openpangu__sharegpt__qv__powerlaw_global_a06__s1107__n2500,dd486ca7ebfe8bbe08fa8b5be4ddf2572165462865820addf870a6683fa467ac,26279fa7eb378d4489bf1316f62865277e3d36105658435d42b159a9ec7d76cd,"[""downstream_2500step""]",downstream_2500step,step_002500,final_train_loss,lower,loss,1.374922513961792,4008.2136347970736,0.6802464010033873,4008.893881198077,,,
openpangu,sharegpt,powerlaw_global_a06,1107,openpangu__sharegpt__qv__powerlaw_global_a06__s1107__n2500,dd486ca7ebfe8bbe08fa8b5be4ddf2572165462865820addf870a6683fa467ac,26279fa7eb378d4489bf1316f62865277e3d36105658435d42b159a9ec7d76cd,"[""downstream_2500step""]",downstream_2500step,step_002500,heldout_nll,lower,score,1.1870796295217971,4008.2136347970736,0.6802464010033873,4008.893881198077,3438.7349771799927,6bb5ea06501276168de758667bc301bd2ea4ff202ec46fae4d8136cfb24c02d3,a46f5e9b87bc28860a24932811c30ec09020d55e8a6ad65d10e2192eca8578ff
openpangu,sharegpt,powerlaw_global_a06,1107,openpangu__sharegpt__qv__powerlaw_global_a06__s1107__n2500,dd486ca7ebfe8bbe08fa8b5be4ddf2572165462865820addf870a6683fa467ac,26279fa7eb378d4489bf1316f62865277e3d36105658435d42b159a9ec7d76cd,"[""downstream_2500step""]",downstream_2500step,step_002500,prometheus_absolute_score,higher,score,1.695,4008.2136347970736,0.6802464010033873,4008.893881198077,3438.7349771799927,6bb5ea06501276168de758667bc301bd2ea4ff202ec46fae4d8136cfb24c02d3,a46f5e9b87bc28860a24932811c30ec09020d55e8a6ad65d10e2192eca8578ff
openpangu,sharegpt,powerlaw_global_a06,1107,openpangu__sharegpt__qv__powerlaw_global_a06__s1107__n2500,dd486ca7ebfe8bbe08fa8b5be4ddf2572165462865820addf870a6683fa467ac,26279fa7eb378d4489bf1316f62865277e3d36105658435d42b159a9ec7d76cd,"[""downstream_2500step""]",downstream_2500step,step_002500,prometheus_judged_samples,higher,score,200.0,4008.2136347970736,0.6802464010033873,4008.893881198077,3438.7349771799927,6bb5ea06501276168de758667bc301bd2ea4ff202ec46fae4d8136cfb24c02d3,a46f5e9b87bc28860a24932811c30ec09020d55e8a6ad65d10e2192eca8578ff
openpangu,sharegpt,powerlaw_global_a06,1107,openpangu__sharegpt__qv__powerlaw_global_a06__s1107__n2500,dd486ca7ebfe8bbe08fa8b5be4ddf2572165462865820addf870a6683fa467ac,26279fa7eb378d4489bf1316f62865277e3d36105658435d42b159a9ec7d76cd,"[""downstream_2500step""]",downstream_2500step,step_002500,prometheus_unjudgeable_samples,higher,score,0.0,4008.2136347970736,0.6802464010033873,4008.893881198077,3438.7349771799927,6bb5ea06501276168de758667bc301bd2ea4ff202ec46fae4d8136cfb24c02d3,a46f5e9b87bc28860a24932811c30ec09020d55e8a6ad65d10e2192eca8578ff
qwen,cmmlu,iid_matched,42,qwen__cmmlu__qv__iid_matched__s42__n2500,d3db1fbf1198a8c6f1784d9dd94f40f306d46d177673b495682a128502ad69a9,25a2d825cc7c94f91a06584c6a3a3c4920118946ebabcd286e5664cdb2f6b2a8,"[""downstream_2500step""]",downstream_2500step,step_000500,raw_auc500,lower,loss_step,484.10226104035974,702.8849700245482,0.7568057000171393,703.6417757245654,,,
qwen,cmmlu,iid_matched,42,qwen__cmmlu__qv__iid_matched__s42__n2500,d3db1fbf1198a8c6f1784d9dd94f40f306d46d177673b495682a128502ad69a9,25a2d825cc7c94f91a06584c6a3a3c4920118946ebabcd286e5664cdb2f6b2a8,"[""downstream_2500step""]",downstream_2500step,step_002500,final_train_loss,lower,loss,0.18583417311310768,3483.6105883437267,0.7568057000171393,3484.367394043744,,,
qwen,cmmlu,iid_matched,42,qwen__cmmlu__qv__iid_matched__s42__n2500,d3db1fbf1198a8c6f1784d9dd94f40f306d46d177673b495682a128502ad69a9,25a2d825cc7c94f91a06584c6a3a3c4920118946ebabcd286e5664cdb2f6b2a8,"[""downstream_2500step""]",downstream_2500step,step_002500,macro_accuracy,higher,score,0.7656098449052703,3483.6105883437267,0.7568057000171393,3484.367394043744,1909.6795929340005,952393e25fae913c6f4d67facd60748772fb9ace7ac398da061262b435c52ab4,7e4297155faf3663ab7205ff1104fee884a343b27d85d53011cdf7f77b2c756a
qwen,cmmlu,iid_matched,123,qwen__cmmlu__qv__iid_matched__s123__n2500,0ab1a065f000027b6b3ee5e343405e6c4fa02e5d7badc1dd17149c025c0b88a6,c3e095d91e0e999b15caa26861def1832234d242fa4d7670d3a1dd45bc18c0a5,"[""downstream_2500step""]",downstream_2500step,step_000500,raw_auc500,lower,loss_step,478.65406901575625,699.1659870204749,0.659277699975064,699.8252647204499,,,
qwen,cmmlu,iid_matched,123,qwen__cmmlu__qv__iid_matched__s123__n2500,0ab1a065f000027b6b3ee5e343405e6c4fa02e5d7badc1dd17149c025c0b88a6,c3e095d91e0e999b15caa26861def1832234d242fa4d7670d3a1dd45bc18c0a5,"[""downstream_2500step""]",downstream_2500step,step_002500,final_train_loss,lower,loss,0.16420697700232267,3470.6916580441175,0.659277699975064,3471.3509357440926,,,
qwen,cmmlu,iid_matched,123,qwen__cmmlu__qv__iid_matched__s123__n2500,0ab1a065f000027b6b3ee5e343405e6c4fa02e5d7badc1dd17149c025c0b88a6,c3e095d91e0e999b15caa26861def1832234d242fa4d7670d3a1dd45bc18c0a5,"[""downstream_2500step""]",downstream_2500step,step_002500,macro_accuracy,higher,score,0.7642930446417145,3470.6916580441175,0.659277699975064,3471.3509357440926,1908.9240176800013,ffed9b6d29a5d7e560cc0c0c49d672e95f046f439bb19b9136923cb8402a9516,030c67b55b46a238b3bff613471e5a7ad9bc3c120484f792df528b605822c2fc
qwen,cmmlu,iid_matched,1107,qwen__cmmlu__qv__iid_matched__s1107__n2500,ff8d571d111996511be34b6021c9c1ba8a51083478972da232cfdcc89120702d,e76d3024040e7e731d873f01596f85dc10270aa203eccfb4e4b75ea1e7527858,"[""downstream_2500step""]",downstream_2500step,step_000500,raw_auc500,lower,loss_step,476.63647948578,685.1977670099586,0.5731902000261471,685.7709572099848,,,
qwen,cmmlu,iid_matched,1107,qwen__cmmlu__qv__iid_matched__s1107__n2500,ff8d571d111996511be34b6021c9c1ba8a51083478972da232cfdcc89120702d,e76d3024040e7e731d873f01596f85dc10270aa203eccfb4e4b75ea1e7527858,"[""downstream_2500step""]",downstream_2500step,step_002500,final_train_loss,lower,loss,0.1436796672642231,3439.123963052465,0.5731902000261471,3439.6971532524913,,,
qwen,cmmlu,iid_matched,1107,qwen__cmmlu__qv__iid_matched__s1107__n2500,ff8d571d111996511be34b6021c9c1ba8a51083478972da232cfdcc89120702d,e76d3024040e7e731d873f01596f85dc10270aa203eccfb4e4b75ea1e7527858,"[""downstream_2500step""]",downstream_2500step,step_002500,macro_accuracy,higher,score,0.756280691531028,3439.123963052465,0.5731902000261471,3439.6971532524913,1923.1979488039979,bfd9188c09fee944f9c8a1b4ba7511a96d5c371b8fb811cf31654106d6f3660a,d415a7935a82d45366f1cb960e52596be0bfdd6618ebb97893b38a56e2051095
qwen,cmmlu,peft_default,42,qwen__cmmlu__qv__peft_default__s42__n2500,b53dd876d8b973fad232a3dd293ffb1b48fe77c26c6f06a1f432a564ed05ec28,8c0d0a7e18a7cbaf1e7bcf402f97e1c2d3ead516b234c226212c918327820963,"[""baseline_fairness_qwen_table3"", ""downstream_2500step""]",downstream_2500step,step_000500,raw_auc500,lower,loss_step,506.6828713528812,683.6033576409973,0.3202674000058323,683.9236250410031,,,
qwen,cmmlu,peft_default,42,qwen__cmmlu__qv__peft_default__s42__n2500,b53dd876d8b973fad232a3dd293ffb1b48fe77c26c6f06a1f432a564ed05ec28,8c0d0a7e18a7cbaf1e7bcf402f97e1c2d3ead516b234c226212c918327820963,"[""baseline_fairness_qwen_table3"", ""downstream_2500step""]",downstream_2500step,step_002500,final_train_loss,lower,loss,0.18543951399624348,3459.569147769871,0.3202674000058323,3459.889415169877,,,
qwen,cmmlu,peft_default,42,qwen__cmmlu__qv__peft_default__s42__n2500,b53dd876d8b973fad232a3dd293ffb1b48fe77c26c6f06a1f432a564ed05ec28,8c0d0a7e18a7cbaf1e7bcf402f97e1c2d3ead516b234c226212c918327820963,"[""baseline_fairness_qwen_table3"", ""downstream_2500step""]",downstream_2500step,step_002500,macro_accuracy,higher,score,0.7619391235163032,3459.569147769871,0.3202674000058323,3459.889415169877,1912.760894496998,c630e02e96269268dd588d383c348c164ee9161d816e1ee45b9604608ac6a6fb,577d7db1a2640ff07f5d477a309a190ca9210f46dce52f2f669353d89b467d5a
qwen,cmmlu,peft_default,123,qwen__cmmlu__qv__peft_default__s123__n2500,f953014b16896a15acf04f22e34663538d8a0418bd67a0ebea5de0c3d2da1cae,1a86d1ebce62f54f62adad4b1c1d2f6f312f9e40563dd8b327993d822b648001,"[""baseline_fairness_qwen_table3"", ""downstream_2500step""]",downstream_2500step,step_000500,raw_auc500,lower,loss_step,505.89324237406254,683.075747303883,0.3102534000063315,683.3860007038893,,,
qwen,cmmlu,peft_default,123,qwen__cmmlu__qv__peft_default__s123__n2500,f953014b16896a15acf04f22e34663538d8a0418bd67a0ebea5de0c3d2da1cae,1a86d1ebce62f54f62adad4b1c1d2f6f312f9e40563dd8b327993d822b648001,"[""baseline_fairness_qwen_table3"", ""downstream_2500step""]",downstream_2500step,step_002500,final_train_loss,lower,loss,0.21674705669283867,3429.227507627409,0.3102534000063315,3429.5377610274154,,,
qwen,cmmlu,peft_default,123,qwen__cmmlu__qv__peft_default__s123__n2500,f953014b16896a15acf04f22e34663538d8a0418bd67a0ebea5de0c3d2da1cae,1a86d1ebce62f54f62adad4b1c1d2f6f312f9e40563dd8b327993d822b648001,"[""baseline_fairness_qwen_table3"", ""downstream_2500step""]",downstream_2500step,step_002500,macro_accuracy,higher,score,0.7561909784012508,3429.227507627409,0.3102534000063315,3429.5377610274154,1910.2126171050004,cbb3369e11d392780e23a89a125191e17f5af42b18ce8906017e3e0a3804f61c,e4444fb807e6542e3a35d173e43598f17dad8e1c3ab674adef51f5d410ba7989
qwen,cmmlu,peft_default,1107,qwen__cmmlu__qv__peft_default__s1107__n2500,235d28f74daa7f28febb467fcce04b134801f7310a0ce59b397f44a2ea8eeb86,c5b37bbdd2d36c803906d4aedc3d91c9c09395b11698250b7da8b292da7ba53c,"[""baseline_fairness_qwen_table3"", ""downstream_2500step""]",downstream_2500step,step_000500,raw_auc500,lower,loss_step,505.57390726171434,692.7092650020495,0.20776770000520628,692.9170327020547,,,
qwen,cmmlu,peft_default,1107,qwen__cmmlu__qv__peft_default__s1107__n2500,235d28f74daa7f28febb467fcce04b134801f7310a0ce59b397f44a2ea8eeb86,c5b37bbdd2d36c803906d4aedc3d91c9c09395b11698250b7da8b292da7ba53c,"[""baseline_fairness_qwen_table3"", ""downstream_2500step""]",downstream_2500step,step_002500,final_train_loss,lower,loss,0.14399175252765417,3441.8219267822133,0.20776770000520628,3442.0296944822185,,,
qwen,cmmlu,peft_default,1107,qwen__cmmlu__qv__peft_default__s1107__n2500,235d28f74daa7f28febb467fcce04b134801f7310a0ce59b397f44a2ea8eeb86,c5b37bbdd2d36c803906d4aedc3d91c9c09395b11698250b7da8b292da7ba53c,"[""baseline_fairness_qwen_table3"", ""downstream_2500step""]",downstream_2500step,step_002500,macro_accuracy,higher,score,0.7557170147599171,3441.8219267822133,0.20776770000520628,3442.0296944822185,1998.5147459750006,24f0ac0234a35647faf5ef9f40b7483093efb71b185bae3d1b81db9340e27d1e,c42fc86982ea570a0f9e50fbf3f32fb7fd711d6206c0455943efce704821c90b
qwen,cmmlu,powerlaw_global_a06,42,qwen__cmmlu__qv__powerlaw_global_a06__s42__n2500,6517f648ddcc952155e1be5336e9bd27ba79fe306b0cdc81942378706cb9e6aa,5cd3980f2baa69f69d832dbec461e1c9bd983b0c820bb089662cf50194e17608,"[""downstream_2500step""]",downstream_2500step,step_000500,raw_auc500,lower,loss_step,481.71024058386683,686.5797074278962,0.6521005999966292,687.2318080278928,,,
qwen,cmmlu,powerlaw_global_a06,42,qwen__cmmlu__qv__powerlaw_global_a06__s42__n2500,6517f648ddcc952155e1be5336e9bd27ba79fe306b0cdc81942378706cb9e6aa,5cd3980f2baa69f69d832dbec461e1c9bd983b0c820bb089662cf50194e17608,"[""downstream_2500step""]",downstream_2500step,step_002500,final_train_loss,lower,loss,0.18475960940122604,3436.658166956884,0.6521005999966292,3437.3102675568807,,,
qwen,cmmlu,powerlaw_global_a06,42,qwen__cmmlu__qv__powerlaw_global_a06__s42__n2500,6517f648ddcc952155e1be5336e9bd27ba79fe306b0cdc81942378706cb9e6aa,5cd3980f2baa69f69d832dbec461e1c9bd983b0c820bb089662cf50194e17608,"[""downstream_2500step""]",downstream_2500step,step_002500,macro_accuracy,higher,score,0.7698189282344782,3436.658166956884,0.6521005999966292,3437.3102675568807,1920.2849024259995,39ff5c100e80827554577ed1ee3ffa849722be1b0aa45f5c956f79721607ea07,6d4cf5ddf7ac76cec40ba642a235d65f4657efc728a018311962421eeed5a53c
qwen,cmmlu,powerlaw_global_a06,123,qwen__cmmlu__qv__powerlaw_global_a06__s123__n2500,f66ec32512934cae4c2dab56857a121cdea603157bd44217e4297d8155c92837,84468dc0d68b2c79412f32a3df9c0f646b4fb0e3e535c003dc8bb29a65787b85,"[""downstream_2500step""]",downstream_2500step,step_000500,raw_auc500,lower,loss_step,476.15999444015324,689.329632019173,0.6766390920092817,690.0062711111823,,,
qwen,cmmlu,powerlaw_global_a06,123,qwen__cmmlu__qv__powerlaw_global_a06__s123__n2500,f66ec32512934cae4c2dab56857a121cdea603157bd44217e4297d8155c92837,84468dc0d68b2c79412f32a3df9c0f646b4fb0e3e535c003dc8bb29a65787b85,"[""downstream_2500step""]",downstream_2500step,step_002500,final_train_loss,lower,loss,0.17661896161735058,3425.7740198772517,0.6766390920092817,3426.450658969261,,,
qwen,cmmlu,powerlaw_global_a06,123,qwen__cmmlu__qv__powerlaw_global_a06__s123__n2500,f66ec32512934cae4c2dab56857a121cdea603157bd44217e4297d8155c92837,84468dc0d68b2c79412f32a3df9c0f646b4fb0e3e535c003dc8bb29a65787b85,"[""downstream_2500step""]",downstream_2500step,step_002500,macro_accuracy,higher,score,0.7667711204248022,3425.7740198772517,0.6766390920092817,3426.450658969261,1913.1185718550041,90b1e8073c338a795d37d46183718f3c3c8638a72a4f9dbddea6df1218482b57,f3c350f9b259689af3c442135fc7e067a32ccae5893a0e9d67ce64cb16ba7d19
qwen,cmmlu,powerlaw_global_a06,1107,qwen__cmmlu__qv__powerlaw_global_a06__s1107__n2500,d7ab8b6b49fd90131f6c3f504fd5ac6d208786e729107b6953c659b05806460b,5f2483bb234d0d5a69b5da3034e37a78766a0aa2b42818fd0c4e5280378c8e7d,"[""downstream_2500step""]",downstream_2500step,step_000500,raw_auc500,lower,loss_step,475.7196907773614,684.8655862360902,0.5791650999890408,685.4447513360792,,,
qwen,cmmlu,powerlaw_global_a06,1107,qwen__cmmlu__qv__powerlaw_global_a06__s1107__n2500,d7ab8b6b49fd90131f6c3f504fd5ac6d208786e729107b6953c659b05806460b,5f2483bb234d0d5a69b5da3034e37a78766a0aa2b42818fd0c4e5280378c8e7d,"[""downstream_2500step""]",downstream_2500step,step_002500,final_train_loss,lower,loss,0.14451302494853735,3434.933366458863,0.5791650999890408,3435.512531558852,,,
qwen,cmmlu,powerlaw_global_a06,1107,qwen__cmmlu__qv__powerlaw_global_a06__s1107__n2500,d7ab8b6b49fd90131f6c3f504fd5ac6d208786e729107b6953c659b05806460b,5f2483bb234d0d5a69b5da3034e37a78766a0aa2b42818fd0c4e5280378c8e7d,"[""downstream_2500step""]",downstream_2500step,step_002500,macro_accuracy,higher,score,0.7676835344402088,3434.933366458863,0.5791650999890408,3435.512531558852,1911.7843056569982,bd8a87c50954a6c7ea60cf8e7341f7435a977a4f9d39a8fb5ae9cdf8dc136234,763c9c2a2f56ac50ddbf566d87a1d2f75760ad78e27e54028ee3657fa3dbe1f3
qwen,gsm8k,peft_default,42,qwen__gsm8k__qv__peft_default__s42__n2500,c40703a933ff1d202d29fe6f950fbe6602ff21a105fcaa6d4ce3426023161d4e,3ba506c5500c37dca17c19ad94be15974d93b9360f9a5fc3b4ed8fce890011d1,"[""downstream_2500step""]",downstream_2500step,step_000500,raw_auc500,lower,loss_step,95.32133001484908,684.9693421880074,0.17167539699585177,685.1410175850033,,,
qwen,gsm8k,peft_default,42,qwen__gsm8k__qv__peft_default__s42__n2500,c40703a933ff1d202d29fe6f950fbe6602ff21a105fcaa6d4ce3426023161d4e,3ba506c5500c37dca17c19ad94be15974d93b9360f9a5fc3b4ed8fce890011d1,"[""downstream_2500step""]",downstream_2500step,step_002500,exact_match,higher,score,0.7725549658832449,3429.298411860931,0.17167539699585177,3429.470087257927,7127.525628439995,76c23ed5501ff34d0b2d0f2554c2d892c0f4803f1c1095404efabdb09d79ae89,2d559cd160a42200cd373f0087a0ad0606805c5fcdb597c3f157da780b1022f0
qwen,gsm8k,peft_default,42,qwen__gsm8k__qv__peft_default__s42__n2500,c40703a933ff1d202d29fe6f950fbe6602ff21a105fcaa6d4ce3426023161d4e,3ba506c5500c37dca17c19ad94be15974d93b9360f9a5fc3b4ed8fce890011d1,"[""downstream_2500step""]",downstream_2500step,step_002500,final_train_loss,lower,loss,0.1170389773324132,3429.298411860931,0.17167539699585177,3429.470087257927,,,
qwen,gsm8k,peft_default,123,qwen__gsm8k__qv__peft_default__s123__n2500,08d18fe421962ffcd2b747a63581d83f0ed125e85186f3508fd4b7ff6945dd48,72cceccf9ca4358af9e7d024b9b436dff21027b3a1b5ed79c84d8d0c93ecb90a,"[""downstream_2500step""]",downstream_2500step,step_000500,raw_auc500,lower,loss_step,96.41031415108591,686.6128834638948,0.21297680099087302,686.8258602648857,,,
qwen,gsm8k,peft_default,123,qwen__gsm8k__qv__peft_default__s123__n2500,08d18fe421962ffcd2b747a63581d83f0ed125e85186f3508fd4b7ff6945dd48,72cceccf9ca4358af9e7d024b9b436dff21027b3a1b5ed79c84d8d0c93ecb90a,"[""downstream_2500step""]",downstream_2500step,step_002500,exact_match,higher,score,0.778620166793025,3429.6267502698756,0.21297680099087302,3429.8397270708665,8375.620860044,c204a8882a425c27e06d4961150815ca9d618179f24e1cd486faaab87ab9a968,963a3732f8c8cb90a925b092e95e9a50e26fa72a956426238472f4e9dad109f9
qwen,gsm8k,peft_default,123,qwen__gsm8k__qv__peft_default__s123__n2500,08d18fe421962ffcd2b747a63581d83f0ed125e85186f3508fd4b7ff6945dd48,72cceccf9ca4358af9e7d024b9b436dff21027b3a1b5ed79c84d8d0c93ecb90a,"[""downstream_2500step""]",downstream_2500step,step_002500,final_train_loss,lower,loss,0.11989338882267475,3429.6267502698756,0.21297680099087302,3429.8397270708665,,,
qwen,gsm8k,peft_default,1107,qwen__gsm8k__qv__peft_default__s1107__n2500,8b55ef5d1e63423f6e7f50c6c698902a628beb9c078ebce9e8fc2f4abbe00fab,b669fd43a82f415140a3f545840629e34eb83dbfe9dee0340a4f5f6ea0dc891e,"[""downstream_2500step""]",downstream_2500step,step_000500,raw_auc500,lower,loss_step,95.21952340891585,688.6859531217633,0.24434130000008736,688.9302944217634,,,
qwen,gsm8k,peft_default,1107,qwen__gsm8k__qv__peft_default__s1107__n2500,8b55ef5d1e63423f6e7f50c6c698902a628beb9c078ebce9e8fc2f4abbe00fab,b669fd43a82f415140a3f545840629e34eb83dbfe9dee0340a4f5f6ea0dc891e,"[""downstream_2500step""]",downstream_2500step,step_002500,exact_match,higher,score,0.7626990144048522,3435.843165043494,0.24434130000008736,3436.087506343494,7935.503879718017,d4ad8cae5b77c77603091d4384449d82024e5fabd336ed9981b6922306bd4e50,c37d43ea0e19ade118a68cd56a38303cf471c82fb1bf067c16e56163a608baba
qwen,gsm8k,peft_default,1107,qwen__gsm8k__qv__peft_default__s1107__n2500,8b55ef5d1e63423f6e7f50c6c698902a628beb9c078ebce9e8fc2f4abbe00fab,b669fd43a82f415140a3f545840629e34eb83dbfe9dee0340a4f5f6ea0dc891e,"[""downstream_2500step""]",downstream_2500step,step_002500,final_train_loss,lower,loss,0.1436403999105096,3435.843165043494,0.24434130000008736,3436.087506343494,,,
qwen,gsm8k,powerlaw_global_a06,42,qwen__gsm8k__qv__powerlaw_global_a06__s42__n2500,3e5caf35c57289b1bd79b065de50688dd05daf2a3ac80fb59354eb9c6a03ad9d,6266026bbba7b4bfc46116403dd1a89ccc5fac0ce0eac1000918bd436973684e,"[""downstream_2500step""]",downstream_2500step,step_000500,raw_auc500,lower,loss_step,93.68961227475666,691.252586701914,0.6644819009961793,691.9170686029101,,,
qwen,gsm8k,powerlaw_global_a06,42,qwen__gsm8k__qv__powerlaw_global_a06__s42__n2500,3e5caf35c57289b1bd79b065de50688dd05daf2a3ac80fb59354eb9c6a03ad9d,6266026bbba7b4bfc46116403dd1a89ccc5fac0ce0eac1000918bd436973684e,"[""downstream_2500step""]",downstream_2500step,step_002500,exact_match,higher,score,0.7816527672479151,3439.275673719676,0.6644819009961793,3439.940155620672,15182.855281604978,3921058eda58c3036cffb65cffec1f5360b2ef47f0c40cdfbf2aff3ac9d726e4,93dde9b04b808f9bb3cf69ec73dfb7bad30d8a81072e50eb2106da30c467ad66
qwen,gsm8k,powerlaw_global_a06,42,qwen__gsm8k__qv__powerlaw_global_a06__s42__n2500,3e5caf35c57289b1bd79b065de50688dd05daf2a3ac80fb59354eb9c6a03ad9d,6266026bbba7b4bfc46116403dd1a89ccc5fac0ce0eac1000918bd436973684e,"[""downstream_2500step""]",downstream_2500step,step_002500,final_train_loss,lower,loss,0.11632896959781647,3439.275673719676,0.6644819009961793,3439.940155620672,,,
qwen,gsm8k,powerlaw_global_a06,123,qwen__gsm8k__qv__powerlaw_global_a06__s123__n2500,df7913b4ca7309ecd32f8da465589706a1eee1ed8fd2bf9cd7fb132fe387c736,02731b688075354d09b24475ab90dc409ae1669a4c2c4476a2f446399fe57cde,"[""downstream_2500step""]",downstream_2500step,step_000500,raw_auc500,lower,loss_step,94.26441897125915,687.6558443422255,0.45852259900129866,688.1143669412268,,,
qwen,gsm8k,powerlaw_global_a06,123,qwen__gsm8k__qv__powerlaw_global_a06__s123__n2500,df7913b4ca7309ecd32f8da465589706a1eee1ed8fd2bf9cd7fb132fe387c736,02731b688075354d09b24475ab90dc409ae1669a4c2c4476a2f446399fe57cde,"[""downstream_2500step""]",downstream_2500step,step_002500,exact_match,higher,score,0.7808946171341926,3445.242320685211,0.45852259900129866,3445.700843284212,13163.717095544009,5e962c14e66f230995bd40f1e8f26f4acd48b44c9603b9ed0088d71db6cd1062,7b3279303e3c9ddc0e745d400e02b8422069a18fe255a31e9e2396ac28d3b7b7
qwen,gsm8k,powerlaw_global_a06,123,qwen__gsm8k__qv__powerlaw_global_a06__s123__n2500,df7913b4ca7309ecd32f8da465589706a1eee1ed8fd2bf9cd7fb132fe387c736,02731b688075354d09b24475ab90dc409ae1669a4c2c4476a2f446399fe57cde,"[""downstream_2500step""]",downstream_2500step,step_002500,final_train_loss,lower,loss,0.11827934719622135,3445.242320685211,0.45852259900129866,3445.700843284212,,,
qwen,gsm8k,powerlaw_global_a06,1107,qwen__gsm8k__qv__powerlaw_global_a06__s1107__n2500,981f014b2aca339c5ea3f1c52a72082843240df003c48bd9e0b36fdebab39564,2b3a4ad56c08a7372b3ba89438e7fa146cff921e9e8de391f34f2686cd2a95f8,"[""downstream_2500step""]",downstream_2500step,step_000500,raw_auc500,lower,loss_step,92.86335124308243,693.7064040410914,0.5615437050000764,694.2679477460915,,,
qwen,gsm8k,powerlaw_global_a06,1107,qwen__gsm8k__qv__powerlaw_global_a06__s1107__n2500,981f014b2aca339c5ea3f1c52a72082843240df003c48bd9e0b36fdebab39564,2b3a4ad56c08a7372b3ba89438e7fa146cff921e9e8de391f34f2686cd2a95f8,"[""downstream_2500step""]",downstream_2500step,step_002500,exact_match,higher,score,0.7816527672479151,3453.2287731341203,0.5615437050000764,3453.7903168391204,6841.448882681027,dd29ddc8ebc81379b0d6eb9cfb11a3eb8d4e020d8453ed95b986a6343494edfb,04230461cb76cd795ae0d71210760d3a579bccea479f54422237de117fe84864
qwen,gsm8k,powerlaw_global_a06,1107,qwen__gsm8k__qv__powerlaw_global_a06__s1107__n2500,981f014b2aca339c5ea3f1c52a72082843240df003c48bd9e0b36fdebab39564,2b3a4ad56c08a7372b3ba89438e7fa146cff921e9e8de391f34f2686cd2a95f8,"[""downstream_2500step""]",downstream_2500step,step_002500,final_train_loss,lower,loss,0.13866995833814144,3453.2287731341203,0.5615437050000764,3453.7903168391204,,,
qwen,mbpp,peft_default,42,qwen__mbpp__qv__peft_default__s42__n2500,89aa660095fe7f4e0ef31d58fefab8ac41203011339c42bd7c0a1dd94d1528ad,47824453ad868f5abb7f1ad726abd4795cb4cfd81924d9d80235ec6f159b7187,"[""downstream_2500step""]",downstream_2500step,step_000500,raw_auc500,lower,loss_step,416.2242478476837,704.6948236417666,0.21229809397482313,704.9071217357414,,,
qwen,mbpp,peft_default,42,qwen__mbpp__qv__peft_default__s42__n2500,89aa660095fe7f4e0ef31d58fefab8ac41203011339c42bd7c0a1dd94d1528ad,47824453ad868f5abb7f1ad726abd4795cb4cfd81924d9d80235ec6f159b7187,"[""downstream_2500step""]",downstream_2500step,step_002500,final_train_loss,lower,loss,0.1828947514295578,3497.735729498003,0.21229809397482313,3497.9480275919777,,,
qwen,mbpp,peft_default,42,qwen__mbpp__qv__peft_default__s42__n2500,89aa660095fe7f4e0ef31d58fefab8ac41203011339c42bd7c0a1dd94d1528ad,47824453ad868f5abb7f1ad726abd4795cb4cfd81924d9d80235ec6f159b7187,"[""downstream_2500step""]",downstream_2500step,step_002500,pass_at_1,higher,score,0.3983957219251337,3497.735729498003,0.21229809397482313,3497.9480275919777,603.5123401950113,7dff1119a9e8028aade41e76e811ac517248c321350e6ed191945431f39d96b5,2c3b9f6aff9ec4105f8c576056ac62effaa81cc50c14ef6fdd7f62e63556603a
qwen,mbpp,peft_default,123,qwen__mbpp__qv__peft_default__s123__n2500,0ea00fb0cee84b94c368788ba0d4ac0fe4eda2c2e512d9edb01aed5990574de3,1a70feff9394bc2ec1c40f4798b56a64c2d6232fe6a92471d71e326f207ed4cf,"[""downstream_2500step""]",downstream_2500step,step_000500,raw_auc500,lower,loss_step,420.93816182296723,688.5874002496421,0.19482369898469187,688.7822239486268,,,
qwen,mbpp,peft_default,123,qwen__mbpp__qv__peft_default__s123__n2500,0ea00fb0cee84b94c368788ba0d4ac0fe4eda2c2e512d9edb01aed5990574de3,1a70feff9394bc2ec1c40f4798b56a64c2d6232fe6a92471d71e326f207ed4cf,"[""downstream_2500step""]",downstream_2500step,step_002500,final_train_loss,lower,loss,0.17762607149779797,3438.2234132172016,0.19482369898469187,3438.4182369161863,,,
qwen,mbpp,peft_default,123,qwen__mbpp__qv__peft_default__s123__n2500,0ea00fb0cee84b94c368788ba0d4ac0fe4eda2c2e512d9edb01aed5990574de3,1a70feff9394bc2ec1c40f4798b56a64c2d6232fe6a92471d71e326f207ed4cf,"[""downstream_2500step""]",downstream_2500step,step_002500,pass_at_1,higher,score,0.41711229946524064,3438.2234132172016,0.19482369898469187,3438.4182369161863,677.3667795559741,3669a26cc977db50a5df2f54291504ae655d3afb66c17809eb1eafc24f0d8b43,73fdf442dd436e0c57b40ea2d7cec691d3db0e72d2bd3c5d0ed905aeff16e5f3
qwen,mbpp,peft_default,1107,qwen__mbpp__qv__peft_default__s1107__n2500,e60e989954ff8eaf32037973e5df582ade3ebcb33c291d980df20b427da7742f,cf9cb63121982c4de8899aa52bc00cc423f7169475c548191e7132c5a4481936,"[""downstream_2500step""]",downstream_2500step,step_000500,raw_auc500,lower,loss_step,421.33696138765663,688.7761425010685,0.3271014979982283,689.1032439990668,,,
qwen,mbpp,peft_default,1107,qwen__mbpp__qv__peft_default__s1107__n2500,e60e989954ff8eaf32037973e5df582ade3ebcb33c291d980df20b427da7742f,cf9cb63121982c4de8899aa52bc00cc423f7169475c548191e7132c5a4481936,"[""downstream_2500step""]",downstream_2500step,step_002500,final_train_loss,lower,loss,0.1801943127065897,3452.1607302044576,0.3271014979982283,3452.487831702456,,,
qwen,mbpp,peft_default,1107,qwen__mbpp__qv__peft_default__s1107__n2500,e60e989954ff8eaf32037973e5df582ade3ebcb33c291d980df20b427da7742f,cf9cb63121982c4de8899aa52bc00cc423f7169475c548191e7132c5a4481936,"[""downstream_2500step""]",downstream_2500step,step_002500,pass_at_1,higher,score,0.4117647058823529,3452.1607302044576,0.3271014979982283,3452.487831702456,604.7293020419893,f8871bb5ab33af0e259f2f7866631be5267911114e36ab7648b5b46c40851fec,29cc27be890a04b9849b4e251f362a5bfc7d62de425a69ee1b315c0059794afd
qwen,mbpp,powerlaw_global_a06,42,qwen__mbpp__qv__powerlaw_global_a06__s42__n2500,b155f3d5817e620188937179038c6cd518a8410b225e4493d88700cfc14f90c1,e0226189960ccb6c56351431c634c31e552c6e310dcb80baa851ca424f3381fa,"[""downstream_2500step""]",downstream_2500step,step_000500,raw_auc500,lower,loss_step,412.9120066622272,693.364351364813,0.4732571979984641,693.8376085628115,,,
qwen,mbpp,powerlaw_global_a06,42,qwen__mbpp__qv__powerlaw_global_a06__s42__n2500,b155f3d5817e620188937179038c6cd518a8410b225e4493d88700cfc14f90c1,e0226189960ccb6c56351431c634c31e552c6e310dcb80baa851ca424f3381fa,"[""downstream_2500step""]",downstream_2500step,step_002500,final_train_loss,lower,loss,0.1551908804103732,3465.191270184383,0.4732571979984641,3465.6645273823815,,,
qwen,mbpp,powerlaw_global_a06,42,qwen__mbpp__qv__powerlaw_global_a06__s42__n2500,b155f3d5817e620188937179038c6cd518a8410b225e4493d88700cfc14f90c1,e0226189960ccb6c56351431c634c31e552c6e310dcb80baa851ca424f3381fa,"[""downstream_2500step""]",downstream_2500step,step_002500,pass_at_1,higher,score,0.41711229946524064,3465.191270184383,0.4732571979984641,3465.6645273823815,591.8939060799894,92279e4efbc1684ba6ba63b8fcdb8f6c2352f610e6199f171a2bb8b7f56be3ed,4b7ebd6d298c909f0116f21204c6bdf48fc9fb3051040b482a7c106f0bcbd696
qwen,mbpp,powerlaw_global_a06,123,qwen__mbpp__qv__powerlaw_global_a06__s123__n2500,c587d21ecd501a69781c5c08eaff6d99944f9060a7f5cb2a6b08080606e2f270,1df770c3cceddabfe1c087237781c714b8e5d101a124db40efcb7d982b6e0d23,"[""downstream_2500step""]",downstream_2500step,step_000500,raw_auc500,lower,loss_step,411.7341825561598,701.8757464263763,0.4330126989807468,702.308759125357,,,
qwen,mbpp,powerlaw_global_a06,123,qwen__mbpp__qv__powerlaw_global_a06__s123__n2500,c587d21ecd501a69781c5c08eaff6d99944f9060a7f5cb2a6b08080606e2f270,1df770c3cceddabfe1c087237781c714b8e5d101a124db40efcb7d982b6e0d23,"[""downstream_2500step""]",downstream_2500step,step_002500,final_train_loss,lower,loss,0.1402006335556507,3523.3767998952244,0.4330126989807468,3523.809812594205,,,
qwen,mbpp,powerlaw_global_a06,123,qwen__mbpp__qv__powerlaw_global_a06__s123__n2500,c587d21ecd501a69781c5c08eaff6d99944f9060a7f5cb2a6b08080606e2f270,1df770c3cceddabfe1c087237781c714b8e5d101a124db40efcb7d982b6e0d23,"[""downstream_2500step""]",downstream_2500step,step_002500,pass_at_1,higher,score,0.4304812834224599,3523.3767998952244,0.4330126989807468,3523.809812594205,789.7898938500148,8ffddc68ab079fe11f170d75b92a48999ae90d131b44197e88bf7bf1131ad738,3f0cd2bb448eba0e4bb45f6b1b1d4ba760d9604fa1ec04fb3e696023f8a01ee2
qwen,mbpp,powerlaw_global_a06,1107,qwen__mbpp__qv__powerlaw_global_a06__s1107__n2500,c44cf9da81a5e34eeac6e7c11fe6d01cba0b928208e759bddaa8c725587e826b,66d8319cf207006b7581f2bc8a02415ee796edf6482f9acac80daaf006aa1b8e,"[""downstream_2500step""]",downstream_2500step,step_000500,raw_auc500,lower,loss_step,413.8361830152571,692.1048400561558,0.4546211000124458,692.5594611561683,,,
qwen,mbpp,powerlaw_global_a06,1107,qwen__mbpp__qv__powerlaw_global_a06__s1107__n2500,c44cf9da81a5e34eeac6e7c11fe6d01cba0b928208e759bddaa8c725587e826b,66d8319cf207006b7581f2bc8a02415ee796edf6482f9acac80daaf006aa1b8e,"[""downstream_2500step""]",downstream_2500step,step_002500,final_train_loss,lower,loss,0.14540334045886993,3449.437494808226,0.4546211000124458,3449.8921159082383,,,
qwen,mbpp,powerlaw_global_a06,1107,qwen__mbpp__qv__powerlaw_global_a06__s1107__n2500,c44cf9da81a5e34eeac6e7c11fe6d01cba0b928208e759bddaa8c725587e826b,66d8319cf207006b7581f2bc8a02415ee796edf6482f9acac80daaf006aa1b8e,"[""downstream_2500step""]",downstream_2500step,step_002500,pass_at_1,higher,score,0.393048128342246,3449.437494808226,0.4546211000124458,3449.8921159082383,481.54797889100155,f201edee38996c4511ee752494aa79e61f847366aa4d8d34047b15a20f7ac105,ccf7ebff22814b584ced27cec44d82ed8be328c397cdfd2c0873c2370515b1e9
qwen,sharegpt,peft_default,42,qwen__sharegpt__qv__peft_default__s42__n2500,90eaad360e336bc9068526603bdcd6ea65bd376a4f52e4084d7d1cd5738a597f,62cfd1e345c476d3fd230f2f8f2fca51e6aec1af4b831f29e59c3f4dffc8483b,"[""downstream_2500step""]",downstream_2500step,step_000500,raw_auc500,lower,loss_step,496.6199745964259,676.953927302151,0.28215700000873767,677.2360843021597,,,
qwen,sharegpt,peft_default,42,qwen__sharegpt__qv__peft_default__s42__n2500,90eaad360e336bc9068526603bdcd6ea65bd376a4f52e4084d7d1cd5738a597f,62cfd1e345c476d3fd230f2f8f2fca51e6aec1af4b831f29e59c3f4dffc8483b,"[""downstream_2500step""]",downstream_2500step,step_002500,final_train_loss,lower,loss,0.6110758818686008,3326.367951159249,0.28215700000873767,3326.650108159258,,,
qwen,sharegpt,peft_default,42,qwen__sharegpt__qv__peft_default__s42__n2500,90eaad360e336bc9068526603bdcd6ea65bd376a4f52e4084d7d1cd5738a597f,62cfd1e345c476d3fd230f2f8f2fca51e6aec1af4b831f29e59c3f4dffc8483b,"[""downstream_2500step""]",downstream_2500step,step_002500,heldout_nll,lower,score,0.9363532943216308,3326.367951159249,0.28215700000873767,3326.650108159258,2946.540016207,281ba5cc0fd3d5f22ad8cde5bd73a96c46f954d8ab8d46d4417414acfd4e3cee,1ed875840839ea16e04b4980136ff7bff88c0174fea30c6f3966ae395ebd8ea3
qwen,sharegpt,peft_default,42,qwen__sharegpt__qv__peft_default__s42__n2500,90eaad360e336bc9068526603bdcd6ea65bd376a4f52e4084d7d1cd5738a597f,62cfd1e345c476d3fd230f2f8f2fca51e6aec1af4b831f29e59c3f4dffc8483b,"[""downstream_2500step""]",downstream_2500step,step_002500,prometheus_absolute_score,higher,score,2.5,3326.367951159249,0.28215700000873767,3326.650108159258,2946.540016207,281ba5cc0fd3d5f22ad8cde5bd73a96c46f954d8ab8d46d4417414acfd4e3cee,1ed875840839ea16e04b4980136ff7bff88c0174fea30c6f3966ae395ebd8ea3
qwen,sharegpt,peft_default,42,qwen__sharegpt__qv__peft_default__s42__n2500,90eaad360e336bc9068526603bdcd6ea65bd376a4f52e4084d7d1cd5738a597f,62cfd1e345c476d3fd230f2f8f2fca51e6aec1af4b831f29e59c3f4dffc8483b,"[""downstream_2500step""]",downstream_2500step,step_002500,prometheus_judged_samples,higher,score,200.0,3326.367951159249,0.28215700000873767,3326.650108159258,2946.540016207,281ba5cc0fd3d5f22ad8cde5bd73a96c46f954d8ab8d46d4417414acfd4e3cee,1ed875840839ea16e04b4980136ff7bff88c0174fea30c6f3966ae395ebd8ea3
qwen,sharegpt,peft_default,42,qwen__sharegpt__qv__peft_default__s42__n2500,90eaad360e336bc9068526603bdcd6ea65bd376a4f52e4084d7d1cd5738a597f,62cfd1e345c476d3fd230f2f8f2fca51e6aec1af4b831f29e59c3f4dffc8483b,"[""downstream_2500step""]",downstream_2500step,step_002500,prometheus_unjudgeable_samples,higher,score,0.0,3326.367951159249,0.28215700000873767,3326.650108159258,2946.540016207,281ba5cc0fd3d5f22ad8cde5bd73a96c46f954d8ab8d46d4417414acfd4e3cee,1ed875840839ea16e04b4980136ff7bff88c0174fea30c6f3966ae395ebd8ea3
qwen,sharegpt,peft_default,123,qwen__sharegpt__qv__peft_default__s123__n2500,30419b8299de215b87ddf0571c13fb3faf2052c25eea57b538d9ac16fcac48c1,68cfda7d88522205e874252b9e96d8dd9ecebafa233e218563ac959c00e1ebfe,"[""downstream_2500step""]",downstream_2500step,step_000500,raw_auc500,lower,loss_step,492.8752400195226,673.8708412284905,0.2960328000190202,674.1668740285095,,,
qwen,sharegpt,peft_default,123,qwen__sharegpt__qv__peft_default__s123__n2500,30419b8299de215b87ddf0571c13fb3faf2052c25eea57b538d9ac16fcac48c1,68cfda7d88522205e874252b9e96d8dd9ecebafa233e218563ac959c00e1ebfe,"[""downstream_2500step""]",downstream_2500step,step_002500,final_train_loss,lower,loss,1.1339582726359367,3340.610934531258,0.2960328000190202,3340.906967331277,,,
qwen,sharegpt,peft_default,123,qwen__sharegpt__qv__peft_default__s123__n2500,30419b8299de215b87ddf0571c13fb3faf2052c25eea57b538d9ac16fcac48c1,68cfda7d88522205e874252b9e96d8dd9ecebafa233e218563ac959c00e1ebfe,"[""downstream_2500step""]",downstream_2500step,step_002500,heldout_nll,lower,score,0.9362705772002545,3340.610934531258,0.2960328000190202,3340.906967331277,2997.5996760419803,84155a3878e2e1bedd2aa166cd1e82de7c97b7163fd35b387131eee94392e0f0,2c3476aa803694e9b9dab1b38c3a21f7852d5c3bce2d8ac884683cd236f9d91a
qwen,sharegpt,peft_default,123,qwen__sharegpt__qv__peft_default__s123__n2500,30419b8299de215b87ddf0571c13fb3faf2052c25eea57b538d9ac16fcac48c1,68cfda7d88522205e874252b9e96d8dd9ecebafa233e218563ac959c00e1ebfe,"[""downstream_2500step""]",downstream_2500step,step_002500,prometheus_absolute_score,higher,score,2.54,3340.610934531258,0.2960328000190202,3340.906967331277,2997.5996760419803,84155a3878e2e1bedd2aa166cd1e82de7c97b7163fd35b387131eee94392e0f0,2c3476aa803694e9b9dab1b38c3a21f7852d5c3bce2d8ac884683cd236f9d91a
qwen,sharegpt,peft_default,123,qwen__sharegpt__qv__peft_default__s123__n2500,30419b8299de215b87ddf0571c13fb3faf2052c25eea57b538d9ac16fcac48c1,68cfda7d88522205e874252b9e96d8dd9ecebafa233e218563ac959c00e1ebfe,"[""downstream_2500step""]",downstream_2500step,step_002500,prometheus_judged_samples,higher,score,200.0,3340.610934531258,0.2960328000190202,3340.906967331277,2997.5996760419803,84155a3878e2e1bedd2aa166cd1e82de7c97b7163fd35b387131eee94392e0f0,2c3476aa803694e9b9dab1b38c3a21f7852d5c3bce2d8ac884683cd236f9d91a
qwen,sharegpt,peft_default,123,qwen__sharegpt__qv__peft_default__s123__n2500,30419b8299de215b87ddf0571c13fb3faf2052c25eea57b538d9ac16fcac48c1,68cfda7d88522205e874252b9e96d8dd9ecebafa233e218563ac959c00e1ebfe,"[""downstream_2500step""]",downstream_2500step,step_002500,prometheus_unjudgeable_samples,higher,score,0.0,3340.610934531258,0.2960328000190202,3340.906967331277,2997.5996760419803,84155a3878e2e1bedd2aa166cd1e82de7c97b7163fd35b387131eee94392e0f0,2c3476aa803694e9b9dab1b38c3a21f7852d5c3bce2d8ac884683cd236f9d91a
qwen,sharegpt,peft_default,1107,qwen__sharegpt__qv__peft_default__s1107__n2500,c1cd550ec1152857048e3569ff0ebb3b0a5251d5744fe4016f4b9efde9503629,3521a9534d08cc068cfd5e2362936deac8ccf36f99d2e559baf4d74f90e453f9,"[""downstream_2500step""]",downstream_2500step,step_000500,raw_auc500,lower,loss_step,498.5618453565985,663.3061213118053,0.2035838989977492,663.5097052108031,,,
qwen,sharegpt,peft_default,1107,qwen__sharegpt__qv__peft_default__s1107__n2500,c1cd550ec1152857048e3569ff0ebb3b0a5251d5744fe4016f4b9efde9503629,3521a9534d08cc068cfd5e2362936deac8ccf36f99d2e559baf4d74f90e453f9,"[""downstream_2500step""]",downstream_2500step,step_002500,final_train_loss,lower,loss,1.113401859998703,3326.5214309264993,0.2035838989977492,3326.725014825497,,,
qwen,sharegpt,peft_default,1107,qwen__sharegpt__qv__peft_default__s1107__n2500,c1cd550ec1152857048e3569ff0ebb3b0a5251d5744fe4016f4b9efde9503629,3521a9534d08cc068cfd5e2362936deac8ccf36f99d2e559baf4d74f90e453f9,"[""downstream_2500step""]",downstream_2500step,step_002500,heldout_nll,lower,score,0.9358275714832709,3326.5214309264993,0.2035838989977492,3326.725014825497,15859.394433122026,48806dee7dc087cefd66c81e413954e4f57c1cebf62f9e135d5505c324229a34,5c5561686944a028b4bf179416a55a310054c94c2a3e1ec87a9dc6aae645d481
qwen,sharegpt,peft_default,1107,qwen__sharegpt__qv__peft_default__s1107__n2500,c1cd550ec1152857048e3569ff0ebb3b0a5251d5744fe4016f4b9efde9503629,3521a9534d08cc068cfd5e2362936deac8ccf36f99d2e559baf4d74f90e453f9,"[""downstream_2500step""]",downstream_2500step,step_002500,prometheus_absolute_score,higher,score,2.472361809045226,3326.5214309264993,0.2035838989977492,3326.725014825497,15859.394433122026,48806dee7dc087cefd66c81e413954e4f57c1cebf62f9e135d5505c324229a34,5c5561686944a028b4bf179416a55a310054c94c2a3e1ec87a9dc6aae645d481
qwen,sharegpt,peft_default,1107,qwen__sharegpt__qv__peft_default__s1107__n2500,c1cd550ec1152857048e3569ff0ebb3b0a5251d5744fe4016f4b9efde9503629,3521a9534d08cc068cfd5e2362936deac8ccf36f99d2e559baf4d74f90e453f9,"[""downstream_2500step""]",downstream_2500step,step_002500,prometheus_judged_samples,higher,score,199.0,3326.5214309264993,0.2035838989977492,3326.725014825497,15859.394433122026,48806dee7dc087cefd66c81e413954e4f57c1cebf62f9e135d5505c324229a34,5c5561686944a028b4bf179416a55a310054c94c2a3e1ec87a9dc6aae645d481
qwen,sharegpt,peft_default,1107,qwen__sharegpt__qv__peft_default__s1107__n2500,c1cd550ec1152857048e3569ff0ebb3b0a5251d5744fe4016f4b9efde9503629,3521a9534d08cc068cfd5e2362936deac8ccf36f99d2e559baf4d74f90e453f9,"[""downstream_2500step""]",downstream_2500step,step_002500,prometheus_unjudgeable_samples,higher,score,1.0,3326.5214309264993,0.2035838989977492,3326.725014825497,15859.394433122026,48806dee7dc087cefd66c81e413954e4f57c1cebf62f9e135d5505c324229a34,5c5561686944a028b4bf179416a55a310054c94c2a3e1ec87a9dc6aae645d481
qwen,sharegpt,powerlaw_global_a06,42,qwen__sharegpt__qv__powerlaw_global_a06__s42__n2500,894b64e0032627e728d5ddf8f0f65b992d534f675b97d9b964d928025c4d7a1b,5e6ef46b5ad5ac99e6ede81e56fbb2189ffe22a3dc777cfb8b994478b1559902,"[""downstream_2500step""]",downstream_2500step,step_000500,raw_auc500,lower,loss_step,496.0544320549816,665.1048454052361,0.45888340901001357,665.5637288142461,,,
qwen,sharegpt,powerlaw_global_a06,42,qwen__sharegpt__qv__powerlaw_global_a06__s42__n2500,894b64e0032627e728d5ddf8f0f65b992d534f675b97d9b964d928025c4d7a1b,5e6ef46b5ad5ac99e6ede81e56fbb2189ffe22a3dc777cfb8b994478b1559902,"[""downstream_2500step""]",downstream_2500step,step_002500,final_train_loss,lower,loss,0.6092468053102493,3320.907321250852,0.45888340901001357,3321.366204659862,,,
qwen,sharegpt,powerlaw_global_a06,42,qwen__sharegpt__qv__powerlaw_global_a06__s42__n2500,894b64e0032627e728d5ddf8f0f65b992d534f675b97d9b964d928025c4d7a1b,5e6ef46b5ad5ac99e6ede81e56fbb2189ffe22a3dc777cfb8b994478b1559902,"[""downstream_2500step""]",downstream_2500step,step_002500,heldout_nll,lower,score,0.9356238768187396,3320.907321250852,0.45888340901001357,3321.366204659862,2958.956576019991,197b61eed5e59bb93c4ba23a47d67a7d4aabb3acc8527643edfa5f2ceec1dd3c,c492efd0d0201cb0ec5a2102a8f5fac3a0cbe95741f1128ce06a3647ee83ebfb
qwen,sharegpt,powerlaw_global_a06,42,qwen__sharegpt__qv__powerlaw_global_a06__s42__n2500,894b64e0032627e728d5ddf8f0f65b992d534f675b97d9b964d928025c4d7a1b,5e6ef46b5ad5ac99e6ede81e56fbb2189ffe22a3dc777cfb8b994478b1559902,"[""downstream_2500step""]",downstream_2500step,step_002500,prometheus_absolute_score,higher,score,2.56,3320.907321250852,0.45888340901001357,3321.366204659862,2958.956576019991,197b61eed5e59bb93c4ba23a47d67a7d4aabb3acc8527643edfa5f2ceec1dd3c,c492efd0d0201cb0ec5a2102a8f5fac3a0cbe95741f1128ce06a3647ee83ebfb
qwen,sharegpt,powerlaw_global_a06,42,qwen__sharegpt__qv__powerlaw_global_a06__s42__n2500,894b64e0032627e728d5ddf8f0f65b992d534f675b97d9b964d928025c4d7a1b,5e6ef46b5ad5ac99e6ede81e56fbb2189ffe22a3dc777cfb8b994478b1559902,"[""downstream_2500step""]",downstream_2500step,step_002500,prometheus_judged_samples,higher,score,200.0,3320.907321250852,0.45888340901001357,3321.366204659862,2958.956576019991,197b61eed5e59bb93c4ba23a47d67a7d4aabb3acc8527643edfa5f2ceec1dd3c,c492efd0d0201cb0ec5a2102a8f5fac3a0cbe95741f1128ce06a3647ee83ebfb
qwen,sharegpt,powerlaw_global_a06,42,qwen__sharegpt__qv__powerlaw_global_a06__s42__n2500,894b64e0032627e728d5ddf8f0f65b992d534f675b97d9b964d928025c4d7a1b,5e6ef46b5ad5ac99e6ede81e56fbb2189ffe22a3dc777cfb8b994478b1559902,"[""downstream_2500step""]",downstream_2500step,step_002500,prometheus_unjudgeable_samples,higher,score,0.0,3320.907321250852,0.45888340901001357,3321.366204659862,2958.956576019991,197b61eed5e59bb93c4ba23a47d67a7d4aabb3acc8527643edfa5f2ceec1dd3c,c492efd0d0201cb0ec5a2102a8f5fac3a0cbe95741f1128ce06a3647ee83ebfb
qwen,sharegpt,powerlaw_global_a06,123,qwen__sharegpt__qv__powerlaw_global_a06__s123__n2500,30470cf67a6f09e0ce6da61a09b37a48959e1fc42569465ccc03577c5d8767f7,59214717bd8173b4b247e286b9e397d2186634542b300e32b03ac827f73c6503,"[""downstream_2500step""]",downstream_2500step,step_000500,raw_auc500,lower,loss_step,492.1711054816842,668.8308561127051,0.5612615969730541,669.3921177096781,,,
qwen,sharegpt,powerlaw_global_a06,123,qwen__sharegpt__qv__powerlaw_global_a06__s123__n2500,30470cf67a6f09e0ce6da61a09b37a48959e1fc42569465ccc03577c5d8767f7,59214717bd8173b4b247e286b9e397d2186634542b300e32b03ac827f73c6503,"[""downstream_2500step""]",downstream_2500step,step_002500,final_train_loss,lower,loss,1.1306541115045547,3351.8566348099266,0.5612615969730541,3352.4178964068997,,,
qwen,sharegpt,powerlaw_global_a06,123,qwen__sharegpt__qv__powerlaw_global_a06__s123__n2500,30470cf67a6f09e0ce6da61a09b37a48959e1fc42569465ccc03577c5d8767f7,59214717bd8173b4b247e286b9e397d2186634542b300e32b03ac827f73c6503,"[""downstream_2500step""]",downstream_2500step,step_002500,heldout_nll,lower,score,0.9354883392042799,3351.8566348099266,0.5612615969730541,3352.4178964068997,2938.367709629005,6371ca74fa8a90782c85a8e4c7bc27252f47b5a6593cfc3072160f22b75676f2,cfd751d9329a8f289d160186702862a1e2d8b8b39cda56835a7d86beeef3bc18
qwen,sharegpt,powerlaw_global_a06,123,qwen__sharegpt__qv__powerlaw_global_a06__s123__n2500,30470cf67a6f09e0ce6da61a09b37a48959e1fc42569465ccc03577c5d8767f7,59214717bd8173b4b247e286b9e397d2186634542b300e32b03ac827f73c6503,"[""downstream_2500step""]",downstream_2500step,step_002500,prometheus_absolute_score,higher,score,2.435,3351.8566348099266,0.5612615969730541,3352.4178964068997,2938.367709629005,6371ca74fa8a90782c85a8e4c7bc27252f47b5a6593cfc3072160f22b75676f2,cfd751d9329a8f289d160186702862a1e2d8b8b39cda56835a7d86beeef3bc18
qwen,sharegpt,powerlaw_global_a06,123,qwen__sharegpt__qv__powerlaw_global_a06__s123__n2500,30470cf67a6f09e0ce6da61a09b37a48959e1fc42569465ccc03577c5d8767f7,59214717bd8173b4b247e286b9e397d2186634542b300e32b03ac827f73c6503,"[""downstream_2500step""]",downstream_2500step,step_002500,prometheus_judged_samples,higher,score,200.0,3351.8566348099266,0.5612615969730541,3352.4178964068997,2938.367709629005,6371ca74fa8a90782c85a8e4c7bc27252f47b5a6593cfc3072160f22b75676f2,cfd751d9329a8f289d160186702862a1e2d8b8b39cda56835a7d86beeef3bc18
qwen,sharegpt,powerlaw_global_a06,123,qwen__sharegpt__qv__powerlaw_global_a06__s123__n2500,30470cf67a6f09e0ce6da61a09b37a48959e1fc42569465ccc03577c5d8767f7,59214717bd8173b4b247e286b9e397d2186634542b300e32b03ac827f73c6503,"[""downstream_2500step""]",downstream_2500step,step_002500,prometheus_unjudgeable_samples,higher,score,0.0,3351.8566348099266,0.5612615969730541,3352.4178964068997,2938.367709629005,6371ca74fa8a90782c85a8e4c7bc27252f47b5a6593cfc3072160f22b75676f2,cfd751d9329a8f289d160186702862a1e2d8b8b39cda56835a7d86beeef3bc18
qwen,sharegpt,powerlaw_global_a06,1107,qwen__sharegpt__qv__powerlaw_global_a06__s1107__n2500,b4b2411f85d8d0a5d8c460327062d80fe63dcad5b9c61b3ac9f4298e22ccd5d3,ea8843a61c3570dd8b53dafb7de20d7439af5a1c297db6a87c2a47a3aa9dad8a,"[""downstream_2500step""]",downstream_2500step,step_000500,raw_auc500,lower,loss_step,497.7885544989258,662.4199853435857,0.4630989980068989,662.8830843415926,,,
qwen,sharegpt,powerlaw_global_a06,1107,qwen__sharegpt__qv__powerlaw_global_a06__s1107__n2500,b4b2411f85d8d0a5d8c460327062d80fe63dcad5b9c61b3ac9f4298e22ccd5d3,ea8843a61c3570dd8b53dafb7de20d7439af5a1c297db6a87c2a47a3aa9dad8a,"[""downstream_2500step""]",downstream_2500step,step_002500,final_train_loss,lower,loss,1.1168499514460564,3364.7378286036837,0.4630989980068989,3365.2009276016906,,,
qwen,sharegpt,powerlaw_global_a06,1107,qwen__sharegpt__qv__powerlaw_global_a06__s1107__n2500,b4b2411f85d8d0a5d8c460327062d80fe63dcad5b9c61b3ac9f4298e22ccd5d3,ea8843a61c3570dd8b53dafb7de20d7439af5a1c297db6a87c2a47a3aa9dad8a,"[""downstream_2500step""]",downstream_2500step,step_002500,heldout_nll,lower,score,0.9346479190423138,3364.7378286036837,0.4630989980068989,3365.2009276016906,2909.29838506502,5e09bf63e51312ded18de866b12b85e4650d24003c2c4186f8d673cf4bbeeca2,9eb8cb1a1fa74f3b65784e516b6d79fe391706a2355bc6d4acc3f434bc0fb355
qwen,sharegpt,powerlaw_global_a06,1107,qwen__sharegpt__qv__powerlaw_global_a06__s1107__n2500,b4b2411f85d8d0a5d8c460327062d80fe63dcad5b9c61b3ac9f4298e22ccd5d3,ea8843a61c3570dd8b53dafb7de20d7439af5a1c297db6a87c2a47a3aa9dad8a,"[""downstream_2500step""]",downstream_2500step,step_002500,prometheus_absolute_score,higher,score,2.515,3364.7378286036837,0.4630989980068989,3365.2009276016906,2909.29838506502,5e09bf63e51312ded18de866b12b85e4650d24003c2c4186f8d673cf4bbeeca2,9eb8cb1a1fa74f3b65784e516b6d79fe391706a2355bc6d4acc3f434bc0fb355
qwen,sharegpt,powerlaw_global_a06,1107,qwen__sharegpt__qv__powerlaw_global_a06__s1107__n2500,b4b2411f85d8d0a5d8c460327062d80fe63dcad5b9c61b3ac9f4298e22ccd5d3,ea8843a61c3570dd8b53dafb7de20d7439af5a1c297db6a87c2a47a3aa9dad8a,"[""downstream_2500step""]",downstream_2500step,step_002500,prometheus_judged_samples,higher,score,200.0,3364.7378286036837,0.4630989980068989,3365.2009276016906,2909.29838506502,5e09bf63e51312ded18de866b12b85e4650d24003c2c4186f8d673cf4bbeeca2,9eb8cb1a1fa74f3b65784e516b6d79fe391706a2355bc6d4acc3f434bc0fb355
qwen,sharegpt,powerlaw_global_a06,1107,qwen__sharegpt__qv__powerlaw_global_a06__s1107__n2500,b4b2411f85d8d0a5d8c460327062d80fe63dcad5b9c61b3ac9f4298e22ccd5d3,ea8843a61c3570dd8b53dafb7de20d7439af5a1c297db6a87c2a47a3aa9dad8a,"[""downstream_2500step""]",downstream_2500step,step_002500,prometheus_unjudgeable_samples,higher,score,0.0,3364.7378286036837,0.4630989980068989,3365.2009276016906,2909.29838506502,5e09bf63e51312ded18de866b12b85e4650d24003c2c4186f8d673cf4bbeeca2,9eb8cb1a1fa74f3b65784e516b6d79fe391706a2355bc6d4acc3f434bc0fb355
