analysis_context,model,task,endpoint,metric,metric_direction,method,reference_method,n_runs,mean_difference,sd_difference,mean_favorable_difference,seeds,source_run_ids,reference_run_ids
baseline_fairness_final,qwen,cmmlu,step_000500,raw_auc500,lower,dora,peft_default,3,-147.44573099880168,0.7756777021081368,147.44573099880168,"[42, 123, 1107]","[""qwen__cmmlu__qv__dora__s1107__n2500"", ""qwen__cmmlu__qv__dora__s123__n2500"", ""qwen__cmmlu__qv__dora__s42__n2500""]","[""qwen__cmmlu__qv__peft_default__s1107__n2500"", ""qwen__cmmlu__qv__peft_default__s123__n2500"", ""qwen__cmmlu__qv__peft_default__s42__n2500""]"
baseline_fairness_final,qwen,cmmlu,step_000500,raw_auc500,lower,lora_one,peft_default,3,13.397948808347186,0.41961747869985405,-13.397948808347186,"[42, 123, 1107]","[""qwen__cmmlu__qv__lora_one__s1107__n2500"", ""qwen__cmmlu__qv__lora_one__s123__n2500"", ""qwen__cmmlu__qv__lora_one__s42__n2500""]","[""qwen__cmmlu__qv__peft_default__s1107__n2500"", ""qwen__cmmlu__qv__peft_default__s123__n2500"", ""qwen__cmmlu__qv__peft_default__s42__n2500""]"
baseline_fairness_final,qwen,cmmlu,step_000500,raw_auc500,lower,pissa,peft_default,3,14.880093685661754,0.6811222538936677,-14.880093685661754,"[42, 123, 1107]","[""qwen__cmmlu__qv__pissa__s1107__n2500"", ""qwen__cmmlu__qv__pissa__s123__n2500"", ""qwen__cmmlu__qv__pissa__s42__n2500""]","[""qwen__cmmlu__qv__peft_default__s1107__n2500"", ""qwen__cmmlu__qv__peft_default__s123__n2500"", ""qwen__cmmlu__qv__peft_default__s42__n2500""]"
baseline_fairness_final,qwen,cmmlu,step_000500,raw_auc500,lower,validation_selected_proposed,peft_default,3,-27.83721877882878,1.99889805548193,27.83721877882878,"[42, 123, 1107]","[""qwen__cmmlu__qv__validation_selected_proposed__s1107__n2500"", ""qwen__cmmlu__qv__validation_selected_proposed__s123__n2500"", ""qwen__cmmlu__qv__validation_selected_proposed__s42__n2500""]","[""qwen__cmmlu__qv__peft_default__s1107__n2500"", ""qwen__cmmlu__qv__peft_default__s123__n2500"", ""qwen__cmmlu__qv__peft_default__s42__n2500""]"
baseline_fairness_final,qwen,cmmlu,step_002500,final_train_loss,lower,dora,peft_default,3,-0.047706604624787964,0.0369254073190719,0.047706604624787964,"[42, 123, 1107]","[""qwen__cmmlu__qv__dora__s1107__n2500"", ""qwen__cmmlu__qv__dora__s123__n2500"", ""qwen__cmmlu__qv__dora__s42__n2500""]","[""qwen__cmmlu__qv__peft_default__s1107__n2500"", ""qwen__cmmlu__qv__peft_default__s123__n2500"", ""qwen__cmmlu__qv__peft_default__s42__n2500""]"
baseline_fairness_final,qwen,cmmlu,step_002500,final_train_loss,lower,lora_one,peft_default,3,0.06816253035018842,0.06230854449438559,-0.06816253035018842,"[42, 123, 1107]","[""qwen__cmmlu__qv__lora_one__s1107__n2500"", ""qwen__cmmlu__qv__lora_one__s123__n2500"", ""qwen__cmmlu__qv__lora_one__s42__n2500""]","[""qwen__cmmlu__qv__peft_default__s1107__n2500"", ""qwen__cmmlu__qv__peft_default__s123__n2500"", ""qwen__cmmlu__qv__peft_default__s42__n2500""]"
baseline_fairness_final,qwen,cmmlu,step_002500,final_train_loss,lower,pissa,peft_default,3,0.24260482223083576,0.024621733638588356,-0.24260482223083576,"[42, 123, 1107]","[""qwen__cmmlu__qv__pissa__s1107__n2500"", ""qwen__cmmlu__qv__pissa__s123__n2500"", ""qwen__cmmlu__qv__pissa__s42__n2500""]","[""qwen__cmmlu__qv__peft_default__s1107__n2500"", ""qwen__cmmlu__qv__peft_default__s123__n2500"", ""qwen__cmmlu__qv__peft_default__s42__n2500""]"
baseline_fairness_final,qwen,cmmlu,step_002500,final_train_loss,lower,validation_selected_proposed,peft_default,3,-0.019155447371304035,0.021012941528530032,0.019155447371304035,"[42, 123, 1107]","[""qwen__cmmlu__qv__validation_selected_proposed__s1107__n2500"", ""qwen__cmmlu__qv__validation_selected_proposed__s123__n2500"", ""qwen__cmmlu__qv__validation_selected_proposed__s42__n2500""]","[""qwen__cmmlu__qv__peft_default__s1107__n2500"", ""qwen__cmmlu__qv__peft_default__s123__n2500"", ""qwen__cmmlu__qv__peft_default__s42__n2500""]"
baseline_fairness_final,qwen,cmmlu,step_002500,macro_accuracy,higher,dora,peft_default,3,-0.0038752812348112156,0.00147211928867953,-0.0038752812348112156,"[42, 123, 1107]","[""qwen__cmmlu__qv__dora__s1107__n2500"", ""qwen__cmmlu__qv__dora__s123__n2500"", ""qwen__cmmlu__qv__dora__s42__n2500""]","[""qwen__cmmlu__qv__peft_default__s1107__n2500"", ""qwen__cmmlu__qv__peft_default__s123__n2500"", ""qwen__cmmlu__qv__peft_default__s42__n2500""]"
baseline_fairness_final,qwen,cmmlu,step_002500,macro_accuracy,higher,lora_one,peft_default,3,0.015397352962403668,0.0025159135521382525,0.015397352962403668,"[42, 123, 1107]","[""qwen__cmmlu__qv__lora_one__s1107__n2500"", ""qwen__cmmlu__qv__lora_one__s123__n2500"", ""qwen__cmmlu__qv__lora_one__s42__n2500""]","[""qwen__cmmlu__qv__peft_default__s1107__n2500"", ""qwen__cmmlu__qv__peft_default__s123__n2500"", ""qwen__cmmlu__qv__peft_default__s42__n2500""]"
baseline_fairness_final,qwen,cmmlu,step_002500,macro_accuracy,higher,pissa,peft_default,3,0.014545961479935662,0.002346102038663273,0.014545961479935662,"[42, 123, 1107]","[""qwen__cmmlu__qv__pissa__s1107__n2500"", ""qwen__cmmlu__qv__pissa__s123__n2500"", ""qwen__cmmlu__qv__pissa__s42__n2500""]","[""qwen__cmmlu__qv__peft_default__s1107__n2500"", ""qwen__cmmlu__qv__peft_default__s123__n2500"", ""qwen__cmmlu__qv__peft_default__s42__n2500""]"
baseline_fairness_final,qwen,cmmlu,step_002500,macro_accuracy,higher,validation_selected_proposed,peft_default,3,0.005251984323786448,0.003916200397717069,0.005251984323786448,"[42, 123, 1107]","[""qwen__cmmlu__qv__validation_selected_proposed__s1107__n2500"", ""qwen__cmmlu__qv__validation_selected_proposed__s123__n2500"", ""qwen__cmmlu__qv__validation_selected_proposed__s42__n2500""]","[""qwen__cmmlu__qv__peft_default__s1107__n2500"", ""qwen__cmmlu__qv__peft_default__s123__n2500"", ""qwen__cmmlu__qv__peft_default__s42__n2500""]"
core_500step,openpangu,cmmlu,step_000500,final_train_loss,lower,iid_matched,peft_default,3,-0.2041526362299919,0.03843994275181218,0.2041526362299919,"[42, 123, 1107]","[""openpangu__cmmlu__qv__iid_matched__s1107__n500"", ""openpangu__cmmlu__qv__iid_matched__s123__n500"", ""openpangu__cmmlu__qv__iid_matched__s42__n500""]","[""openpangu__cmmlu__qv__peft_default__s1107__n500"", ""openpangu__cmmlu__qv__peft_default__s123__n500"", ""openpangu__cmmlu__qv__peft_default__s42__n500""]"
core_500step,openpangu,cmmlu,step_000500,final_train_loss,lower,peft_default,iid_matched,3,0.2041526362299919,0.03843994275181218,-0.2041526362299919,"[42, 123, 1107]","[""openpangu__cmmlu__qv__peft_default__s1107__n500"", ""openpangu__cmmlu__qv__peft_default__s123__n500"", ""openpangu__cmmlu__qv__peft_default__s42__n500""]","[""openpangu__cmmlu__qv__iid_matched__s1107__n500"", ""openpangu__cmmlu__qv__iid_matched__s123__n500"", ""openpangu__cmmlu__qv__iid_matched__s42__n500""]"
core_500step,openpangu,cmmlu,step_000500,final_train_loss,lower,powerlaw_global_a06,iid_matched,3,0.007866556445757547,0.09074180579098642,-0.007866556445757547,"[42, 123, 1107]","[""openpangu__cmmlu__qv__powerlaw_global_a06__s1107__n500"", ""openpangu__cmmlu__qv__powerlaw_global_a06__s123__n500"", ""openpangu__cmmlu__qv__powerlaw_global_a06__s42__n500""]","[""openpangu__cmmlu__qv__iid_matched__s1107__n500"", ""openpangu__cmmlu__qv__iid_matched__s123__n500"", ""openpangu__cmmlu__qv__iid_matched__s42__n500""]"
core_500step,openpangu,cmmlu,step_000500,final_train_loss,lower,powerlaw_global_a06,peft_default,3,-0.19628607978423437,0.09158099065273083,0.19628607978423437,"[42, 123, 1107]","[""openpangu__cmmlu__qv__powerlaw_global_a06__s1107__n500"", ""openpangu__cmmlu__qv__powerlaw_global_a06__s123__n500"", ""openpangu__cmmlu__qv__powerlaw_global_a06__s42__n500""]","[""openpangu__cmmlu__qv__peft_default__s1107__n500"", ""openpangu__cmmlu__qv__peft_default__s123__n500"", ""openpangu__cmmlu__qv__peft_default__s42__n500""]"
core_500step,openpangu,cmmlu,step_000500,final_train_loss,lower,powerlaw_shuffle_a06,iid_matched,3,0.010875406364599863,0.034238940213836264,-0.010875406364599863,"[42, 123, 1107]","[""openpangu__cmmlu__qv__powerlaw_shuffle_a06__s1107__n500"", ""openpangu__cmmlu__qv__powerlaw_shuffle_a06__s123__n500"", ""openpangu__cmmlu__qv__powerlaw_shuffle_a06__s42__n500""]","[""openpangu__cmmlu__qv__iid_matched__s1107__n500"", ""openpangu__cmmlu__qv__iid_matched__s123__n500"", ""openpangu__cmmlu__qv__iid_matched__s42__n500""]"
core_500step,openpangu,cmmlu,step_000500,final_train_loss,lower,powerlaw_shuffle_a06,peft_default,3,-0.19327722986539206,0.010047616683904588,0.19327722986539206,"[42, 123, 1107]","[""openpangu__cmmlu__qv__powerlaw_shuffle_a06__s1107__n500"", ""openpangu__cmmlu__qv__powerlaw_shuffle_a06__s123__n500"", ""openpangu__cmmlu__qv__powerlaw_shuffle_a06__s42__n500""]","[""openpangu__cmmlu__qv__peft_default__s1107__n500"", ""openpangu__cmmlu__qv__peft_default__s123__n500"", ""openpangu__cmmlu__qv__peft_default__s42__n500""]"
core_500step,openpangu,cmmlu,step_000500,raw_auc500,lower,iid_matched,peft_default,3,-86.74735569953918,22.807707143483313,86.74735569953918,"[42, 123, 1107]","[""openpangu__cmmlu__qv__iid_matched__s1107__n500"", ""openpangu__cmmlu__qv__iid_matched__s123__n500"", ""openpangu__cmmlu__qv__iid_matched__s42__n500""]","[""openpangu__cmmlu__qv__peft_default__s1107__n500"", ""openpangu__cmmlu__qv__peft_default__s123__n500"", ""openpangu__cmmlu__qv__peft_default__s42__n500""]"
core_500step,openpangu,cmmlu,step_000500,raw_auc500,lower,peft_default,iid_matched,3,86.74735569953918,22.807707143483313,-86.74735569953918,"[42, 123, 1107]","[""openpangu__cmmlu__qv__peft_default__s1107__n500"", ""openpangu__cmmlu__qv__peft_default__s123__n500"", ""openpangu__cmmlu__qv__peft_default__s42__n500""]","[""openpangu__cmmlu__qv__iid_matched__s1107__n500"", ""openpangu__cmmlu__qv__iid_matched__s123__n500"", ""openpangu__cmmlu__qv__iid_matched__s42__n500""]"
core_500step,openpangu,cmmlu,step_000500,raw_auc500,lower,powerlaw_global_a06,iid_matched,3,15.606016712884108,35.78671774638415,-15.606016712884108,"[42, 123, 1107]","[""openpangu__cmmlu__qv__powerlaw_global_a06__s1107__n500"", ""openpangu__cmmlu__qv__powerlaw_global_a06__s123__n500"", ""openpangu__cmmlu__qv__powerlaw_global_a06__s42__n500""]","[""openpangu__cmmlu__qv__iid_matched__s1107__n500"", ""openpangu__cmmlu__qv__iid_matched__s123__n500"", ""openpangu__cmmlu__qv__iid_matched__s42__n500""]"
core_500step,openpangu,cmmlu,step_000500,raw_auc500,lower,powerlaw_global_a06,peft_default,3,-71.14133898665507,18.940740109736925,71.14133898665507,"[42, 123, 1107]","[""openpangu__cmmlu__qv__powerlaw_global_a06__s1107__n500"", ""openpangu__cmmlu__qv__powerlaw_global_a06__s123__n500"", ""openpangu__cmmlu__qv__powerlaw_global_a06__s42__n500""]","[""openpangu__cmmlu__qv__peft_default__s1107__n500"", ""openpangu__cmmlu__qv__peft_default__s123__n500"", ""openpangu__cmmlu__qv__peft_default__s42__n500""]"
core_500step,openpangu,cmmlu,step_000500,raw_auc500,lower,powerlaw_shuffle_a06,iid_matched,3,12.488959594319264,20.36924522001289,-12.488959594319264,"[42, 123, 1107]","[""openpangu__cmmlu__qv__powerlaw_shuffle_a06__s1107__n500"", ""openpangu__cmmlu__qv__powerlaw_shuffle_a06__s123__n500"", ""openpangu__cmmlu__qv__powerlaw_shuffle_a06__s42__n500""]","[""openpangu__cmmlu__qv__iid_matched__s1107__n500"", ""openpangu__cmmlu__qv__iid_matched__s123__n500"", ""openpangu__cmmlu__qv__iid_matched__s42__n500""]"
core_500step,openpangu,cmmlu,step_000500,raw_auc500,lower,powerlaw_shuffle_a06,peft_default,3,-74.25839610521992,2.5338225035369857,74.25839610521992,"[42, 123, 1107]","[""openpangu__cmmlu__qv__powerlaw_shuffle_a06__s1107__n500"", ""openpangu__cmmlu__qv__powerlaw_shuffle_a06__s123__n500"", ""openpangu__cmmlu__qv__powerlaw_shuffle_a06__s42__n500""]","[""openpangu__cmmlu__qv__peft_default__s1107__n500"", ""openpangu__cmmlu__qv__peft_default__s123__n500"", ""openpangu__cmmlu__qv__peft_default__s42__n500""]"
core_500step,openpangu,gsm8k,step_000500,final_train_loss,lower,iid_matched,peft_default,3,-0.02232773353656133,0.03127726677609828,0.02232773353656133,"[42, 123, 1107]","[""openpangu__gsm8k__qv__iid_matched__s1107__n500"", ""openpangu__gsm8k__qv__iid_matched__s123__n500"", ""openpangu__gsm8k__qv__iid_matched__s42__n500""]","[""openpangu__gsm8k__qv__peft_default__s1107__n500"", ""openpangu__gsm8k__qv__peft_default__s123__n500"", ""openpangu__gsm8k__qv__peft_default__s42__n500""]"
core_500step,openpangu,gsm8k,step_000500,final_train_loss,lower,peft_default,iid_matched,3,0.02232773353656133,0.03127726677609828,-0.02232773353656133,"[42, 123, 1107]","[""openpangu__gsm8k__qv__peft_default__s1107__n500"", ""openpangu__gsm8k__qv__peft_default__s123__n500"", ""openpangu__gsm8k__qv__peft_default__s42__n500""]","[""openpangu__gsm8k__qv__iid_matched__s1107__n500"", ""openpangu__gsm8k__qv__iid_matched__s123__n500"", ""openpangu__gsm8k__qv__iid_matched__s42__n500""]"
core_500step,openpangu,gsm8k,step_000500,final_train_loss,lower,powerlaw_global_a06,iid_matched,3,0.026860587298870087,0.021072407710802498,-0.026860587298870087,"[42, 123, 1107]","[""openpangu__gsm8k__qv__powerlaw_global_a06__s1107__n500"", ""openpangu__gsm8k__qv__powerlaw_global_a06__s123__n500"", ""openpangu__gsm8k__qv__powerlaw_global_a06__s42__n500""]","[""openpangu__gsm8k__qv__iid_matched__s1107__n500"", ""openpangu__gsm8k__qv__iid_matched__s123__n500"", ""openpangu__gsm8k__qv__iid_matched__s42__n500""]"
core_500step,openpangu,gsm8k,step_000500,final_train_loss,lower,powerlaw_global_a06,peft_default,3,0.004532853762308757,0.01825074091256868,-0.004532853762308757,"[42, 123, 1107]","[""openpangu__gsm8k__qv__powerlaw_global_a06__s1107__n500"", ""openpangu__gsm8k__qv__powerlaw_global_a06__s123__n500"", ""openpangu__gsm8k__qv__powerlaw_global_a06__s42__n500""]","[""openpangu__gsm8k__qv__peft_default__s1107__n500"", ""openpangu__gsm8k__qv__peft_default__s123__n500"", ""openpangu__gsm8k__qv__peft_default__s42__n500""]"
core_500step,openpangu,gsm8k,step_000500,final_train_loss,lower,powerlaw_shuffle_a06,iid_matched,3,0.015526714424292246,0.04336431198650416,-0.015526714424292246,"[42, 123, 1107]","[""openpangu__gsm8k__qv__powerlaw_shuffle_a06__s1107__n500"", ""openpangu__gsm8k__qv__powerlaw_shuffle_a06__s123__n500"", ""openpangu__gsm8k__qv__powerlaw_shuffle_a06__s42__n500""]","[""openpangu__gsm8k__qv__iid_matched__s1107__n500"", ""openpangu__gsm8k__qv__iid_matched__s123__n500"", ""openpangu__gsm8k__qv__iid_matched__s42__n500""]"
core_500step,openpangu,gsm8k,step_000500,final_train_loss,lower,powerlaw_shuffle_a06,peft_default,3,-0.006801019112269084,0.028596868455727852,0.006801019112269084,"[42, 123, 1107]","[""openpangu__gsm8k__qv__powerlaw_shuffle_a06__s1107__n500"", ""openpangu__gsm8k__qv__powerlaw_shuffle_a06__s123__n500"", ""openpangu__gsm8k__qv__powerlaw_shuffle_a06__s42__n500""]","[""openpangu__gsm8k__qv__peft_default__s1107__n500"", ""openpangu__gsm8k__qv__peft_default__s123__n500"", ""openpangu__gsm8k__qv__peft_default__s42__n500""]"
core_500step,openpangu,gsm8k,step_000500,raw_auc500,lower,iid_matched,peft_default,3,-25.646658317496378,8.575344586120146,25.646658317496378,"[42, 123, 1107]","[""openpangu__gsm8k__qv__iid_matched__s1107__n500"", ""openpangu__gsm8k__qv__iid_matched__s123__n500"", ""openpangu__gsm8k__qv__iid_matched__s42__n500""]","[""openpangu__gsm8k__qv__peft_default__s1107__n500"", ""openpangu__gsm8k__qv__peft_default__s123__n500"", ""openpangu__gsm8k__qv__peft_default__s42__n500""]"
core_500step,openpangu,gsm8k,step_000500,raw_auc500,lower,peft_default,iid_matched,3,25.646658317496378,8.575344586120146,-25.646658317496378,"[42, 123, 1107]","[""openpangu__gsm8k__qv__peft_default__s1107__n500"", ""openpangu__gsm8k__qv__peft_default__s123__n500"", ""openpangu__gsm8k__qv__peft_default__s42__n500""]","[""openpangu__gsm8k__qv__iid_matched__s1107__n500"", ""openpangu__gsm8k__qv__iid_matched__s123__n500"", ""openpangu__gsm8k__qv__iid_matched__s42__n500""]"
core_500step,openpangu,gsm8k,step_000500,raw_auc500,lower,powerlaw_global_a06,iid_matched,3,8.494934901595116,8.021426768613628,-8.494934901595116,"[42, 123, 1107]","[""openpangu__gsm8k__qv__powerlaw_global_a06__s1107__n500"", ""openpangu__gsm8k__qv__powerlaw_global_a06__s123__n500"", ""openpangu__gsm8k__qv__powerlaw_global_a06__s42__n500""]","[""openpangu__gsm8k__qv__iid_matched__s1107__n500"", ""openpangu__gsm8k__qv__iid_matched__s123__n500"", ""openpangu__gsm8k__qv__iid_matched__s42__n500""]"
core_500step,openpangu,gsm8k,step_000500,raw_auc500,lower,powerlaw_global_a06,peft_default,3,-17.151723415901262,2.3190186546994895,17.151723415901262,"[42, 123, 1107]","[""openpangu__gsm8k__qv__powerlaw_global_a06__s1107__n500"", ""openpangu__gsm8k__qv__powerlaw_global_a06__s123__n500"", ""openpangu__gsm8k__qv__powerlaw_global_a06__s42__n500""]","[""openpangu__gsm8k__qv__peft_default__s1107__n500"", ""openpangu__gsm8k__qv__peft_default__s123__n500"", ""openpangu__gsm8k__qv__peft_default__s42__n500""]"
core_500step,openpangu,gsm8k,step_000500,raw_auc500,lower,powerlaw_shuffle_a06,iid_matched,3,7.732998533795278,12.34671400089313,-7.732998533795278,"[42, 123, 1107]","[""openpangu__gsm8k__qv__powerlaw_shuffle_a06__s1107__n500"", ""openpangu__gsm8k__qv__powerlaw_shuffle_a06__s123__n500"", ""openpangu__gsm8k__qv__powerlaw_shuffle_a06__s42__n500""]","[""openpangu__gsm8k__qv__iid_matched__s1107__n500"", ""openpangu__gsm8k__qv__iid_matched__s123__n500"", ""openpangu__gsm8k__qv__iid_matched__s42__n500""]"
core_500step,openpangu,gsm8k,step_000500,raw_auc500,lower,powerlaw_shuffle_a06,peft_default,3,-17.913659783701103,3.845750817892184,17.913659783701103,"[42, 123, 1107]","[""openpangu__gsm8k__qv__powerlaw_shuffle_a06__s1107__n500"", ""openpangu__gsm8k__qv__powerlaw_shuffle_a06__s123__n500"", ""openpangu__gsm8k__qv__powerlaw_shuffle_a06__s42__n500""]","[""openpangu__gsm8k__qv__peft_default__s1107__n500"", ""openpangu__gsm8k__qv__peft_default__s123__n500"", ""openpangu__gsm8k__qv__peft_default__s42__n500""]"
core_500step,openpangu,mbpp,step_000500,final_train_loss,lower,iid_matched,peft_default,3,-0.07013543571035068,0.024138543589865474,0.07013543571035068,"[42, 123, 1107]","[""openpangu__mbpp__qv__iid_matched__s1107__n500"", ""openpangu__mbpp__qv__iid_matched__s123__n500"", ""openpangu__mbpp__qv__iid_matched__s42__n500""]","[""openpangu__mbpp__qv__peft_default__s1107__n500"", ""openpangu__mbpp__qv__peft_default__s123__n500"", ""openpangu__mbpp__qv__peft_default__s42__n500""]"
core_500step,openpangu,mbpp,step_000500,final_train_loss,lower,peft_default,iid_matched,3,0.07013543571035068,0.024138543589865474,-0.07013543571035068,"[42, 123, 1107]","[""openpangu__mbpp__qv__peft_default__s1107__n500"", ""openpangu__mbpp__qv__peft_default__s123__n500"", ""openpangu__mbpp__qv__peft_default__s42__n500""]","[""openpangu__mbpp__qv__iid_matched__s1107__n500"", ""openpangu__mbpp__qv__iid_matched__s123__n500"", ""openpangu__mbpp__qv__iid_matched__s42__n500""]"
core_500step,openpangu,mbpp,step_000500,final_train_loss,lower,powerlaw_global_a06,iid_matched,3,0.02138178174694379,0.025083016144665734,-0.02138178174694379,"[42, 123, 1107]","[""openpangu__mbpp__qv__powerlaw_global_a06__s1107__n500"", ""openpangu__mbpp__qv__powerlaw_global_a06__s123__n500"", ""openpangu__mbpp__qv__powerlaw_global_a06__s42__n500""]","[""openpangu__mbpp__qv__iid_matched__s1107__n500"", ""openpangu__mbpp__qv__iid_matched__s123__n500"", ""openpangu__mbpp__qv__iid_matched__s42__n500""]"
core_500step,openpangu,mbpp,step_000500,final_train_loss,lower,powerlaw_global_a06,peft_default,3,-0.04875365396340688,0.0425384707525896,0.04875365396340688,"[42, 123, 1107]","[""openpangu__mbpp__qv__powerlaw_global_a06__s1107__n500"", ""openpangu__mbpp__qv__powerlaw_global_a06__s123__n500"", ""openpangu__mbpp__qv__powerlaw_global_a06__s42__n500""]","[""openpangu__mbpp__qv__peft_default__s1107__n500"", ""openpangu__mbpp__qv__peft_default__s123__n500"", ""openpangu__mbpp__qv__peft_default__s42__n500""]"
core_500step,openpangu,mbpp,step_000500,final_train_loss,lower,powerlaw_shuffle_a06,iid_matched,3,-0.007765175153811772,0.03583700144769152,0.007765175153811772,"[42, 123, 1107]","[""openpangu__mbpp__qv__powerlaw_shuffle_a06__s1107__n500"", ""openpangu__mbpp__qv__powerlaw_shuffle_a06__s123__n500"", ""openpangu__mbpp__qv__powerlaw_shuffle_a06__s42__n500""]","[""openpangu__mbpp__qv__iid_matched__s1107__n500"", ""openpangu__mbpp__qv__iid_matched__s123__n500"", ""openpangu__mbpp__qv__iid_matched__s42__n500""]"
core_500step,openpangu,mbpp,step_000500,final_train_loss,lower,powerlaw_shuffle_a06,peft_default,3,-0.07790061086416245,0.024272578664956534,0.07790061086416245,"[42, 123, 1107]","[""openpangu__mbpp__qv__powerlaw_shuffle_a06__s1107__n500"", ""openpangu__mbpp__qv__powerlaw_shuffle_a06__s123__n500"", ""openpangu__mbpp__qv__powerlaw_shuffle_a06__s42__n500""]","[""openpangu__mbpp__qv__peft_default__s1107__n500"", ""openpangu__mbpp__qv__peft_default__s123__n500"", ""openpangu__mbpp__qv__peft_default__s42__n500""]"
core_500step,openpangu,mbpp,step_000500,raw_auc500,lower,iid_matched,peft_default,3,-30.467324076220393,11.99033915034646,30.467324076220393,"[42, 123, 1107]","[""openpangu__mbpp__qv__iid_matched__s1107__n500"", ""openpangu__mbpp__qv__iid_matched__s123__n500"", ""openpangu__mbpp__qv__iid_matched__s42__n500""]","[""openpangu__mbpp__qv__peft_default__s1107__n500"", ""openpangu__mbpp__qv__peft_default__s123__n500"", ""openpangu__mbpp__qv__peft_default__s42__n500""]"
core_500step,openpangu,mbpp,step_000500,raw_auc500,lower,peft_default,iid_matched,3,30.467324076220393,11.99033915034646,-30.467324076220393,"[42, 123, 1107]","[""openpangu__mbpp__qv__peft_default__s1107__n500"", ""openpangu__mbpp__qv__peft_default__s123__n500"", ""openpangu__mbpp__qv__peft_default__s42__n500""]","[""openpangu__mbpp__qv__iid_matched__s1107__n500"", ""openpangu__mbpp__qv__iid_matched__s123__n500"", ""openpangu__mbpp__qv__iid_matched__s42__n500""]"
core_500step,openpangu,mbpp,step_000500,raw_auc500,lower,powerlaw_global_a06,iid_matched,3,6.780789986873667,13.021934729977234,-6.780789986873667,"[42, 123, 1107]","[""openpangu__mbpp__qv__powerlaw_global_a06__s1107__n500"", ""openpangu__mbpp__qv__powerlaw_global_a06__s123__n500"", ""openpangu__mbpp__qv__powerlaw_global_a06__s42__n500""]","[""openpangu__mbpp__qv__iid_matched__s1107__n500"", ""openpangu__mbpp__qv__iid_matched__s123__n500"", ""openpangu__mbpp__qv__iid_matched__s42__n500""]"
core_500step,openpangu,mbpp,step_000500,raw_auc500,lower,powerlaw_global_a06,peft_default,3,-23.686534089346726,13.45683236626918,23.686534089346726,"[42, 123, 1107]","[""openpangu__mbpp__qv__powerlaw_global_a06__s1107__n500"", ""openpangu__mbpp__qv__powerlaw_global_a06__s123__n500"", ""openpangu__mbpp__qv__powerlaw_global_a06__s42__n500""]","[""openpangu__mbpp__qv__peft_default__s1107__n500"", ""openpangu__mbpp__qv__peft_default__s123__n500"", ""openpangu__mbpp__qv__peft_default__s42__n500""]"
core_500step,openpangu,mbpp,step_000500,raw_auc500,lower,powerlaw_shuffle_a06,iid_matched,3,3.717802597209811,11.311756910352878,-3.717802597209811,"[42, 123, 1107]","[""openpangu__mbpp__qv__powerlaw_shuffle_a06__s1107__n500"", ""openpangu__mbpp__qv__powerlaw_shuffle_a06__s123__n500"", ""openpangu__mbpp__qv__powerlaw_shuffle_a06__s42__n500""]","[""openpangu__mbpp__qv__iid_matched__s1107__n500"", ""openpangu__mbpp__qv__iid_matched__s123__n500"", ""openpangu__mbpp__qv__iid_matched__s42__n500""]"
core_500step,openpangu,mbpp,step_000500,raw_auc500,lower,powerlaw_shuffle_a06,peft_default,3,-26.749521479010582,1.0540913155502196,26.749521479010582,"[42, 123, 1107]","[""openpangu__mbpp__qv__powerlaw_shuffle_a06__s1107__n500"", ""openpangu__mbpp__qv__powerlaw_shuffle_a06__s123__n500"", ""openpangu__mbpp__qv__powerlaw_shuffle_a06__s42__n500""]","[""openpangu__mbpp__qv__peft_default__s1107__n500"", ""openpangu__mbpp__qv__peft_default__s123__n500"", ""openpangu__mbpp__qv__peft_default__s42__n500""]"
core_500step,openpangu,sharegpt,step_000500,final_train_loss,lower,iid_matched,peft_default,3,-0.010169066488742828,0.004622851376349441,0.010169066488742828,"[42, 123, 1107]","[""openpangu__sharegpt__qv__iid_matched__s1107__n500"", ""openpangu__sharegpt__qv__iid_matched__s123__n500"", ""openpangu__sharegpt__qv__iid_matched__s42__n500""]","[""openpangu__sharegpt__qv__peft_default__s1107__n500"", ""openpangu__sharegpt__qv__peft_default__s123__n500"", ""openpangu__sharegpt__qv__peft_default__s42__n500""]"
core_500step,openpangu,sharegpt,step_000500,final_train_loss,lower,peft_default,iid_matched,3,0.010169066488742828,0.004622851376349441,-0.010169066488742828,"[42, 123, 1107]","[""openpangu__sharegpt__qv__peft_default__s1107__n500"", ""openpangu__sharegpt__qv__peft_default__s123__n500"", ""openpangu__sharegpt__qv__peft_default__s42__n500""]","[""openpangu__sharegpt__qv__iid_matched__s1107__n500"", ""openpangu__sharegpt__qv__iid_matched__s123__n500"", ""openpangu__sharegpt__qv__iid_matched__s42__n500""]"
core_500step,openpangu,sharegpt,step_000500,final_train_loss,lower,powerlaw_global_a06,iid_matched,3,0.00014694531758626303,0.0024503988109386347,-0.00014694531758626303,"[42, 123, 1107]","[""openpangu__sharegpt__qv__powerlaw_global_a06__s1107__n500"", ""openpangu__sharegpt__qv__powerlaw_global_a06__s123__n500"", ""openpangu__sharegpt__qv__powerlaw_global_a06__s42__n500""]","[""openpangu__sharegpt__qv__iid_matched__s1107__n500"", ""openpangu__sharegpt__qv__iid_matched__s123__n500"", ""openpangu__sharegpt__qv__iid_matched__s42__n500""]"
core_500step,openpangu,sharegpt,step_000500,final_train_loss,lower,powerlaw_global_a06,peft_default,3,-0.010022121171156565,0.006954888074083084,0.010022121171156565,"[42, 123, 1107]","[""openpangu__sharegpt__qv__powerlaw_global_a06__s1107__n500"", ""openpangu__sharegpt__qv__powerlaw_global_a06__s123__n500"", ""openpangu__sharegpt__qv__powerlaw_global_a06__s42__n500""]","[""openpangu__sharegpt__qv__peft_default__s1107__n500"", ""openpangu__sharegpt__qv__peft_default__s123__n500"", ""openpangu__sharegpt__qv__peft_default__s42__n500""]"
core_500step,openpangu,sharegpt,step_000500,final_train_loss,lower,powerlaw_shuffle_a06,iid_matched,3,0.0007196987668673197,0.0028539999190835834,-0.0007196987668673197,"[42, 123, 1107]","[""openpangu__sharegpt__qv__powerlaw_shuffle_a06__s1107__n500"", ""openpangu__sharegpt__qv__powerlaw_shuffle_a06__s123__n500"", ""openpangu__sharegpt__qv__powerlaw_shuffle_a06__s42__n500""]","[""openpangu__sharegpt__qv__iid_matched__s1107__n500"", ""openpangu__sharegpt__qv__iid_matched__s123__n500"", ""openpangu__sharegpt__qv__iid_matched__s42__n500""]"
core_500step,openpangu,sharegpt,step_000500,final_train_loss,lower,powerlaw_shuffle_a06,peft_default,3,-0.00944936772187551,0.0018120541749890246,0.00944936772187551,"[42, 123, 1107]","[""openpangu__sharegpt__qv__powerlaw_shuffle_a06__s1107__n500"", ""openpangu__sharegpt__qv__powerlaw_shuffle_a06__s123__n500"", ""openpangu__sharegpt__qv__powerlaw_shuffle_a06__s42__n500""]","[""openpangu__sharegpt__qv__peft_default__s1107__n500"", ""openpangu__sharegpt__qv__peft_default__s123__n500"", ""openpangu__sharegpt__qv__peft_default__s42__n500""]"
core_500step,openpangu,sharegpt,step_000500,raw_auc500,lower,iid_matched,peft_default,3,-12.582383170723915,3.7246792940941775,12.582383170723915,"[42, 123, 1107]","[""openpangu__sharegpt__qv__iid_matched__s1107__n500"", ""openpangu__sharegpt__qv__iid_matched__s123__n500"", ""openpangu__sharegpt__qv__iid_matched__s42__n500""]","[""openpangu__sharegpt__qv__peft_default__s1107__n500"", ""openpangu__sharegpt__qv__peft_default__s123__n500"", ""openpangu__sharegpt__qv__peft_default__s42__n500""]"
core_500step,openpangu,sharegpt,step_000500,raw_auc500,lower,peft_default,iid_matched,3,12.582383170723915,3.7246792940941775,-12.582383170723915,"[42, 123, 1107]","[""openpangu__sharegpt__qv__peft_default__s1107__n500"", ""openpangu__sharegpt__qv__peft_default__s123__n500"", ""openpangu__sharegpt__qv__peft_default__s42__n500""]","[""openpangu__sharegpt__qv__iid_matched__s1107__n500"", ""openpangu__sharegpt__qv__iid_matched__s123__n500"", ""openpangu__sharegpt__qv__iid_matched__s42__n500""]"
core_500step,openpangu,sharegpt,step_000500,raw_auc500,lower,powerlaw_global_a06,iid_matched,3,0.27289357346793014,3.1914626813067755,-0.27289357346793014,"[42, 123, 1107]","[""openpangu__sharegpt__qv__powerlaw_global_a06__s1107__n500"", ""openpangu__sharegpt__qv__powerlaw_global_a06__s123__n500"", ""openpangu__sharegpt__qv__powerlaw_global_a06__s42__n500""]","[""openpangu__sharegpt__qv__iid_matched__s1107__n500"", ""openpangu__sharegpt__qv__iid_matched__s123__n500"", ""openpangu__sharegpt__qv__iid_matched__s42__n500""]"
core_500step,openpangu,sharegpt,step_000500,raw_auc500,lower,powerlaw_global_a06,peft_default,3,-12.309489597255984,1.9607642652342159,12.309489597255984,"[42, 123, 1107]","[""openpangu__sharegpt__qv__powerlaw_global_a06__s1107__n500"", ""openpangu__sharegpt__qv__powerlaw_global_a06__s123__n500"", ""openpangu__sharegpt__qv__powerlaw_global_a06__s42__n500""]","[""openpangu__sharegpt__qv__peft_default__s1107__n500"", ""openpangu__sharegpt__qv__peft_default__s123__n500"", ""openpangu__sharegpt__qv__peft_default__s42__n500""]"
core_500step,openpangu,sharegpt,step_000500,raw_auc500,lower,powerlaw_shuffle_a06,iid_matched,3,0.04233864570657412,3.014862899157926,-0.04233864570657412,"[42, 123, 1107]","[""openpangu__sharegpt__qv__powerlaw_shuffle_a06__s1107__n500"", ""openpangu__sharegpt__qv__powerlaw_shuffle_a06__s123__n500"", ""openpangu__sharegpt__qv__powerlaw_shuffle_a06__s42__n500""]","[""openpangu__sharegpt__qv__iid_matched__s1107__n500"", ""openpangu__sharegpt__qv__iid_matched__s123__n500"", ""openpangu__sharegpt__qv__iid_matched__s42__n500""]"
core_500step,openpangu,sharegpt,step_000500,raw_auc500,lower,powerlaw_shuffle_a06,peft_default,3,-12.540044525017342,1.1394793686763063,12.540044525017342,"[42, 123, 1107]","[""openpangu__sharegpt__qv__powerlaw_shuffle_a06__s1107__n500"", ""openpangu__sharegpt__qv__powerlaw_shuffle_a06__s123__n500"", ""openpangu__sharegpt__qv__powerlaw_shuffle_a06__s42__n500""]","[""openpangu__sharegpt__qv__peft_default__s1107__n500"", ""openpangu__sharegpt__qv__peft_default__s123__n500"", ""openpangu__sharegpt__qv__peft_default__s42__n500""]"
downstream_2500step,openpangu,cmmlu,step_000100,macro_accuracy,higher,powerlaw_global_a06,peft_default,1,0.00544925239480365,,0.00544925239480365,[1107],"[""openpangu__cmmlu__qv__powerlaw_global_a06__s1107__n2500""]","[""openpangu__cmmlu__qv__peft_default__s1107__n2500""]"
downstream_2500step,openpangu,cmmlu,step_000500,macro_accuracy,higher,powerlaw_global_a06,peft_default,1,0.003964808488951033,,0.003964808488951033,[1107],"[""openpangu__cmmlu__qv__powerlaw_global_a06__s1107__n2500""]","[""openpangu__cmmlu__qv__peft_default__s1107__n2500""]"
downstream_2500step,openpangu,cmmlu,step_000500,raw_auc500,lower,iid_matched,peft_default,3,-75.93893943044047,19.685985748352923,75.93893943044047,"[42, 123, 1107]","[""openpangu__cmmlu__qv__iid_matched__s1107__n2500"", ""openpangu__cmmlu__qv__iid_matched__s123__n2500"", ""openpangu__cmmlu__qv__iid_matched__s42__n2500""]","[""openpangu__cmmlu__qv__peft_default__s1107__n2500"", ""openpangu__cmmlu__qv__peft_default__s123__n2500"", ""openpangu__cmmlu__qv__peft_default__s42__n2500""]"
downstream_2500step,openpangu,cmmlu,step_000500,raw_auc500,lower,peft_default,iid_matched,3,75.93893943044047,19.685985748352923,-75.93893943044047,"[42, 123, 1107]","[""openpangu__cmmlu__qv__peft_default__s1107__n2500"", ""openpangu__cmmlu__qv__peft_default__s123__n2500"", ""openpangu__cmmlu__qv__peft_default__s42__n2500""]","[""openpangu__cmmlu__qv__iid_matched__s1107__n2500"", ""openpangu__cmmlu__qv__iid_matched__s123__n2500"", ""openpangu__cmmlu__qv__iid_matched__s42__n2500""]"
downstream_2500step,openpangu,cmmlu,step_000500,raw_auc500,lower,powerlaw_global_a06,iid_matched,3,1.408856241653363,14.35419978481034,-1.408856241653363,"[42, 123, 1107]","[""openpangu__cmmlu__qv__powerlaw_global_a06__s1107__n2500"", ""openpangu__cmmlu__qv__powerlaw_global_a06__s123__n2500"", ""openpangu__cmmlu__qv__powerlaw_global_a06__s42__n2500""]","[""openpangu__cmmlu__qv__iid_matched__s1107__n2500"", ""openpangu__cmmlu__qv__iid_matched__s123__n2500"", ""openpangu__cmmlu__qv__iid_matched__s42__n2500""]"
downstream_2500step,openpangu,cmmlu,step_000500,raw_auc500,lower,powerlaw_global_a06,peft_default,3,-74.5300831887871,8.817238839892145,74.5300831887871,"[42, 123, 1107]","[""openpangu__cmmlu__qv__powerlaw_global_a06__s1107__n2500"", ""openpangu__cmmlu__qv__powerlaw_global_a06__s123__n2500"", ""openpangu__cmmlu__qv__powerlaw_global_a06__s42__n2500""]","[""openpangu__cmmlu__qv__peft_default__s1107__n2500"", ""openpangu__cmmlu__qv__peft_default__s123__n2500"", ""openpangu__cmmlu__qv__peft_default__s42__n2500""]"
downstream_2500step,openpangu,cmmlu,step_001500,macro_accuracy,higher,powerlaw_global_a06,peft_default,1,0.031782758956272195,,0.031782758956272195,[1107],"[""openpangu__cmmlu__qv__powerlaw_global_a06__s1107__n2500""]","[""openpangu__cmmlu__qv__peft_default__s1107__n2500""]"
downstream_2500step,openpangu,cmmlu,step_002500,final_train_loss,lower,iid_matched,peft_default,3,-0.024510801459352177,0.028960318626148198,0.024510801459352177,"[42, 123, 1107]","[""openpangu__cmmlu__qv__iid_matched__s1107__n2500"", ""openpangu__cmmlu__qv__iid_matched__s123__n2500"", ""openpangu__cmmlu__qv__iid_matched__s42__n2500""]","[""openpangu__cmmlu__qv__peft_default__s1107__n2500"", ""openpangu__cmmlu__qv__peft_default__s123__n2500"", ""openpangu__cmmlu__qv__peft_default__s42__n2500""]"
downstream_2500step,openpangu,cmmlu,step_002500,final_train_loss,lower,peft_default,iid_matched,3,0.024510801459352177,0.028960318626148198,-0.024510801459352177,"[42, 123, 1107]","[""openpangu__cmmlu__qv__peft_default__s1107__n2500"", ""openpangu__cmmlu__qv__peft_default__s123__n2500"", ""openpangu__cmmlu__qv__peft_default__s42__n2500""]","[""openpangu__cmmlu__qv__iid_matched__s1107__n2500"", ""openpangu__cmmlu__qv__iid_matched__s123__n2500"", ""openpangu__cmmlu__qv__iid_matched__s42__n2500""]"
downstream_2500step,openpangu,cmmlu,step_002500,final_train_loss,lower,powerlaw_global_a06,iid_matched,3,0.003365089495976766,0.0032431369748175923,-0.003365089495976766,"[42, 123, 1107]","[""openpangu__cmmlu__qv__powerlaw_global_a06__s1107__n2500"", ""openpangu__cmmlu__qv__powerlaw_global_a06__s123__n2500"", ""openpangu__cmmlu__qv__powerlaw_global_a06__s42__n2500""]","[""openpangu__cmmlu__qv__iid_matched__s1107__n2500"", ""openpangu__cmmlu__qv__iid_matched__s123__n2500"", ""openpangu__cmmlu__qv__iid_matched__s42__n2500""]"
downstream_2500step,openpangu,cmmlu,step_002500,final_train_loss,lower,powerlaw_global_a06,peft_default,3,-0.02114571196337541,0.028838379361675076,0.02114571196337541,"[42, 123, 1107]","[""openpangu__cmmlu__qv__powerlaw_global_a06__s1107__n2500"", ""openpangu__cmmlu__qv__powerlaw_global_a06__s123__n2500"", ""openpangu__cmmlu__qv__powerlaw_global_a06__s42__n2500""]","[""openpangu__cmmlu__qv__peft_default__s1107__n2500"", ""openpangu__cmmlu__qv__peft_default__s123__n2500"", ""openpangu__cmmlu__qv__peft_default__s42__n2500""]"
downstream_2500step,openpangu,cmmlu,step_002500,macro_accuracy,higher,iid_matched,peft_default,3,0.009335448456026388,0.010454313305740684,0.009335448456026388,"[42, 123, 1107]","[""openpangu__cmmlu__qv__iid_matched__s1107__n2500"", ""openpangu__cmmlu__qv__iid_matched__s123__n2500"", ""openpangu__cmmlu__qv__iid_matched__s42__n2500""]","[""openpangu__cmmlu__qv__peft_default__s1107__n2500"", ""openpangu__cmmlu__qv__peft_default__s123__n2500"", ""openpangu__cmmlu__qv__peft_default__s42__n2500""]"
downstream_2500step,openpangu,cmmlu,step_002500,macro_accuracy,higher,peft_default,iid_matched,3,-0.009335448456026388,0.010454313305740684,-0.009335448456026388,"[42, 123, 1107]","[""openpangu__cmmlu__qv__peft_default__s1107__n2500"", ""openpangu__cmmlu__qv__peft_default__s123__n2500"", ""openpangu__cmmlu__qv__peft_default__s42__n2500""]","[""openpangu__cmmlu__qv__iid_matched__s1107__n2500"", ""openpangu__cmmlu__qv__iid_matched__s123__n2500"", ""openpangu__cmmlu__qv__iid_matched__s42__n2500""]"
downstream_2500step,openpangu,cmmlu,step_002500,macro_accuracy,higher,powerlaw_global_a06,iid_matched,3,0.012623077073412795,0.012304540462562342,0.012623077073412795,"[42, 123, 1107]","[""openpangu__cmmlu__qv__powerlaw_global_a06__s1107__n2500"", ""openpangu__cmmlu__qv__powerlaw_global_a06__s123__n2500"", ""openpangu__cmmlu__qv__powerlaw_global_a06__s42__n2500""]","[""openpangu__cmmlu__qv__iid_matched__s1107__n2500"", ""openpangu__cmmlu__qv__iid_matched__s123__n2500"", ""openpangu__cmmlu__qv__iid_matched__s42__n2500""]"
downstream_2500step,openpangu,cmmlu,step_002500,macro_accuracy,higher,powerlaw_global_a06,peft_default,3,0.021958525529439183,0.008799158630964608,0.021958525529439183,"[42, 123, 1107]","[""openpangu__cmmlu__qv__powerlaw_global_a06__s1107__n2500"", ""openpangu__cmmlu__qv__powerlaw_global_a06__s123__n2500"", ""openpangu__cmmlu__qv__powerlaw_global_a06__s42__n2500""]","[""openpangu__cmmlu__qv__peft_default__s1107__n2500"", ""openpangu__cmmlu__qv__peft_default__s123__n2500"", ""openpangu__cmmlu__qv__peft_default__s42__n2500""]"
downstream_2500step,openpangu,gsm8k,step_000500,raw_auc500,lower,iid_matched,peft_default,3,-23.451126158237457,10.654443706957116,23.451126158237457,"[42, 123, 1107]","[""openpangu__gsm8k__qv__iid_matched__s1107__n2500"", ""openpangu__gsm8k__qv__iid_matched__s123__n2500"", ""openpangu__gsm8k__qv__iid_matched__s42__n2500""]","[""openpangu__gsm8k__qv__peft_default__s1107__n2500"", ""openpangu__gsm8k__qv__peft_default__s123__n2500"", ""openpangu__gsm8k__qv__peft_default__s42__n2500""]"
downstream_2500step,openpangu,gsm8k,step_000500,raw_auc500,lower,peft_default,iid_matched,3,23.451126158237457,10.654443706957116,-23.451126158237457,"[42, 123, 1107]","[""openpangu__gsm8k__qv__peft_default__s1107__n2500"", ""openpangu__gsm8k__qv__peft_default__s123__n2500"", ""openpangu__gsm8k__qv__peft_default__s42__n2500""]","[""openpangu__gsm8k__qv__iid_matched__s1107__n2500"", ""openpangu__gsm8k__qv__iid_matched__s123__n2500"", ""openpangu__gsm8k__qv__iid_matched__s42__n2500""]"
downstream_2500step,openpangu,gsm8k,step_000500,raw_auc500,lower,powerlaw_global_a06,iid_matched,3,4.0921914006272955,3.8281630350317237,-4.0921914006272955,"[42, 123, 1107]","[""openpangu__gsm8k__qv__powerlaw_global_a06__s1107__n2500"", ""openpangu__gsm8k__qv__powerlaw_global_a06__s123__n2500"", ""openpangu__gsm8k__qv__powerlaw_global_a06__s42__n2500""]","[""openpangu__gsm8k__qv__iid_matched__s1107__n2500"", ""openpangu__gsm8k__qv__iid_matched__s123__n2500"", ""openpangu__gsm8k__qv__iid_matched__s42__n2500""]"
downstream_2500step,openpangu,gsm8k,step_000500,raw_auc500,lower,powerlaw_global_a06,peft_default,3,-19.35893475761016,14.282809358210969,19.35893475761016,"[42, 123, 1107]","[""openpangu__gsm8k__qv__powerlaw_global_a06__s1107__n2500"", ""openpangu__gsm8k__qv__powerlaw_global_a06__s123__n2500"", ""openpangu__gsm8k__qv__powerlaw_global_a06__s42__n2500""]","[""openpangu__gsm8k__qv__peft_default__s1107__n2500"", ""openpangu__gsm8k__qv__peft_default__s123__n2500"", ""openpangu__gsm8k__qv__peft_default__s42__n2500""]"
downstream_2500step,openpangu,gsm8k,step_001500,exact_match,higher,powerlaw_global_a06,peft_default,1,0.006065200909780133,,0.006065200909780133,[1107],"[""openpangu__gsm8k__qv__powerlaw_global_a06__s1107__n2500""]","[""openpangu__gsm8k__qv__peft_default__s1107__n2500""]"
downstream_2500step,openpangu,gsm8k,step_002500,exact_match,higher,powerlaw_global_a06,peft_default,3,0.013393985342431117,0.009264747424727545,0.013393985342431117,"[42, 123, 1107]","[""openpangu__gsm8k__qv__powerlaw_global_a06__s1107__n2500"", ""openpangu__gsm8k__qv__powerlaw_global_a06__s123__n2500"", ""openpangu__gsm8k__qv__powerlaw_global_a06__s42__n2500""]","[""openpangu__gsm8k__qv__peft_default__s1107__n2500"", ""openpangu__gsm8k__qv__peft_default__s123__n2500"", ""openpangu__gsm8k__qv__peft_default__s42__n2500""]"
downstream_2500step,openpangu,gsm8k,step_002500,final_train_loss,lower,iid_matched,peft_default,3,-0.008995863298575083,0.007437413704742535,0.008995863298575083,"[42, 123, 1107]","[""openpangu__gsm8k__qv__iid_matched__s1107__n2500"", ""openpangu__gsm8k__qv__iid_matched__s123__n2500"", ""openpangu__gsm8k__qv__iid_matched__s42__n2500""]","[""openpangu__gsm8k__qv__peft_default__s1107__n2500"", ""openpangu__gsm8k__qv__peft_default__s123__n2500"", ""openpangu__gsm8k__qv__peft_default__s42__n2500""]"
downstream_2500step,openpangu,gsm8k,step_002500,final_train_loss,lower,peft_default,iid_matched,3,0.008995863298575083,0.007437413704742535,-0.008995863298575083,"[42, 123, 1107]","[""openpangu__gsm8k__qv__peft_default__s1107__n2500"", ""openpangu__gsm8k__qv__peft_default__s123__n2500"", ""openpangu__gsm8k__qv__peft_default__s42__n2500""]","[""openpangu__gsm8k__qv__iid_matched__s1107__n2500"", ""openpangu__gsm8k__qv__iid_matched__s123__n2500"", ""openpangu__gsm8k__qv__iid_matched__s42__n2500""]"
downstream_2500step,openpangu,gsm8k,step_002500,final_train_loss,lower,powerlaw_global_a06,iid_matched,3,-0.001538907488187154,0.008936303242784712,0.001538907488187154,"[42, 123, 1107]","[""openpangu__gsm8k__qv__powerlaw_global_a06__s1107__n2500"", ""openpangu__gsm8k__qv__powerlaw_global_a06__s123__n2500"", ""openpangu__gsm8k__qv__powerlaw_global_a06__s42__n2500""]","[""openpangu__gsm8k__qv__iid_matched__s1107__n2500"", ""openpangu__gsm8k__qv__iid_matched__s123__n2500"", ""openpangu__gsm8k__qv__iid_matched__s42__n2500""]"
downstream_2500step,openpangu,gsm8k,step_002500,final_train_loss,lower,powerlaw_global_a06,peft_default,3,-0.010534770786762238,0.006144821192373708,0.010534770786762238,"[42, 123, 1107]","[""openpangu__gsm8k__qv__powerlaw_global_a06__s1107__n2500"", ""openpangu__gsm8k__qv__powerlaw_global_a06__s123__n2500"", ""openpangu__gsm8k__qv__powerlaw_global_a06__s42__n2500""]","[""openpangu__gsm8k__qv__peft_default__s1107__n2500"", ""openpangu__gsm8k__qv__peft_default__s123__n2500"", ""openpangu__gsm8k__qv__peft_default__s42__n2500""]"
downstream_2500step,openpangu,mbpp,step_000100,pass_at_1,higher,powerlaw_global_a06,peft_default,1,0.01336898395721925,,0.01336898395721925,[1107],"[""openpangu__mbpp__qv__powerlaw_global_a06__s1107__n2500""]","[""openpangu__mbpp__qv__peft_default__s1107__n2500""]"
downstream_2500step,openpangu,mbpp,step_000500,pass_at_1,higher,powerlaw_global_a06,peft_default,1,-0.0026737967914438054,,-0.0026737967914438054,[1107],"[""openpangu__mbpp__qv__powerlaw_global_a06__s1107__n2500""]","[""openpangu__mbpp__qv__peft_default__s1107__n2500""]"
downstream_2500step,openpangu,mbpp,step_000500,raw_auc500,lower,iid_matched,peft_default,3,-19.63421377974252,10.671556704615792,19.63421377974252,"[42, 123, 1107]","[""openpangu__mbpp__qv__iid_matched__s1107__n2500"", ""openpangu__mbpp__qv__iid_matched__s123__n2500"", ""openpangu__mbpp__qv__iid_matched__s42__n2500""]","[""openpangu__mbpp__qv__peft_default__s1107__n2500"", ""openpangu__mbpp__qv__peft_default__s123__n2500"", ""openpangu__mbpp__qv__peft_default__s42__n2500""]"
downstream_2500step,openpangu,mbpp,step_000500,raw_auc500,lower,peft_default,iid_matched,3,19.63421377974252,10.671556704615792,-19.63421377974252,"[42, 123, 1107]","[""openpangu__mbpp__qv__peft_default__s1107__n2500"", ""openpangu__mbpp__qv__peft_default__s123__n2500"", ""openpangu__mbpp__qv__peft_default__s42__n2500""]","[""openpangu__mbpp__qv__iid_matched__s1107__n2500"", ""openpangu__mbpp__qv__iid_matched__s123__n2500"", ""openpangu__mbpp__qv__iid_matched__s42__n2500""]"
downstream_2500step,openpangu,mbpp,step_000500,raw_auc500,lower,powerlaw_global_a06,iid_matched,3,2.861356656998396,9.855340150607958,-2.861356656998396,"[42, 123, 1107]","[""openpangu__mbpp__qv__powerlaw_global_a06__s1107__n2500"", ""openpangu__mbpp__qv__powerlaw_global_a06__s123__n2500"", ""openpangu__mbpp__qv__powerlaw_global_a06__s42__n2500""]","[""openpangu__mbpp__qv__iid_matched__s1107__n2500"", ""openpangu__mbpp__qv__iid_matched__s123__n2500"", ""openpangu__mbpp__qv__iid_matched__s42__n2500""]"
downstream_2500step,openpangu,mbpp,step_000500,raw_auc500,lower,powerlaw_global_a06,peft_default,3,-16.772857122744124,0.8770351455939209,16.772857122744124,"[42, 123, 1107]","[""openpangu__mbpp__qv__powerlaw_global_a06__s1107__n2500"", ""openpangu__mbpp__qv__powerlaw_global_a06__s123__n2500"", ""openpangu__mbpp__qv__powerlaw_global_a06__s42__n2500""]","[""openpangu__mbpp__qv__peft_default__s1107__n2500"", ""openpangu__mbpp__qv__peft_default__s123__n2500"", ""openpangu__mbpp__qv__peft_default__s42__n2500""]"
downstream_2500step,openpangu,mbpp,step_001500,pass_at_1,higher,powerlaw_global_a06,peft_default,1,0.0267379679144385,,0.0267379679144385,[1107],"[""openpangu__mbpp__qv__powerlaw_global_a06__s1107__n2500""]","[""openpangu__mbpp__qv__peft_default__s1107__n2500""]"
downstream_2500step,openpangu,mbpp,step_002500,final_train_loss,lower,iid_matched,peft_default,3,-0.00717570058380564,0.005205568099734837,0.00717570058380564,"[42, 123, 1107]","[""openpangu__mbpp__qv__iid_matched__s1107__n2500"", ""openpangu__mbpp__qv__iid_matched__s123__n2500"", ""openpangu__mbpp__qv__iid_matched__s42__n2500""]","[""openpangu__mbpp__qv__peft_default__s1107__n2500"", ""openpangu__mbpp__qv__peft_default__s123__n2500"", ""openpangu__mbpp__qv__peft_default__s42__n2500""]"
downstream_2500step,openpangu,mbpp,step_002500,final_train_loss,lower,peft_default,iid_matched,3,0.00717570058380564,0.005205568099734837,-0.00717570058380564,"[42, 123, 1107]","[""openpangu__mbpp__qv__peft_default__s1107__n2500"", ""openpangu__mbpp__qv__peft_default__s123__n2500"", ""openpangu__mbpp__qv__peft_default__s42__n2500""]","[""openpangu__mbpp__qv__iid_matched__s1107__n2500"", ""openpangu__mbpp__qv__iid_matched__s123__n2500"", ""openpangu__mbpp__qv__iid_matched__s42__n2500""]"
downstream_2500step,openpangu,mbpp,step_002500,final_train_loss,lower,powerlaw_global_a06,iid_matched,3,0.0008980007842183113,0.0007105040407935512,-0.0008980007842183113,"[42, 123, 1107]","[""openpangu__mbpp__qv__powerlaw_global_a06__s1107__n2500"", ""openpangu__mbpp__qv__powerlaw_global_a06__s123__n2500"", ""openpangu__mbpp__qv__powerlaw_global_a06__s42__n2500""]","[""openpangu__mbpp__qv__iid_matched__s1107__n2500"", ""openpangu__mbpp__qv__iid_matched__s123__n2500"", ""openpangu__mbpp__qv__iid_matched__s42__n2500""]"
downstream_2500step,openpangu,mbpp,step_002500,final_train_loss,lower,powerlaw_global_a06,peft_default,3,-0.006277699799587329,0.004685353571549176,0.006277699799587329,"[42, 123, 1107]","[""openpangu__mbpp__qv__powerlaw_global_a06__s1107__n2500"", ""openpangu__mbpp__qv__powerlaw_global_a06__s123__n2500"", ""openpangu__mbpp__qv__powerlaw_global_a06__s42__n2500""]","[""openpangu__mbpp__qv__peft_default__s1107__n2500"", ""openpangu__mbpp__qv__peft_default__s123__n2500"", ""openpangu__mbpp__qv__peft_default__s42__n2500""]"
downstream_2500step,openpangu,mbpp,step_002500,pass_at_1,higher,powerlaw_global_a06,peft_default,3,0.023172905525846693,0.047929874009799485,0.023172905525846693,"[42, 123, 1107]","[""openpangu__mbpp__qv__powerlaw_global_a06__s1107__n2500"", ""openpangu__mbpp__qv__powerlaw_global_a06__s123__n2500"", ""openpangu__mbpp__qv__powerlaw_global_a06__s42__n2500""]","[""openpangu__mbpp__qv__peft_default__s1107__n2500"", ""openpangu__mbpp__qv__peft_default__s123__n2500"", ""openpangu__mbpp__qv__peft_default__s42__n2500""]"
downstream_2500step,openpangu,sharegpt,step_000500,raw_auc500,lower,iid_matched,peft_default,3,-12.361040450632572,4.030518880445506,12.361040450632572,"[42, 123, 1107]","[""openpangu__sharegpt__qv__iid_matched__s1107__n2500"", ""openpangu__sharegpt__qv__iid_matched__s123__n2500"", ""openpangu__sharegpt__qv__iid_matched__s42__n2500""]","[""openpangu__sharegpt__qv__peft_default__s1107__n2500"", ""openpangu__sharegpt__qv__peft_default__s123__n2500"", ""openpangu__sharegpt__qv__peft_default__s42__n2500""]"
downstream_2500step,openpangu,sharegpt,step_000500,raw_auc500,lower,peft_default,iid_matched,3,12.361040450632572,4.030518880445506,-12.361040450632572,"[42, 123, 1107]","[""openpangu__sharegpt__qv__peft_default__s1107__n2500"", ""openpangu__sharegpt__qv__peft_default__s123__n2500"", ""openpangu__sharegpt__qv__peft_default__s42__n2500""]","[""openpangu__sharegpt__qv__iid_matched__s1107__n2500"", ""openpangu__sharegpt__qv__iid_matched__s123__n2500"", ""openpangu__sharegpt__qv__iid_matched__s42__n2500""]"
downstream_2500step,openpangu,sharegpt,step_000500,raw_auc500,lower,powerlaw_global_a06,iid_matched,3,0.20665952066580454,3.1768857958529813,-0.20665952066580454,"[42, 123, 1107]","[""openpangu__sharegpt__qv__powerlaw_global_a06__s1107__n2500"", ""openpangu__sharegpt__qv__powerlaw_global_a06__s123__n2500"", ""openpangu__sharegpt__qv__powerlaw_global_a06__s42__n2500""]","[""openpangu__sharegpt__qv__iid_matched__s1107__n2500"", ""openpangu__sharegpt__qv__iid_matched__s123__n2500"", ""openpangu__sharegpt__qv__iid_matched__s42__n2500""]"
downstream_2500step,openpangu,sharegpt,step_000500,raw_auc500,lower,powerlaw_global_a06,peft_default,3,-12.154380929966768,2.479594528884254,12.154380929966768,"[42, 123, 1107]","[""openpangu__sharegpt__qv__powerlaw_global_a06__s1107__n2500"", ""openpangu__sharegpt__qv__powerlaw_global_a06__s123__n2500"", ""openpangu__sharegpt__qv__powerlaw_global_a06__s42__n2500""]","[""openpangu__sharegpt__qv__peft_default__s1107__n2500"", ""openpangu__sharegpt__qv__peft_default__s123__n2500"", ""openpangu__sharegpt__qv__peft_default__s42__n2500""]"
downstream_2500step,openpangu,sharegpt,step_002500,final_train_loss,lower,iid_matched,peft_default,3,-0.009624486168225607,0.003662103293789999,0.009624486168225607,"[42, 123, 1107]","[""openpangu__sharegpt__qv__iid_matched__s1107__n2500"", ""openpangu__sharegpt__qv__iid_matched__s123__n2500"", ""openpangu__sharegpt__qv__iid_matched__s42__n2500""]","[""openpangu__sharegpt__qv__peft_default__s1107__n2500"", ""openpangu__sharegpt__qv__peft_default__s123__n2500"", ""openpangu__sharegpt__qv__peft_default__s42__n2500""]"
downstream_2500step,openpangu,sharegpt,step_002500,final_train_loss,lower,peft_default,iid_matched,3,0.009624486168225607,0.003662103293789999,-0.009624486168225607,"[42, 123, 1107]","[""openpangu__sharegpt__qv__peft_default__s1107__n2500"", ""openpangu__sharegpt__qv__peft_default__s123__n2500"", ""openpangu__sharegpt__qv__peft_default__s42__n2500""]","[""openpangu__sharegpt__qv__iid_matched__s1107__n2500"", ""openpangu__sharegpt__qv__iid_matched__s123__n2500"", ""openpangu__sharegpt__qv__iid_matched__s42__n2500""]"
downstream_2500step,openpangu,sharegpt,step_002500,final_train_loss,lower,powerlaw_global_a06,iid_matched,3,-0.006773374974727631,0.0035612093212505826,0.006773374974727631,"[42, 123, 1107]","[""openpangu__sharegpt__qv__powerlaw_global_a06__s1107__n2500"", ""openpangu__sharegpt__qv__powerlaw_global_a06__s123__n2500"", ""openpangu__sharegpt__qv__powerlaw_global_a06__s42__n2500""]","[""openpangu__sharegpt__qv__iid_matched__s1107__n2500"", ""openpangu__sharegpt__qv__iid_matched__s123__n2500"", ""openpangu__sharegpt__qv__iid_matched__s42__n2500""]"
downstream_2500step,openpangu,sharegpt,step_002500,final_train_loss,lower,powerlaw_global_a06,peft_default,3,-0.016397861142953236,0.0015372867298470336,0.016397861142953236,"[42, 123, 1107]","[""openpangu__sharegpt__qv__powerlaw_global_a06__s1107__n2500"", ""openpangu__sharegpt__qv__powerlaw_global_a06__s123__n2500"", ""openpangu__sharegpt__qv__powerlaw_global_a06__s42__n2500""]","[""openpangu__sharegpt__qv__peft_default__s1107__n2500"", ""openpangu__sharegpt__qv__peft_default__s123__n2500"", ""openpangu__sharegpt__qv__peft_default__s42__n2500""]"
downstream_2500step,openpangu,sharegpt,step_002500,heldout_nll,lower,powerlaw_global_a06,peft_default,3,-0.007016693783385246,0.0019529537895735436,0.007016693783385246,"[42, 123, 1107]","[""openpangu__sharegpt__qv__powerlaw_global_a06__s1107__n2500"", ""openpangu__sharegpt__qv__powerlaw_global_a06__s123__n2500"", ""openpangu__sharegpt__qv__powerlaw_global_a06__s42__n2500""]","[""openpangu__sharegpt__qv__peft_default__s1107__n2500"", ""openpangu__sharegpt__qv__peft_default__s123__n2500"", ""openpangu__sharegpt__qv__peft_default__s42__n2500""]"
downstream_2500step,openpangu,sharegpt,step_002500,prometheus_absolute_score,higher,powerlaw_global_a06,peft_default,3,-0.07500000000000002,0.14396180048887977,-0.07500000000000002,"[42, 123, 1107]","[""openpangu__sharegpt__qv__powerlaw_global_a06__s1107__n2500"", ""openpangu__sharegpt__qv__powerlaw_global_a06__s123__n2500"", ""openpangu__sharegpt__qv__powerlaw_global_a06__s42__n2500""]","[""openpangu__sharegpt__qv__peft_default__s1107__n2500"", ""openpangu__sharegpt__qv__peft_default__s123__n2500"", ""openpangu__sharegpt__qv__peft_default__s42__n2500""]"
downstream_2500step,openpangu,sharegpt,step_002500,prometheus_judged_samples,higher,powerlaw_global_a06,peft_default,3,0.0,0.0,0.0,"[42, 123, 1107]","[""openpangu__sharegpt__qv__powerlaw_global_a06__s1107__n2500"", ""openpangu__sharegpt__qv__powerlaw_global_a06__s123__n2500"", ""openpangu__sharegpt__qv__powerlaw_global_a06__s42__n2500""]","[""openpangu__sharegpt__qv__peft_default__s1107__n2500"", ""openpangu__sharegpt__qv__peft_default__s123__n2500"", ""openpangu__sharegpt__qv__peft_default__s42__n2500""]"
downstream_2500step,openpangu,sharegpt,step_002500,prometheus_unjudgeable_samples,higher,powerlaw_global_a06,peft_default,3,0.0,0.0,0.0,"[42, 123, 1107]","[""openpangu__sharegpt__qv__powerlaw_global_a06__s1107__n2500"", ""openpangu__sharegpt__qv__powerlaw_global_a06__s123__n2500"", ""openpangu__sharegpt__qv__powerlaw_global_a06__s42__n2500""]","[""openpangu__sharegpt__qv__peft_default__s1107__n2500"", ""openpangu__sharegpt__qv__peft_default__s123__n2500"", ""openpangu__sharegpt__qv__peft_default__s42__n2500""]"
downstream_2500step,qwen,cmmlu,step_000500,raw_auc500,lower,iid_matched,peft_default,3,-26.25240381558736,3.29128662738693,26.25240381558736,"[42, 123, 1107]","[""qwen__cmmlu__qv__iid_matched__s1107__n2500"", ""qwen__cmmlu__qv__iid_matched__s123__n2500"", ""qwen__cmmlu__qv__iid_matched__s42__n2500""]","[""qwen__cmmlu__qv__peft_default__s1107__n2500"", ""qwen__cmmlu__qv__peft_default__s123__n2500"", ""qwen__cmmlu__qv__peft_default__s42__n2500""]"
downstream_2500step,qwen,cmmlu,step_000500,raw_auc500,lower,peft_default,iid_matched,3,26.25240381558736,3.29128662738693,-26.25240381558736,"[42, 123, 1107]","[""qwen__cmmlu__qv__peft_default__s1107__n2500"", ""qwen__cmmlu__qv__peft_default__s123__n2500"", ""qwen__cmmlu__qv__peft_default__s42__n2500""]","[""qwen__cmmlu__qv__iid_matched__s1107__n2500"", ""qwen__cmmlu__qv__iid_matched__s123__n2500"", ""qwen__cmmlu__qv__iid_matched__s42__n2500""]"
downstream_2500step,qwen,cmmlu,step_000500,raw_auc500,lower,powerlaw_global_a06,iid_matched,3,-1.9342945801715057,0.8826621154754256,1.9342945801715057,"[42, 123, 1107]","[""qwen__cmmlu__qv__powerlaw_global_a06__s1107__n2500"", ""qwen__cmmlu__qv__powerlaw_global_a06__s123__n2500"", ""qwen__cmmlu__qv__powerlaw_global_a06__s42__n2500""]","[""qwen__cmmlu__qv__iid_matched__s1107__n2500"", ""qwen__cmmlu__qv__iid_matched__s123__n2500"", ""qwen__cmmlu__qv__iid_matched__s42__n2500""]"
downstream_2500step,qwen,cmmlu,step_000500,raw_auc500,lower,powerlaw_global_a06,peft_default,3,-28.186698395758867,2.784121293965911,28.186698395758867,"[42, 123, 1107]","[""qwen__cmmlu__qv__powerlaw_global_a06__s1107__n2500"", ""qwen__cmmlu__qv__powerlaw_global_a06__s123__n2500"", ""qwen__cmmlu__qv__powerlaw_global_a06__s42__n2500""]","[""qwen__cmmlu__qv__peft_default__s1107__n2500"", ""qwen__cmmlu__qv__peft_default__s123__n2500"", ""qwen__cmmlu__qv__peft_default__s42__n2500""]"
downstream_2500step,qwen,cmmlu,step_002500,final_train_loss,lower,iid_matched,peft_default,3,-0.017485835279027622,0.03035992276587743,0.017485835279027622,"[42, 123, 1107]","[""qwen__cmmlu__qv__iid_matched__s1107__n2500"", ""qwen__cmmlu__qv__iid_matched__s123__n2500"", ""qwen__cmmlu__qv__iid_matched__s42__n2500""]","[""qwen__cmmlu__qv__peft_default__s1107__n2500"", ""qwen__cmmlu__qv__peft_default__s123__n2500"", ""qwen__cmmlu__qv__peft_default__s42__n2500""]"
downstream_2500step,qwen,cmmlu,step_002500,final_train_loss,lower,peft_default,iid_matched,3,0.017485835279027622,0.03035992276587743,-0.017485835279027622,"[42, 123, 1107]","[""qwen__cmmlu__qv__peft_default__s1107__n2500"", ""qwen__cmmlu__qv__peft_default__s123__n2500"", ""qwen__cmmlu__qv__peft_default__s42__n2500""]","[""qwen__cmmlu__qv__iid_matched__s1107__n2500"", ""qwen__cmmlu__qv__iid_matched__s123__n2500"", ""qwen__cmmlu__qv__iid_matched__s42__n2500""]"
downstream_2500step,qwen,cmmlu,step_002500,final_train_loss,lower,powerlaw_global_a06,iid_matched,3,0.004056926195820172,0.007298307468502271,-0.004056926195820172,"[42, 123, 1107]","[""qwen__cmmlu__qv__powerlaw_global_a06__s1107__n2500"", ""qwen__cmmlu__qv__powerlaw_global_a06__s123__n2500"", ""qwen__cmmlu__qv__powerlaw_global_a06__s42__n2500""]","[""qwen__cmmlu__qv__iid_matched__s1107__n2500"", ""qwen__cmmlu__qv__iid_matched__s123__n2500"", ""qwen__cmmlu__qv__iid_matched__s42__n2500""]"
downstream_2500step,qwen,cmmlu,step_002500,final_train_loss,lower,powerlaw_global_a06,peft_default,3,-0.013428909083207449,0.023129972028596967,0.013428909083207449,"[42, 123, 1107]","[""qwen__cmmlu__qv__powerlaw_global_a06__s1107__n2500"", ""qwen__cmmlu__qv__powerlaw_global_a06__s123__n2500"", ""qwen__cmmlu__qv__powerlaw_global_a06__s42__n2500""]","[""qwen__cmmlu__qv__peft_default__s1107__n2500"", ""qwen__cmmlu__qv__peft_default__s123__n2500"", ""qwen__cmmlu__qv__peft_default__s42__n2500""]"
downstream_2500step,qwen,cmmlu,step_002500,macro_accuracy,higher,iid_matched,peft_default,3,0.00411215480018053,0.0037885322408967867,0.00411215480018053,"[42, 123, 1107]","[""qwen__cmmlu__qv__iid_matched__s1107__n2500"", ""qwen__cmmlu__qv__iid_matched__s123__n2500"", ""qwen__cmmlu__qv__iid_matched__s42__n2500""]","[""qwen__cmmlu__qv__peft_default__s1107__n2500"", ""qwen__cmmlu__qv__peft_default__s123__n2500"", ""qwen__cmmlu__qv__peft_default__s42__n2500""]"
downstream_2500step,qwen,cmmlu,step_002500,macro_accuracy,higher,peft_default,iid_matched,3,-0.00411215480018053,0.0037885322408967867,-0.00411215480018053,"[42, 123, 1107]","[""qwen__cmmlu__qv__peft_default__s1107__n2500"", ""qwen__cmmlu__qv__peft_default__s123__n2500"", ""qwen__cmmlu__qv__peft_default__s42__n2500""]","[""qwen__cmmlu__qv__iid_matched__s1107__n2500"", ""qwen__cmmlu__qv__iid_matched__s123__n2500"", ""qwen__cmmlu__qv__iid_matched__s42__n2500""]"
downstream_2500step,qwen,cmmlu,step_002500,macro_accuracy,higher,powerlaw_global_a06,iid_matched,3,0.006030000673825457,0.004732829179855852,0.006030000673825457,"[42, 123, 1107]","[""qwen__cmmlu__qv__powerlaw_global_a06__s1107__n2500"", ""qwen__cmmlu__qv__powerlaw_global_a06__s123__n2500"", ""qwen__cmmlu__qv__powerlaw_global_a06__s42__n2500""]","[""qwen__cmmlu__qv__iid_matched__s1107__n2500"", ""qwen__cmmlu__qv__iid_matched__s123__n2500"", ""qwen__cmmlu__qv__iid_matched__s42__n2500""]"
downstream_2500step,qwen,cmmlu,step_002500,macro_accuracy,higher,powerlaw_global_a06,peft_default,3,0.010142155474005987,0.002078264650756504,0.010142155474005987,"[42, 123, 1107]","[""qwen__cmmlu__qv__powerlaw_global_a06__s1107__n2500"", ""qwen__cmmlu__qv__powerlaw_global_a06__s123__n2500"", ""qwen__cmmlu__qv__powerlaw_global_a06__s42__n2500""]","[""qwen__cmmlu__qv__peft_default__s1107__n2500"", ""qwen__cmmlu__qv__peft_default__s123__n2500"", ""qwen__cmmlu__qv__peft_default__s42__n2500""]"
downstream_2500step,qwen,gsm8k,step_000500,raw_auc500,lower,powerlaw_global_a06,peft_default,3,-2.0445950285842023,0.3726994019652441,2.0445950285842023,"[42, 123, 1107]","[""qwen__gsm8k__qv__powerlaw_global_a06__s1107__n2500"", ""qwen__gsm8k__qv__powerlaw_global_a06__s123__n2500"", ""qwen__gsm8k__qv__powerlaw_global_a06__s42__n2500""]","[""qwen__gsm8k__qv__peft_default__s1107__n2500"", ""qwen__gsm8k__qv__peft_default__s123__n2500"", ""qwen__gsm8k__qv__peft_default__s42__n2500""]"
downstream_2500step,qwen,gsm8k,step_002500,exact_match,higher,powerlaw_global_a06,peft_default,3,0.010108668182966888,0.008385473855464742,0.010108668182966888,"[42, 123, 1107]","[""qwen__gsm8k__qv__powerlaw_global_a06__s1107__n2500"", ""qwen__gsm8k__qv__powerlaw_global_a06__s123__n2500"", ""qwen__gsm8k__qv__powerlaw_global_a06__s42__n2500""]","[""qwen__gsm8k__qv__peft_default__s1107__n2500"", ""qwen__gsm8k__qv__peft_default__s123__n2500"", ""qwen__gsm8k__qv__peft_default__s42__n2500""]"
downstream_2500step,qwen,gsm8k,step_002500,final_train_loss,lower,powerlaw_global_a06,peft_default,3,-0.0024314969778060913,0.0022447714939606398,0.0024314969778060913,"[42, 123, 1107]","[""qwen__gsm8k__qv__powerlaw_global_a06__s1107__n2500"", ""qwen__gsm8k__qv__powerlaw_global_a06__s123__n2500"", ""qwen__gsm8k__qv__powerlaw_global_a06__s42__n2500""]","[""qwen__gsm8k__qv__peft_default__s1107__n2500"", ""qwen__gsm8k__qv__peft_default__s123__n2500"", ""qwen__gsm8k__qv__peft_default__s42__n2500""]"
downstream_2500step,qwen,mbpp,step_000500,raw_auc500,lower,powerlaw_global_a06,peft_default,3,-6.672332941554487,3.0319772061686345,6.672332941554487,"[42, 123, 1107]","[""qwen__mbpp__qv__powerlaw_global_a06__s1107__n2500"", ""qwen__mbpp__qv__powerlaw_global_a06__s123__n2500"", ""qwen__mbpp__qv__powerlaw_global_a06__s42__n2500""]","[""qwen__mbpp__qv__peft_default__s1107__n2500"", ""qwen__mbpp__qv__peft_default__s123__n2500"", ""qwen__mbpp__qv__peft_default__s42__n2500""]"
downstream_2500step,qwen,mbpp,step_002500,final_train_loss,lower,powerlaw_global_a06,peft_default,3,-0.0333067604030172,0.005027860326160322,0.0333067604030172,"[42, 123, 1107]","[""qwen__mbpp__qv__powerlaw_global_a06__s1107__n2500"", ""qwen__mbpp__qv__powerlaw_global_a06__s123__n2500"", ""qwen__mbpp__qv__powerlaw_global_a06__s42__n2500""]","[""qwen__mbpp__qv__peft_default__s1107__n2500"", ""qwen__mbpp__qv__peft_default__s123__n2500"", ""qwen__mbpp__qv__peft_default__s42__n2500""]"
downstream_2500step,qwen,mbpp,step_002500,pass_at_1,higher,powerlaw_global_a06,peft_default,3,0.004456327985739768,0.020245662551872618,0.004456327985739768,"[42, 123, 1107]","[""qwen__mbpp__qv__powerlaw_global_a06__s1107__n2500"", ""qwen__mbpp__qv__powerlaw_global_a06__s123__n2500"", ""qwen__mbpp__qv__powerlaw_global_a06__s42__n2500""]","[""qwen__mbpp__qv__peft_default__s1107__n2500"", ""qwen__mbpp__qv__peft_default__s123__n2500"", ""qwen__mbpp__qv__peft_default__s42__n2500""]"
downstream_2500step,qwen,sharegpt,step_000500,raw_auc500,lower,powerlaw_global_a06,peft_default,3,-0.6809893123184642,0.10579043823620948,0.6809893123184642,"[42, 123, 1107]","[""qwen__sharegpt__qv__powerlaw_global_a06__s1107__n2500"", ""qwen__sharegpt__qv__powerlaw_global_a06__s123__n2500"", ""qwen__sharegpt__qv__powerlaw_global_a06__s42__n2500""]","[""qwen__sharegpt__qv__peft_default__s1107__n2500"", ""qwen__sharegpt__qv__peft_default__s123__n2500"", ""qwen__sharegpt__qv__peft_default__s42__n2500""]"
downstream_2500step,qwen,sharegpt,step_002500,final_train_loss,lower,powerlaw_global_a06,peft_default,3,-0.0005617154141267141,0.003550053791730155,0.0005617154141267141,"[42, 123, 1107]","[""qwen__sharegpt__qv__powerlaw_global_a06__s1107__n2500"", ""qwen__sharegpt__qv__powerlaw_global_a06__s123__n2500"", ""qwen__sharegpt__qv__powerlaw_global_a06__s42__n2500""]","[""qwen__sharegpt__qv__peft_default__s1107__n2500"", ""qwen__sharegpt__qv__peft_default__s123__n2500"", ""qwen__sharegpt__qv__peft_default__s42__n2500""]"
downstream_2500step,qwen,sharegpt,step_002500,heldout_nll,lower,powerlaw_global_a06,peft_default,3,-0.0008971026466076578,0.00024611641724511037,0.0008971026466076578,"[42, 123, 1107]","[""qwen__sharegpt__qv__powerlaw_global_a06__s1107__n2500"", ""qwen__sharegpt__qv__powerlaw_global_a06__s123__n2500"", ""qwen__sharegpt__qv__powerlaw_global_a06__s42__n2500""]","[""qwen__sharegpt__qv__peft_default__s1107__n2500"", ""qwen__sharegpt__qv__peft_default__s123__n2500"", ""qwen__sharegpt__qv__peft_default__s42__n2500""]"
downstream_2500step,qwen,sharegpt,step_002500,prometheus_absolute_score,higher,powerlaw_global_a06,peft_default,3,-0.0007872696817419941,0.09066740303780736,-0.0007872696817419941,"[42, 123, 1107]","[""qwen__sharegpt__qv__powerlaw_global_a06__s1107__n2500"", ""qwen__sharegpt__qv__powerlaw_global_a06__s123__n2500"", ""qwen__sharegpt__qv__powerlaw_global_a06__s42__n2500""]","[""qwen__sharegpt__qv__peft_default__s1107__n2500"", ""qwen__sharegpt__qv__peft_default__s123__n2500"", ""qwen__sharegpt__qv__peft_default__s42__n2500""]"
downstream_2500step,qwen,sharegpt,step_002500,prometheus_judged_samples,higher,powerlaw_global_a06,peft_default,3,0.3333333333333333,0.5773502691896258,0.3333333333333333,"[42, 123, 1107]","[""qwen__sharegpt__qv__powerlaw_global_a06__s1107__n2500"", ""qwen__sharegpt__qv__powerlaw_global_a06__s123__n2500"", ""qwen__sharegpt__qv__powerlaw_global_a06__s42__n2500""]","[""qwen__sharegpt__qv__peft_default__s1107__n2500"", ""qwen__sharegpt__qv__peft_default__s123__n2500"", ""qwen__sharegpt__qv__peft_default__s42__n2500""]"
downstream_2500step,qwen,sharegpt,step_002500,prometheus_unjudgeable_samples,higher,powerlaw_global_a06,peft_default,3,-0.3333333333333333,0.5773502691896258,-0.3333333333333333,"[42, 123, 1107]","[""qwen__sharegpt__qv__powerlaw_global_a06__s1107__n2500"", ""qwen__sharegpt__qv__powerlaw_global_a06__s123__n2500"", ""qwen__sharegpt__qv__powerlaw_global_a06__s42__n2500""]","[""qwen__sharegpt__qv__peft_default__s1107__n2500"", ""qwen__sharegpt__qv__peft_default__s123__n2500"", ""qwen__sharegpt__qv__peft_default__s42__n2500""]"
mechanism_500step,openpangu,cmmlu,step_000500,final_train_loss,lower,fft_white_a0,iid_matched,3,-0.05413691202799479,0.12251436728732881,0.05413691202799479,"[42, 123, 1107]","[""openpangu__cmmlu__qv__fft_white_a0__s1107__n500__gradlog"", ""openpangu__cmmlu__qv__fft_white_a0__s123__n500__gradlog"", ""openpangu__cmmlu__qv__fft_white_a0__s42__n500__gradlog""]","[""openpangu__cmmlu__qv__iid_matched__s1107__n500__gradlog"", ""openpangu__cmmlu__qv__iid_matched__s123__n500__gradlog"", ""openpangu__cmmlu__qv__iid_matched__s42__n500__gradlog""]"
mechanism_500step,openpangu,cmmlu,step_000500,final_train_loss,lower,fft_white_a0,peft_default,3,-0.2582895482579867,0.11646007100001828,0.2582895482579867,"[42, 123, 1107]","[""openpangu__cmmlu__qv__fft_white_a0__s1107__n500__gradlog"", ""openpangu__cmmlu__qv__fft_white_a0__s123__n500__gradlog"", ""openpangu__cmmlu__qv__fft_white_a0__s42__n500__gradlog""]","[""openpangu__cmmlu__qv__peft_default__s1107__n500__gradlog"", ""openpangu__cmmlu__qv__peft_default__s123__n500__gradlog"", ""openpangu__cmmlu__qv__peft_default__s42__n500__gradlog""]"
mechanism_500step,openpangu,cmmlu,step_000500,final_train_loss,lower,iid_matched,peft_default,3,-0.2041526362299919,0.03843994275181218,0.2041526362299919,"[42, 123, 1107]","[""openpangu__cmmlu__qv__iid_matched__s1107__n500__gradlog"", ""openpangu__cmmlu__qv__iid_matched__s123__n500__gradlog"", ""openpangu__cmmlu__qv__iid_matched__s42__n500__gradlog""]","[""openpangu__cmmlu__qv__peft_default__s1107__n500__gradlog"", ""openpangu__cmmlu__qv__peft_default__s123__n500__gradlog"", ""openpangu__cmmlu__qv__peft_default__s42__n500__gradlog""]"
mechanism_500step,openpangu,cmmlu,step_000500,final_train_loss,lower,peft_default,iid_matched,3,0.2041526362299919,0.03843994275181218,-0.2041526362299919,"[42, 123, 1107]","[""openpangu__cmmlu__qv__peft_default__s1107__n500__gradlog"", ""openpangu__cmmlu__qv__peft_default__s123__n500__gradlog"", ""openpangu__cmmlu__qv__peft_default__s42__n500__gradlog""]","[""openpangu__cmmlu__qv__iid_matched__s1107__n500__gradlog"", ""openpangu__cmmlu__qv__iid_matched__s123__n500__gradlog"", ""openpangu__cmmlu__qv__iid_matched__s42__n500__gradlog""]"
mechanism_500step,openpangu,cmmlu,step_000500,final_train_loss,lower,powerlaw_col_a06,iid_matched,3,-0.03151438136895498,0.07386050158754096,0.03151438136895498,"[42, 123, 1107]","[""openpangu__cmmlu__qv__powerlaw_col_a06__s1107__n500__gradlog"", ""openpangu__cmmlu__qv__powerlaw_col_a06__s123__n500__gradlog"", ""openpangu__cmmlu__qv__powerlaw_col_a06__s42__n500__gradlog""]","[""openpangu__cmmlu__qv__iid_matched__s1107__n500__gradlog"", ""openpangu__cmmlu__qv__iid_matched__s123__n500__gradlog"", ""openpangu__cmmlu__qv__iid_matched__s42__n500__gradlog""]"
mechanism_500step,openpangu,cmmlu,step_000500,final_train_loss,lower,powerlaw_col_a06,peft_default,3,-0.2356670175989469,0.040249249715124974,0.2356670175989469,"[42, 123, 1107]","[""openpangu__cmmlu__qv__powerlaw_col_a06__s1107__n500__gradlog"", ""openpangu__cmmlu__qv__powerlaw_col_a06__s123__n500__gradlog"", ""openpangu__cmmlu__qv__powerlaw_col_a06__s42__n500__gradlog""]","[""openpangu__cmmlu__qv__peft_default__s1107__n500__gradlog"", ""openpangu__cmmlu__qv__peft_default__s123__n500__gradlog"", ""openpangu__cmmlu__qv__peft_default__s42__n500__gradlog""]"
mechanism_500step,openpangu,cmmlu,step_000500,final_train_loss,lower,powerlaw_global_a03,iid_matched,3,0.01956738531589508,0.11883059352673069,-0.01956738531589508,"[42, 123, 1107]","[""openpangu__cmmlu__qv__powerlaw_global_a03__s1107__n500__gradlog"", ""openpangu__cmmlu__qv__powerlaw_global_a03__s123__n500__gradlog"", ""openpangu__cmmlu__qv__powerlaw_global_a03__s42__n500__gradlog""]","[""openpangu__cmmlu__qv__iid_matched__s1107__n500__gradlog"", ""openpangu__cmmlu__qv__iid_matched__s123__n500__gradlog"", ""openpangu__cmmlu__qv__iid_matched__s42__n500__gradlog""]"
mechanism_500step,openpangu,cmmlu,step_000500,final_train_loss,lower,powerlaw_global_a03,peft_default,3,-0.18458525091409683,0.1551092430734314,0.18458525091409683,"[42, 123, 1107]","[""openpangu__cmmlu__qv__powerlaw_global_a03__s1107__n500__gradlog"", ""openpangu__cmmlu__qv__powerlaw_global_a03__s123__n500__gradlog"", ""openpangu__cmmlu__qv__powerlaw_global_a03__s42__n500__gradlog""]","[""openpangu__cmmlu__qv__peft_default__s1107__n500__gradlog"", ""openpangu__cmmlu__qv__peft_default__s123__n500__gradlog"", ""openpangu__cmmlu__qv__peft_default__s42__n500__gradlog""]"
mechanism_500step,openpangu,cmmlu,step_000500,final_train_loss,lower,powerlaw_global_a06,iid_matched,3,0.007866556445757547,0.09074180579098642,-0.007866556445757547,"[42, 123, 1107]","[""openpangu__cmmlu__qv__powerlaw_global_a06__s1107__n500__gradlog"", ""openpangu__cmmlu__qv__powerlaw_global_a06__s123__n500__gradlog"", ""openpangu__cmmlu__qv__powerlaw_global_a06__s42__n500__gradlog""]","[""openpangu__cmmlu__qv__iid_matched__s1107__n500__gradlog"", ""openpangu__cmmlu__qv__iid_matched__s123__n500__gradlog"", ""openpangu__cmmlu__qv__iid_matched__s42__n500__gradlog""]"
mechanism_500step,openpangu,cmmlu,step_000500,final_train_loss,lower,powerlaw_global_a06,peft_default,3,-0.19628607978423437,0.09158099065273083,0.19628607978423437,"[42, 123, 1107]","[""openpangu__cmmlu__qv__powerlaw_global_a06__s1107__n500__gradlog"", ""openpangu__cmmlu__qv__powerlaw_global_a06__s123__n500__gradlog"", ""openpangu__cmmlu__qv__powerlaw_global_a06__s42__n500__gradlog""]","[""openpangu__cmmlu__qv__peft_default__s1107__n500__gradlog"", ""openpangu__cmmlu__qv__peft_default__s123__n500__gradlog"", ""openpangu__cmmlu__qv__peft_default__s42__n500__gradlog""]"
mechanism_500step,openpangu,cmmlu,step_000500,final_train_loss,lower,powerlaw_row_a06,iid_matched,3,0.003475526968638102,0.07229484407888428,-0.003475526968638102,"[42, 123, 1107]","[""openpangu__cmmlu__qv__powerlaw_row_a06__s1107__n500__gradlog"", ""openpangu__cmmlu__qv__powerlaw_row_a06__s123__n500__gradlog"", ""openpangu__cmmlu__qv__powerlaw_row_a06__s42__n500__gradlog""]","[""openpangu__cmmlu__qv__iid_matched__s1107__n500__gradlog"", ""openpangu__cmmlu__qv__iid_matched__s123__n500__gradlog"", ""openpangu__cmmlu__qv__iid_matched__s42__n500__gradlog""]"
mechanism_500step,openpangu,cmmlu,step_000500,final_train_loss,lower,powerlaw_row_a06,peft_default,3,-0.20067710926135382,0.05315514346263895,0.20067710926135382,"[42, 123, 1107]","[""openpangu__cmmlu__qv__powerlaw_row_a06__s1107__n500__gradlog"", ""openpangu__cmmlu__qv__powerlaw_row_a06__s123__n500__gradlog"", ""openpangu__cmmlu__qv__powerlaw_row_a06__s42__n500__gradlog""]","[""openpangu__cmmlu__qv__peft_default__s1107__n500__gradlog"", ""openpangu__cmmlu__qv__peft_default__s123__n500__gradlog"", ""openpangu__cmmlu__qv__peft_default__s42__n500__gradlog""]"
mechanism_500step,openpangu,cmmlu,step_000500,final_train_loss,lower,powerlaw_shuffle_a06,iid_matched,3,0.010875406364599863,0.034238940213836264,-0.010875406364599863,"[42, 123, 1107]","[""openpangu__cmmlu__qv__powerlaw_shuffle_a06__s1107__n500__gradlog"", ""openpangu__cmmlu__qv__powerlaw_shuffle_a06__s123__n500__gradlog"", ""openpangu__cmmlu__qv__powerlaw_shuffle_a06__s42__n500__gradlog""]","[""openpangu__cmmlu__qv__iid_matched__s1107__n500__gradlog"", ""openpangu__cmmlu__qv__iid_matched__s123__n500__gradlog"", ""openpangu__cmmlu__qv__iid_matched__s42__n500__gradlog""]"
mechanism_500step,openpangu,cmmlu,step_000500,final_train_loss,lower,powerlaw_shuffle_a06,peft_default,3,-0.19327722986539206,0.010047616683904588,0.19327722986539206,"[42, 123, 1107]","[""openpangu__cmmlu__qv__powerlaw_shuffle_a06__s1107__n500__gradlog"", ""openpangu__cmmlu__qv__powerlaw_shuffle_a06__s123__n500__gradlog"", ""openpangu__cmmlu__qv__powerlaw_shuffle_a06__s42__n500__gradlog""]","[""openpangu__cmmlu__qv__peft_default__s1107__n500__gradlog"", ""openpangu__cmmlu__qv__peft_default__s123__n500__gradlog"", ""openpangu__cmmlu__qv__peft_default__s42__n500__gradlog""]"
mechanism_500step,openpangu,cmmlu,step_000500,raw_auc500,lower,fft_white_a0,iid_matched,3,-5.2527213009695215,39.77025108943232,5.2527213009695215,"[42, 123, 1107]","[""openpangu__cmmlu__qv__fft_white_a0__s1107__n500__gradlog"", ""openpangu__cmmlu__qv__fft_white_a0__s123__n500__gradlog"", ""openpangu__cmmlu__qv__fft_white_a0__s42__n500__gradlog""]","[""openpangu__cmmlu__qv__iid_matched__s1107__n500__gradlog"", ""openpangu__cmmlu__qv__iid_matched__s123__n500__gradlog"", ""openpangu__cmmlu__qv__iid_matched__s42__n500__gradlog""]"
mechanism_500step,openpangu,cmmlu,step_000500,raw_auc500,lower,fft_white_a0,peft_default,3,-92.00007700050871,17.48150156902521,92.00007700050871,"[42, 123, 1107]","[""openpangu__cmmlu__qv__fft_white_a0__s1107__n500__gradlog"", ""openpangu__cmmlu__qv__fft_white_a0__s123__n500__gradlog"", ""openpangu__cmmlu__qv__fft_white_a0__s42__n500__gradlog""]","[""openpangu__cmmlu__qv__peft_default__s1107__n500__gradlog"", ""openpangu__cmmlu__qv__peft_default__s123__n500__gradlog"", ""openpangu__cmmlu__qv__peft_default__s42__n500__gradlog""]"
mechanism_500step,openpangu,cmmlu,step_000500,raw_auc500,lower,iid_matched,peft_default,3,-86.74735569953918,22.807707143483313,86.74735569953918,"[42, 123, 1107]","[""openpangu__cmmlu__qv__iid_matched__s1107__n500__gradlog"", ""openpangu__cmmlu__qv__iid_matched__s123__n500__gradlog"", ""openpangu__cmmlu__qv__iid_matched__s42__n500__gradlog""]","[""openpangu__cmmlu__qv__peft_default__s1107__n500__gradlog"", ""openpangu__cmmlu__qv__peft_default__s123__n500__gradlog"", ""openpangu__cmmlu__qv__peft_default__s42__n500__gradlog""]"
mechanism_500step,openpangu,cmmlu,step_000500,raw_auc500,lower,peft_default,iid_matched,3,86.74735569953918,22.807707143483313,-86.74735569953918,"[42, 123, 1107]","[""openpangu__cmmlu__qv__peft_default__s1107__n500__gradlog"", ""openpangu__cmmlu__qv__peft_default__s123__n500__gradlog"", ""openpangu__cmmlu__qv__peft_default__s42__n500__gradlog""]","[""openpangu__cmmlu__qv__iid_matched__s1107__n500__gradlog"", ""openpangu__cmmlu__qv__iid_matched__s123__n500__gradlog"", ""openpangu__cmmlu__qv__iid_matched__s42__n500__gradlog""]"
mechanism_500step,openpangu,cmmlu,step_000500,raw_auc500,lower,powerlaw_col_a06,iid_matched,3,-9.110300421714783,20.343572510735626,9.110300421714783,"[42, 123, 1107]","[""openpangu__cmmlu__qv__powerlaw_col_a06__s1107__n500__gradlog"", ""openpangu__cmmlu__qv__powerlaw_col_a06__s123__n500__gradlog"", ""openpangu__cmmlu__qv__powerlaw_col_a06__s42__n500__gradlog""]","[""openpangu__cmmlu__qv__iid_matched__s1107__n500__gradlog"", ""openpangu__cmmlu__qv__iid_matched__s123__n500__gradlog"", ""openpangu__cmmlu__qv__iid_matched__s42__n500__gradlog""]"
mechanism_500step,openpangu,cmmlu,step_000500,raw_auc500,lower,powerlaw_col_a06,peft_default,3,-95.85765612125397,5.23969911246033,95.85765612125397,"[42, 123, 1107]","[""openpangu__cmmlu__qv__powerlaw_col_a06__s1107__n500__gradlog"", ""openpangu__cmmlu__qv__powerlaw_col_a06__s123__n500__gradlog"", ""openpangu__cmmlu__qv__powerlaw_col_a06__s42__n500__gradlog""]","[""openpangu__cmmlu__qv__peft_default__s1107__n500__gradlog"", ""openpangu__cmmlu__qv__peft_default__s123__n500__gradlog"", ""openpangu__cmmlu__qv__peft_default__s42__n500__gradlog""]"
mechanism_500step,openpangu,cmmlu,step_000500,raw_auc500,lower,powerlaw_global_a03,iid_matched,3,10.892226241528988,28.87904446137183,-10.892226241528988,"[42, 123, 1107]","[""openpangu__cmmlu__qv__powerlaw_global_a03__s1107__n500__gradlog"", ""openpangu__cmmlu__qv__powerlaw_global_a03__s123__n500__gradlog"", ""openpangu__cmmlu__qv__powerlaw_global_a03__s42__n500__gradlog""]","[""openpangu__cmmlu__qv__iid_matched__s1107__n500__gradlog"", ""openpangu__cmmlu__qv__iid_matched__s123__n500__gradlog"", ""openpangu__cmmlu__qv__iid_matched__s42__n500__gradlog""]"
mechanism_500step,openpangu,cmmlu,step_000500,raw_auc500,lower,powerlaw_global_a03,peft_default,3,-75.8551294580102,29.25564008871477,75.8551294580102,"[42, 123, 1107]","[""openpangu__cmmlu__qv__powerlaw_global_a03__s1107__n500__gradlog"", ""openpangu__cmmlu__qv__powerlaw_global_a03__s123__n500__gradlog"", ""openpangu__cmmlu__qv__powerlaw_global_a03__s42__n500__gradlog""]","[""openpangu__cmmlu__qv__peft_default__s1107__n500__gradlog"", ""openpangu__cmmlu__qv__peft_default__s123__n500__gradlog"", ""openpangu__cmmlu__qv__peft_default__s42__n500__gradlog""]"
mechanism_500step,openpangu,cmmlu,step_000500,raw_auc500,lower,powerlaw_global_a06,iid_matched,3,15.606016712884108,35.78671774638415,-15.606016712884108,"[42, 123, 1107]","[""openpangu__cmmlu__qv__powerlaw_global_a06__s1107__n500__gradlog"", ""openpangu__cmmlu__qv__powerlaw_global_a06__s123__n500__gradlog"", ""openpangu__cmmlu__qv__powerlaw_global_a06__s42__n500__gradlog""]","[""openpangu__cmmlu__qv__iid_matched__s1107__n500__gradlog"", ""openpangu__cmmlu__qv__iid_matched__s123__n500__gradlog"", ""openpangu__cmmlu__qv__iid_matched__s42__n500__gradlog""]"
mechanism_500step,openpangu,cmmlu,step_000500,raw_auc500,lower,powerlaw_global_a06,peft_default,3,-71.14133898665507,18.940740109736925,71.14133898665507,"[42, 123, 1107]","[""openpangu__cmmlu__qv__powerlaw_global_a06__s1107__n500__gradlog"", ""openpangu__cmmlu__qv__powerlaw_global_a06__s123__n500__gradlog"", ""openpangu__cmmlu__qv__powerlaw_global_a06__s42__n500__gradlog""]","[""openpangu__cmmlu__qv__peft_default__s1107__n500__gradlog"", ""openpangu__cmmlu__qv__peft_default__s123__n500__gradlog"", ""openpangu__cmmlu__qv__peft_default__s42__n500__gradlog""]"
mechanism_500step,openpangu,cmmlu,step_000500,raw_auc500,lower,powerlaw_row_a06,iid_matched,3,6.976735816647609,29.04088876870352,-6.976735816647609,"[42, 123, 1107]","[""openpangu__cmmlu__qv__powerlaw_row_a06__s1107__n500__gradlog"", ""openpangu__cmmlu__qv__powerlaw_row_a06__s123__n500__gradlog"", ""openpangu__cmmlu__qv__powerlaw_row_a06__s42__n500__gradlog""]","[""openpangu__cmmlu__qv__iid_matched__s1107__n500__gradlog"", ""openpangu__cmmlu__qv__iid_matched__s123__n500__gradlog"", ""openpangu__cmmlu__qv__iid_matched__s42__n500__gradlog""]"
mechanism_500step,openpangu,cmmlu,step_000500,raw_auc500,lower,powerlaw_row_a06,peft_default,3,-79.77061988289158,10.302112647511539,79.77061988289158,"[42, 123, 1107]","[""openpangu__cmmlu__qv__powerlaw_row_a06__s1107__n500__gradlog"", ""openpangu__cmmlu__qv__powerlaw_row_a06__s123__n500__gradlog"", ""openpangu__cmmlu__qv__powerlaw_row_a06__s42__n500__gradlog""]","[""openpangu__cmmlu__qv__peft_default__s1107__n500__gradlog"", ""openpangu__cmmlu__qv__peft_default__s123__n500__gradlog"", ""openpangu__cmmlu__qv__peft_default__s42__n500__gradlog""]"
mechanism_500step,openpangu,cmmlu,step_000500,raw_auc500,lower,powerlaw_shuffle_a06,iid_matched,3,12.488959594319264,20.36924522001289,-12.488959594319264,"[42, 123, 1107]","[""openpangu__cmmlu__qv__powerlaw_shuffle_a06__s1107__n500__gradlog"", ""openpangu__cmmlu__qv__powerlaw_shuffle_a06__s123__n500__gradlog"", ""openpangu__cmmlu__qv__powerlaw_shuffle_a06__s42__n500__gradlog""]","[""openpangu__cmmlu__qv__iid_matched__s1107__n500__gradlog"", ""openpangu__cmmlu__qv__iid_matched__s123__n500__gradlog"", ""openpangu__cmmlu__qv__iid_matched__s42__n500__gradlog""]"
mechanism_500step,openpangu,cmmlu,step_000500,raw_auc500,lower,powerlaw_shuffle_a06,peft_default,3,-74.25839610521992,2.5338225035369857,74.25839610521992,"[42, 123, 1107]","[""openpangu__cmmlu__qv__powerlaw_shuffle_a06__s1107__n500__gradlog"", ""openpangu__cmmlu__qv__powerlaw_shuffle_a06__s123__n500__gradlog"", ""openpangu__cmmlu__qv__powerlaw_shuffle_a06__s42__n500__gradlog""]","[""openpangu__cmmlu__qv__peft_default__s1107__n500__gradlog"", ""openpangu__cmmlu__qv__peft_default__s123__n500__gradlog"", ""openpangu__cmmlu__qv__peft_default__s42__n500__gradlog""]"
mechanism_500step,qwen,cmmlu,step_000500,final_train_loss,lower,fft_white_a0,iid_matched,3,-0.0027792503436406455,0.00909944969049779,0.0027792503436406455,"[42, 123, 1107]","[""qwen__cmmlu__qv__fft_white_a0__s1107__n500__gradlog"", ""qwen__cmmlu__qv__fft_white_a0__s123__n500__gradlog"", ""qwen__cmmlu__qv__fft_white_a0__s42__n500__gradlog""]","[""qwen__cmmlu__qv__iid_matched__s1107__n500__gradlog"", ""qwen__cmmlu__qv__iid_matched__s123__n500__gradlog"", ""qwen__cmmlu__qv__iid_matched__s42__n500__gradlog""]"
mechanism_500step,qwen,cmmlu,step_000500,final_train_loss,lower,fft_white_a0,peft_default,3,-0.07361728077133496,0.006088971340719048,0.07361728077133496,"[42, 123, 1107]","[""qwen__cmmlu__qv__fft_white_a0__s1107__n500__gradlog"", ""qwen__cmmlu__qv__fft_white_a0__s123__n500__gradlog"", ""qwen__cmmlu__qv__fft_white_a0__s42__n500__gradlog""]","[""qwen__cmmlu__qv__peft_default__s1107__n500__gradlog"", ""qwen__cmmlu__qv__peft_default__s123__n500__gradlog"", ""qwen__cmmlu__qv__peft_default__s42__n500__gradlog""]"
mechanism_500step,qwen,cmmlu,step_000500,final_train_loss,lower,iid_matched,peft_default,3,-0.07083803042769432,0.007313452621151474,0.07083803042769432,"[42, 123, 1107]","[""qwen__cmmlu__qv__iid_matched__s1107__n500__gradlog"", ""qwen__cmmlu__qv__iid_matched__s123__n500__gradlog"", ""qwen__cmmlu__qv__iid_matched__s42__n500__gradlog""]","[""qwen__cmmlu__qv__peft_default__s1107__n500__gradlog"", ""qwen__cmmlu__qv__peft_default__s123__n500__gradlog"", ""qwen__cmmlu__qv__peft_default__s42__n500__gradlog""]"
mechanism_500step,qwen,cmmlu,step_000500,final_train_loss,lower,peft_default,iid_matched,3,0.07083803042769432,0.007313452621151474,-0.07083803042769432,"[42, 123, 1107]","[""qwen__cmmlu__qv__peft_default__s1107__n500__gradlog"", ""qwen__cmmlu__qv__peft_default__s123__n500__gradlog"", ""qwen__cmmlu__qv__peft_default__s42__n500__gradlog""]","[""qwen__cmmlu__qv__iid_matched__s1107__n500__gradlog"", ""qwen__cmmlu__qv__iid_matched__s123__n500__gradlog"", ""qwen__cmmlu__qv__iid_matched__s42__n500__gradlog""]"
mechanism_500step,qwen,cmmlu,step_000500,final_train_loss,lower,powerlaw_col_a06,iid_matched,3,-0.006771976749102275,0.007176026540258455,0.006771976749102275,"[42, 123, 1107]","[""qwen__cmmlu__qv__powerlaw_col_a06__s1107__n500__gradlog"", ""qwen__cmmlu__qv__powerlaw_col_a06__s123__n500__gradlog"", ""qwen__cmmlu__qv__powerlaw_col_a06__s42__n500__gradlog""]","[""qwen__cmmlu__qv__iid_matched__s1107__n500__gradlog"", ""qwen__cmmlu__qv__iid_matched__s123__n500__gradlog"", ""qwen__cmmlu__qv__iid_matched__s42__n500__gradlog""]"
mechanism_500step,qwen,cmmlu,step_000500,final_train_loss,lower,powerlaw_col_a06,peft_default,3,-0.0776100071767966,0.013070828346813043,0.0776100071767966,"[42, 123, 1107]","[""qwen__cmmlu__qv__powerlaw_col_a06__s1107__n500__gradlog"", ""qwen__cmmlu__qv__powerlaw_col_a06__s123__n500__gradlog"", ""qwen__cmmlu__qv__powerlaw_col_a06__s42__n500__gradlog""]","[""qwen__cmmlu__qv__peft_default__s1107__n500__gradlog"", ""qwen__cmmlu__qv__peft_default__s123__n500__gradlog"", ""qwen__cmmlu__qv__peft_default__s42__n500__gradlog""]"
mechanism_500step,qwen,cmmlu,step_000500,final_train_loss,lower,powerlaw_global_a03,iid_matched,3,0.001375403255224228,0.005303817096351105,-0.001375403255224228,"[42, 123, 1107]","[""qwen__cmmlu__qv__powerlaw_global_a03__s1107__n500__gradlog"", ""qwen__cmmlu__qv__powerlaw_global_a03__s123__n500__gradlog"", ""qwen__cmmlu__qv__powerlaw_global_a03__s42__n500__gradlog""]","[""qwen__cmmlu__qv__iid_matched__s1107__n500__gradlog"", ""qwen__cmmlu__qv__iid_matched__s123__n500__gradlog"", ""qwen__cmmlu__qv__iid_matched__s42__n500__gradlog""]"
mechanism_500step,qwen,cmmlu,step_000500,final_train_loss,lower,powerlaw_global_a03,peft_default,3,-0.06946262717247009,0.01261696983934639,0.06946262717247009,"[42, 123, 1107]","[""qwen__cmmlu__qv__powerlaw_global_a03__s1107__n500__gradlog"", ""qwen__cmmlu__qv__powerlaw_global_a03__s123__n500__gradlog"", ""qwen__cmmlu__qv__powerlaw_global_a03__s42__n500__gradlog""]","[""qwen__cmmlu__qv__peft_default__s1107__n500__gradlog"", ""qwen__cmmlu__qv__peft_default__s123__n500__gradlog"", ""qwen__cmmlu__qv__peft_default__s42__n500__gradlog""]"
mechanism_500step,qwen,cmmlu,step_000500,final_train_loss,lower,powerlaw_global_a06,iid_matched,3,-0.00432551031311353,0.00827654457132809,0.00432551031311353,"[42, 123, 1107]","[""qwen__cmmlu__qv__powerlaw_global_a06__s1107__n500__gradlog"", ""qwen__cmmlu__qv__powerlaw_global_a06__s123__n500__gradlog"", ""qwen__cmmlu__qv__powerlaw_global_a06__s42__n500__gradlog""]","[""qwen__cmmlu__qv__iid_matched__s1107__n500__gradlog"", ""qwen__cmmlu__qv__iid_matched__s123__n500__gradlog"", ""qwen__cmmlu__qv__iid_matched__s42__n500__gradlog""]"
mechanism_500step,qwen,cmmlu,step_000500,final_train_loss,lower,powerlaw_global_a06,peft_default,3,-0.07516354074080785,0.008944202186862073,0.07516354074080785,"[42, 123, 1107]","[""qwen__cmmlu__qv__powerlaw_global_a06__s1107__n500__gradlog"", ""qwen__cmmlu__qv__powerlaw_global_a06__s123__n500__gradlog"", ""qwen__cmmlu__qv__powerlaw_global_a06__s42__n500__gradlog""]","[""qwen__cmmlu__qv__peft_default__s1107__n500__gradlog"", ""qwen__cmmlu__qv__peft_default__s123__n500__gradlog"", ""qwen__cmmlu__qv__peft_default__s42__n500__gradlog""]"
mechanism_500step,qwen,cmmlu,step_000500,final_train_loss,lower,powerlaw_row_a06,iid_matched,3,-0.00013120099902153015,0.020012795185244524,0.00013120099902153015,"[42, 123, 1107]","[""qwen__cmmlu__qv__powerlaw_row_a06__s1107__n500__gradlog"", ""qwen__cmmlu__qv__powerlaw_row_a06__s123__n500__gradlog"", ""qwen__cmmlu__qv__powerlaw_row_a06__s42__n500__gradlog""]","[""qwen__cmmlu__qv__iid_matched__s1107__n500__gradlog"", ""qwen__cmmlu__qv__iid_matched__s123__n500__gradlog"", ""qwen__cmmlu__qv__iid_matched__s42__n500__gradlog""]"
mechanism_500step,qwen,cmmlu,step_000500,final_train_loss,lower,powerlaw_row_a06,peft_default,3,-0.07096923142671585,0.025492854093590353,0.07096923142671585,"[42, 123, 1107]","[""qwen__cmmlu__qv__powerlaw_row_a06__s1107__n500__gradlog"", ""qwen__cmmlu__qv__powerlaw_row_a06__s123__n500__gradlog"", ""qwen__cmmlu__qv__powerlaw_row_a06__s42__n500__gradlog""]","[""qwen__cmmlu__qv__peft_default__s1107__n500__gradlog"", ""qwen__cmmlu__qv__peft_default__s123__n500__gradlog"", ""qwen__cmmlu__qv__peft_default__s42__n500__gradlog""]"
mechanism_500step,qwen,cmmlu,step_000500,final_train_loss,lower,powerlaw_shuffle_a06,iid_matched,3,-0.010494915147622427,0.005016505111681836,0.010494915147622427,"[42, 123, 1107]","[""qwen__cmmlu__qv__powerlaw_shuffle_a06__s1107__n500__gradlog"", ""qwen__cmmlu__qv__powerlaw_shuffle_a06__s123__n500__gradlog"", ""qwen__cmmlu__qv__powerlaw_shuffle_a06__s42__n500__gradlog""]","[""qwen__cmmlu__qv__iid_matched__s1107__n500__gradlog"", ""qwen__cmmlu__qv__iid_matched__s123__n500__gradlog"", ""qwen__cmmlu__qv__iid_matched__s42__n500__gradlog""]"
mechanism_500step,qwen,cmmlu,step_000500,final_train_loss,lower,powerlaw_shuffle_a06,peft_default,3,-0.08133294557531674,0.0041177200629454085,0.08133294557531674,"[42, 123, 1107]","[""qwen__cmmlu__qv__powerlaw_shuffle_a06__s1107__n500__gradlog"", ""qwen__cmmlu__qv__powerlaw_shuffle_a06__s123__n500__gradlog"", ""qwen__cmmlu__qv__powerlaw_shuffle_a06__s42__n500__gradlog""]","[""qwen__cmmlu__qv__peft_default__s1107__n500__gradlog"", ""qwen__cmmlu__qv__peft_default__s123__n500__gradlog"", ""qwen__cmmlu__qv__peft_default__s42__n500__gradlog""]"
mechanism_500step,qwen,cmmlu,step_000500,raw_auc500,lower,fft_white_a0,iid_matched,3,-0.5051690389712652,1.351469576325675,0.5051690389712652,"[42, 123, 1107]","[""qwen__cmmlu__qv__fft_white_a0__s1107__n500__gradlog"", ""qwen__cmmlu__qv__fft_white_a0__s123__n500__gradlog"", ""qwen__cmmlu__qv__fft_white_a0__s42__n500__gradlog""]","[""qwen__cmmlu__qv__iid_matched__s1107__n500__gradlog"", ""qwen__cmmlu__qv__iid_matched__s123__n500__gradlog"", ""qwen__cmmlu__qv__iid_matched__s42__n500__gradlog""]"
mechanism_500step,qwen,cmmlu,step_000500,raw_auc500,lower,fft_white_a0,peft_default,3,-26.106525673220556,1.6902769398476725,26.106525673220556,"[42, 123, 1107]","[""qwen__cmmlu__qv__fft_white_a0__s1107__n500__gradlog"", ""qwen__cmmlu__qv__fft_white_a0__s123__n500__gradlog"", ""qwen__cmmlu__qv__fft_white_a0__s42__n500__gradlog""]","[""qwen__cmmlu__qv__peft_default__s1107__n500__gradlog"", ""qwen__cmmlu__qv__peft_default__s123__n500__gradlog"", ""qwen__cmmlu__qv__peft_default__s42__n500__gradlog""]"
mechanism_500step,qwen,cmmlu,step_000500,raw_auc500,lower,iid_matched,peft_default,3,-25.60135663424929,2.7010307904541264,25.60135663424929,"[42, 123, 1107]","[""qwen__cmmlu__qv__iid_matched__s1107__n500__gradlog"", ""qwen__cmmlu__qv__iid_matched__s123__n500__gradlog"", ""qwen__cmmlu__qv__iid_matched__s42__n500__gradlog""]","[""qwen__cmmlu__qv__peft_default__s1107__n500__gradlog"", ""qwen__cmmlu__qv__peft_default__s123__n500__gradlog"", ""qwen__cmmlu__qv__peft_default__s42__n500__gradlog""]"
mechanism_500step,qwen,cmmlu,step_000500,raw_auc500,lower,peft_default,iid_matched,3,25.60135663424929,2.7010307904541264,-25.60135663424929,"[42, 123, 1107]","[""qwen__cmmlu__qv__peft_default__s1107__n500__gradlog"", ""qwen__cmmlu__qv__peft_default__s123__n500__gradlog"", ""qwen__cmmlu__qv__peft_default__s42__n500__gradlog""]","[""qwen__cmmlu__qv__iid_matched__s1107__n500__gradlog"", ""qwen__cmmlu__qv__iid_matched__s123__n500__gradlog"", ""qwen__cmmlu__qv__iid_matched__s42__n500__gradlog""]"
mechanism_500step,qwen,cmmlu,step_000500,raw_auc500,lower,powerlaw_col_a06,iid_matched,3,-2.586087894936403,4.399525658041978,2.586087894936403,"[42, 123, 1107]","[""qwen__cmmlu__qv__powerlaw_col_a06__s1107__n500__gradlog"", ""qwen__cmmlu__qv__powerlaw_col_a06__s123__n500__gradlog"", ""qwen__cmmlu__qv__powerlaw_col_a06__s42__n500__gradlog""]","[""qwen__cmmlu__qv__iid_matched__s1107__n500__gradlog"", ""qwen__cmmlu__qv__iid_matched__s123__n500__gradlog"", ""qwen__cmmlu__qv__iid_matched__s42__n500__gradlog""]"
mechanism_500step,qwen,cmmlu,step_000500,raw_auc500,lower,powerlaw_col_a06,peft_default,3,-28.187444529185694,1.9890363375244675,28.187444529185694,"[42, 123, 1107]","[""qwen__cmmlu__qv__powerlaw_col_a06__s1107__n500__gradlog"", ""qwen__cmmlu__qv__powerlaw_col_a06__s123__n500__gradlog"", ""qwen__cmmlu__qv__powerlaw_col_a06__s42__n500__gradlog""]","[""qwen__cmmlu__qv__peft_default__s1107__n500__gradlog"", ""qwen__cmmlu__qv__peft_default__s123__n500__gradlog"", ""qwen__cmmlu__qv__peft_default__s42__n500__gradlog""]"
mechanism_500step,qwen,cmmlu,step_000500,raw_auc500,lower,powerlaw_global_a03,iid_matched,3,-1.05183912999928,4.399878587617002,1.05183912999928,"[42, 123, 1107]","[""qwen__cmmlu__qv__powerlaw_global_a03__s1107__n500__gradlog"", ""qwen__cmmlu__qv__powerlaw_global_a03__s123__n500__gradlog"", ""qwen__cmmlu__qv__powerlaw_global_a03__s42__n500__gradlog""]","[""qwen__cmmlu__qv__iid_matched__s1107__n500__gradlog"", ""qwen__cmmlu__qv__iid_matched__s123__n500__gradlog"", ""qwen__cmmlu__qv__iid_matched__s42__n500__gradlog""]"
mechanism_500step,qwen,cmmlu,step_000500,raw_auc500,lower,powerlaw_global_a03,peft_default,3,-26.65319576424857,2.128391367370535,26.65319576424857,"[42, 123, 1107]","[""qwen__cmmlu__qv__powerlaw_global_a03__s1107__n500__gradlog"", ""qwen__cmmlu__qv__powerlaw_global_a03__s123__n500__gradlog"", ""qwen__cmmlu__qv__powerlaw_global_a03__s42__n500__gradlog""]","[""qwen__cmmlu__qv__peft_default__s1107__n500__gradlog"", ""qwen__cmmlu__qv__peft_default__s123__n500__gradlog"", ""qwen__cmmlu__qv__peft_default__s42__n500__gradlog""]"
mechanism_500step,qwen,cmmlu,step_000500,raw_auc500,lower,powerlaw_global_a06,iid_matched,3,-1.6498040755589802,0.7739840116556729,1.6498040755589802,"[42, 123, 1107]","[""qwen__cmmlu__qv__powerlaw_global_a06__s1107__n500__gradlog"", ""qwen__cmmlu__qv__powerlaw_global_a06__s123__n500__gradlog"", ""qwen__cmmlu__qv__powerlaw_global_a06__s42__n500__gradlog""]","[""qwen__cmmlu__qv__iid_matched__s1107__n500__gradlog"", ""qwen__cmmlu__qv__iid_matched__s123__n500__gradlog"", ""qwen__cmmlu__qv__iid_matched__s42__n500__gradlog""]"
mechanism_500step,qwen,cmmlu,step_000500,raw_auc500,lower,powerlaw_global_a06,peft_default,3,-27.25116070980827,2.1943640094566677,27.25116070980827,"[42, 123, 1107]","[""qwen__cmmlu__qv__powerlaw_global_a06__s1107__n500__gradlog"", ""qwen__cmmlu__qv__powerlaw_global_a06__s123__n500__gradlog"", ""qwen__cmmlu__qv__powerlaw_global_a06__s42__n500__gradlog""]","[""qwen__cmmlu__qv__peft_default__s1107__n500__gradlog"", ""qwen__cmmlu__qv__peft_default__s123__n500__gradlog"", ""qwen__cmmlu__qv__peft_default__s42__n500__gradlog""]"
mechanism_500step,qwen,cmmlu,step_000500,raw_auc500,lower,powerlaw_row_a06,iid_matched,3,-2.7889056776960692,5.1146416311645195,2.7889056776960692,"[42, 123, 1107]","[""qwen__cmmlu__qv__powerlaw_row_a06__s1107__n500__gradlog"", ""qwen__cmmlu__qv__powerlaw_row_a06__s123__n500__gradlog"", ""qwen__cmmlu__qv__powerlaw_row_a06__s42__n500__gradlog""]","[""qwen__cmmlu__qv__iid_matched__s1107__n500__gradlog"", ""qwen__cmmlu__qv__iid_matched__s123__n500__gradlog"", ""qwen__cmmlu__qv__iid_matched__s42__n500__gradlog""]"
mechanism_500step,qwen,cmmlu,step_000500,raw_auc500,lower,powerlaw_row_a06,peft_default,3,-28.39026231194536,5.063444184774863,28.39026231194536,"[42, 123, 1107]","[""qwen__cmmlu__qv__powerlaw_row_a06__s1107__n500__gradlog"", ""qwen__cmmlu__qv__powerlaw_row_a06__s123__n500__gradlog"", ""qwen__cmmlu__qv__powerlaw_row_a06__s42__n500__gradlog""]","[""qwen__cmmlu__qv__peft_default__s1107__n500__gradlog"", ""qwen__cmmlu__qv__peft_default__s123__n500__gradlog"", ""qwen__cmmlu__qv__peft_default__s42__n500__gradlog""]"
mechanism_500step,qwen,cmmlu,step_000500,raw_auc500,lower,powerlaw_shuffle_a06,iid_matched,3,-2.117677374432484,2.6727012402903987,2.117677374432484,"[42, 123, 1107]","[""qwen__cmmlu__qv__powerlaw_shuffle_a06__s1107__n500__gradlog"", ""qwen__cmmlu__qv__powerlaw_shuffle_a06__s123__n500__gradlog"", ""qwen__cmmlu__qv__powerlaw_shuffle_a06__s42__n500__gradlog""]","[""qwen__cmmlu__qv__iid_matched__s1107__n500__gradlog"", ""qwen__cmmlu__qv__iid_matched__s123__n500__gradlog"", ""qwen__cmmlu__qv__iid_matched__s42__n500__gradlog""]"
mechanism_500step,qwen,cmmlu,step_000500,raw_auc500,lower,powerlaw_shuffle_a06,peft_default,3,-27.719034008681774,0.2805067127367102,27.719034008681774,"[42, 123, 1107]","[""qwen__cmmlu__qv__powerlaw_shuffle_a06__s1107__n500__gradlog"", ""qwen__cmmlu__qv__powerlaw_shuffle_a06__s123__n500__gradlog"", ""qwen__cmmlu__qv__powerlaw_shuffle_a06__s42__n500__gradlog""]","[""qwen__cmmlu__qv__peft_default__s1107__n500__gradlog"", ""qwen__cmmlu__qv__peft_default__s123__n500__gradlog"", ""qwen__cmmlu__qv__peft_default__s42__n500__gradlog""]"
scope_all_linear,openpangu,cmmlu,step_000500,raw_auc500,lower,iid_matched,peft_default,3,-36.073689644535385,34.08112371291308,36.073689644535385,"[42, 123, 1107]","[""openpangu__cmmlu__all_linear__iid_matched__s1107__n2500"", ""openpangu__cmmlu__all_linear__iid_matched__s123__n2500"", ""openpangu__cmmlu__all_linear__iid_matched__s42__n2500""]","[""openpangu__cmmlu__all_linear__peft_default__s1107__n2500"", ""openpangu__cmmlu__all_linear__peft_default__s123__n2500"", ""openpangu__cmmlu__all_linear__peft_default__s42__n2500""]"
scope_all_linear,openpangu,cmmlu,step_000500,raw_auc500,lower,peft_default,iid_matched,3,36.073689644535385,34.08112371291308,-36.073689644535385,"[42, 123, 1107]","[""openpangu__cmmlu__all_linear__peft_default__s1107__n2500"", ""openpangu__cmmlu__all_linear__peft_default__s123__n2500"", ""openpangu__cmmlu__all_linear__peft_default__s42__n2500""]","[""openpangu__cmmlu__all_linear__iid_matched__s1107__n2500"", ""openpangu__cmmlu__all_linear__iid_matched__s123__n2500"", ""openpangu__cmmlu__all_linear__iid_matched__s42__n2500""]"
scope_all_linear,openpangu,cmmlu,step_000500,raw_auc500,lower,powerlaw_global_a06,iid_matched,3,6.817654913601776,12.610382702330416,-6.817654913601776,"[42, 123, 1107]","[""openpangu__cmmlu__all_linear__powerlaw_global_a06__s1107__n2500"", ""openpangu__cmmlu__all_linear__powerlaw_global_a06__s123__n2500"", ""openpangu__cmmlu__all_linear__powerlaw_global_a06__s42__n2500""]","[""openpangu__cmmlu__all_linear__iid_matched__s1107__n2500"", ""openpangu__cmmlu__all_linear__iid_matched__s123__n2500"", ""openpangu__cmmlu__all_linear__iid_matched__s42__n2500""]"
scope_all_linear,openpangu,cmmlu,step_000500,raw_auc500,lower,powerlaw_global_a06,peft_default,3,-29.256034730933607,38.25300106934354,29.256034730933607,"[42, 123, 1107]","[""openpangu__cmmlu__all_linear__powerlaw_global_a06__s1107__n2500"", ""openpangu__cmmlu__all_linear__powerlaw_global_a06__s123__n2500"", ""openpangu__cmmlu__all_linear__powerlaw_global_a06__s42__n2500""]","[""openpangu__cmmlu__all_linear__peft_default__s1107__n2500"", ""openpangu__cmmlu__all_linear__peft_default__s123__n2500"", ""openpangu__cmmlu__all_linear__peft_default__s42__n2500""]"
scope_all_linear,openpangu,cmmlu,step_002500,final_train_loss,lower,iid_matched,peft_default,3,0.004047718519965808,0.007976661126619027,-0.004047718519965808,"[42, 123, 1107]","[""openpangu__cmmlu__all_linear__iid_matched__s1107__n2500"", ""openpangu__cmmlu__all_linear__iid_matched__s123__n2500"", ""openpangu__cmmlu__all_linear__iid_matched__s42__n2500""]","[""openpangu__cmmlu__all_linear__peft_default__s1107__n2500"", ""openpangu__cmmlu__all_linear__peft_default__s123__n2500"", ""openpangu__cmmlu__all_linear__peft_default__s42__n2500""]"
scope_all_linear,openpangu,cmmlu,step_002500,final_train_loss,lower,peft_default,iid_matched,3,-0.004047718519965808,0.007976661126619027,0.004047718519965808,"[42, 123, 1107]","[""openpangu__cmmlu__all_linear__peft_default__s1107__n2500"", ""openpangu__cmmlu__all_linear__peft_default__s123__n2500"", ""openpangu__cmmlu__all_linear__peft_default__s42__n2500""]","[""openpangu__cmmlu__all_linear__iid_matched__s1107__n2500"", ""openpangu__cmmlu__all_linear__iid_matched__s123__n2500"", ""openpangu__cmmlu__all_linear__iid_matched__s42__n2500""]"
scope_all_linear,openpangu,cmmlu,step_002500,final_train_loss,lower,powerlaw_global_a06,iid_matched,3,-0.004695661986867587,0.007908302080760833,0.004695661986867587,"[42, 123, 1107]","[""openpangu__cmmlu__all_linear__powerlaw_global_a06__s1107__n2500"", ""openpangu__cmmlu__all_linear__powerlaw_global_a06__s123__n2500"", ""openpangu__cmmlu__all_linear__powerlaw_global_a06__s42__n2500""]","[""openpangu__cmmlu__all_linear__iid_matched__s1107__n2500"", ""openpangu__cmmlu__all_linear__iid_matched__s123__n2500"", ""openpangu__cmmlu__all_linear__iid_matched__s42__n2500""]"
scope_all_linear,openpangu,cmmlu,step_002500,final_train_loss,lower,powerlaw_global_a06,peft_default,3,-0.0006479434669017792,0.0026464948002463936,0.0006479434669017792,"[42, 123, 1107]","[""openpangu__cmmlu__all_linear__powerlaw_global_a06__s1107__n2500"", ""openpangu__cmmlu__all_linear__powerlaw_global_a06__s123__n2500"", ""openpangu__cmmlu__all_linear__powerlaw_global_a06__s42__n2500""]","[""openpangu__cmmlu__all_linear__peft_default__s1107__n2500"", ""openpangu__cmmlu__all_linear__peft_default__s123__n2500"", ""openpangu__cmmlu__all_linear__peft_default__s42__n2500""]"
scope_all_linear,openpangu,cmmlu,step_002500,macro_accuracy,higher,iid_matched,peft_default,3,0.009650338575168319,0.01759984758081586,0.009650338575168319,"[42, 123, 1107]","[""openpangu__cmmlu__all_linear__iid_matched__s1107__n2500"", ""openpangu__cmmlu__all_linear__iid_matched__s123__n2500"", ""openpangu__cmmlu__all_linear__iid_matched__s42__n2500""]","[""openpangu__cmmlu__all_linear__peft_default__s1107__n2500"", ""openpangu__cmmlu__all_linear__peft_default__s123__n2500"", ""openpangu__cmmlu__all_linear__peft_default__s42__n2500""]"
scope_all_linear,openpangu,cmmlu,step_002500,macro_accuracy,higher,peft_default,iid_matched,3,-0.009650338575168319,0.01759984758081586,-0.009650338575168319,"[42, 123, 1107]","[""openpangu__cmmlu__all_linear__peft_default__s1107__n2500"", ""openpangu__cmmlu__all_linear__peft_default__s123__n2500"", ""openpangu__cmmlu__all_linear__peft_default__s42__n2500""]","[""openpangu__cmmlu__all_linear__iid_matched__s1107__n2500"", ""openpangu__cmmlu__all_linear__iid_matched__s123__n2500"", ""openpangu__cmmlu__all_linear__iid_matched__s42__n2500""]"
scope_all_linear,openpangu,cmmlu,step_002500,macro_accuracy,higher,powerlaw_global_a06,iid_matched,3,-0.0016554235940257067,0.00717200600940556,-0.0016554235940257067,"[42, 123, 1107]","[""openpangu__cmmlu__all_linear__powerlaw_global_a06__s1107__n2500"", ""openpangu__cmmlu__all_linear__powerlaw_global_a06__s123__n2500"", ""openpangu__cmmlu__all_linear__powerlaw_global_a06__s42__n2500""]","[""openpangu__cmmlu__all_linear__iid_matched__s1107__n2500"", ""openpangu__cmmlu__all_linear__iid_matched__s123__n2500"", ""openpangu__cmmlu__all_linear__iid_matched__s42__n2500""]"
scope_all_linear,openpangu,cmmlu,step_002500,macro_accuracy,higher,powerlaw_global_a06,peft_default,3,0.007994914981142612,0.017259992956249224,0.007994914981142612,"[42, 123, 1107]","[""openpangu__cmmlu__all_linear__powerlaw_global_a06__s1107__n2500"", ""openpangu__cmmlu__all_linear__powerlaw_global_a06__s123__n2500"", ""openpangu__cmmlu__all_linear__powerlaw_global_a06__s42__n2500""]","[""openpangu__cmmlu__all_linear__peft_default__s1107__n2500"", ""openpangu__cmmlu__all_linear__peft_default__s123__n2500"", ""openpangu__cmmlu__all_linear__peft_default__s42__n2500""]"
scope_long_run,openpangu,cmmlu,step_000500,macro_accuracy,higher,iid_matched,peft_default,1,0.0036897264525911355,,0.0036897264525911355,[1107],"[""openpangu__cmmlu__qv__iid_matched__s1107__n10000""]","[""openpangu__cmmlu__qv__peft_default__s1107__n10000""]"
scope_long_run,openpangu,cmmlu,step_000500,macro_accuracy,higher,peft_default,iid_matched,1,-0.0036897264525911355,,-0.0036897264525911355,[1107],"[""openpangu__cmmlu__qv__peft_default__s1107__n10000""]","[""openpangu__cmmlu__qv__iid_matched__s1107__n10000""]"
scope_long_run,openpangu,cmmlu,step_000500,macro_accuracy,higher,powerlaw_global_a06,iid_matched,1,-0.004805387315385545,,-0.004805387315385545,[1107],"[""openpangu__cmmlu__qv__powerlaw_global_a06__s1107__n10000""]","[""openpangu__cmmlu__qv__iid_matched__s1107__n10000""]"
scope_long_run,openpangu,cmmlu,step_000500,macro_accuracy,higher,powerlaw_global_a06,peft_default,1,-0.0011156608627944098,,-0.0011156608627944098,[1107],"[""openpangu__cmmlu__qv__powerlaw_global_a06__s1107__n10000""]","[""openpangu__cmmlu__qv__peft_default__s1107__n10000""]"
scope_long_run,openpangu,cmmlu,step_000500,raw_auc500,lower,iid_matched,peft_default,1,-61.78916025720537,,61.78916025720537,[1107],"[""openpangu__cmmlu__qv__iid_matched__s1107__n10000""]","[""openpangu__cmmlu__qv__peft_default__s1107__n10000""]"
scope_long_run,openpangu,cmmlu,step_000500,raw_auc500,lower,peft_default,iid_matched,1,61.78916025720537,,-61.78916025720537,[1107],"[""openpangu__cmmlu__qv__peft_default__s1107__n10000""]","[""openpangu__cmmlu__qv__iid_matched__s1107__n10000""]"
scope_long_run,openpangu,cmmlu,step_000500,raw_auc500,lower,powerlaw_global_a06,iid_matched,1,-1.1370293702930212,,1.1370293702930212,[1107],"[""openpangu__cmmlu__qv__powerlaw_global_a06__s1107__n10000""]","[""openpangu__cmmlu__qv__iid_matched__s1107__n10000""]"
scope_long_run,openpangu,cmmlu,step_000500,raw_auc500,lower,powerlaw_global_a06,peft_default,1,-62.92618962749839,,62.92618962749839,[1107],"[""openpangu__cmmlu__qv__powerlaw_global_a06__s1107__n10000""]","[""openpangu__cmmlu__qv__peft_default__s1107__n10000""]"
scope_long_run,openpangu,cmmlu,step_002500,macro_accuracy,higher,iid_matched,peft_default,1,0.034595253182702956,,0.034595253182702956,[1107],"[""openpangu__cmmlu__qv__iid_matched__s1107__n10000""]","[""openpangu__cmmlu__qv__peft_default__s1107__n10000""]"
scope_long_run,openpangu,cmmlu,step_002500,macro_accuracy,higher,peft_default,iid_matched,1,-0.034595253182702956,,-0.034595253182702956,[1107],"[""openpangu__cmmlu__qv__peft_default__s1107__n10000""]","[""openpangu__cmmlu__qv__iid_matched__s1107__n10000""]"
scope_long_run,openpangu,cmmlu,step_002500,macro_accuracy,higher,powerlaw_global_a06,iid_matched,1,0.007196057677673784,,0.007196057677673784,[1107],"[""openpangu__cmmlu__qv__powerlaw_global_a06__s1107__n10000""]","[""openpangu__cmmlu__qv__iid_matched__s1107__n10000""]"
scope_long_run,openpangu,cmmlu,step_002500,macro_accuracy,higher,powerlaw_global_a06,peft_default,1,0.04179131086037674,,0.04179131086037674,[1107],"[""openpangu__cmmlu__qv__powerlaw_global_a06__s1107__n10000""]","[""openpangu__cmmlu__qv__peft_default__s1107__n10000""]"
scope_long_run,openpangu,cmmlu,step_010000,final_train_loss,lower,iid_matched,peft_default,1,-0.002369580790400505,,0.002369580790400505,[1107],"[""openpangu__cmmlu__qv__iid_matched__s1107__n10000""]","[""openpangu__cmmlu__qv__peft_default__s1107__n10000""]"
scope_long_run,openpangu,cmmlu,step_010000,final_train_loss,lower,peft_default,iid_matched,1,0.002369580790400505,,-0.002369580790400505,[1107],"[""openpangu__cmmlu__qv__peft_default__s1107__n10000""]","[""openpangu__cmmlu__qv__iid_matched__s1107__n10000""]"
scope_long_run,openpangu,cmmlu,step_010000,final_train_loss,lower,powerlaw_global_a06,iid_matched,1,0.0007263738662004471,,-0.0007263738662004471,[1107],"[""openpangu__cmmlu__qv__powerlaw_global_a06__s1107__n10000""]","[""openpangu__cmmlu__qv__iid_matched__s1107__n10000""]"
scope_long_run,openpangu,cmmlu,step_010000,final_train_loss,lower,powerlaw_global_a06,peft_default,1,-0.001643206924200058,,0.001643206924200058,[1107],"[""openpangu__cmmlu__qv__powerlaw_global_a06__s1107__n10000""]","[""openpangu__cmmlu__qv__peft_default__s1107__n10000""]"
scope_long_run,openpangu,cmmlu,step_010000,macro_accuracy,higher,iid_matched,peft_default,1,0.02230893172553855,,0.02230893172553855,[1107],"[""openpangu__cmmlu__qv__iid_matched__s1107__n10000""]","[""openpangu__cmmlu__qv__peft_default__s1107__n10000""]"
scope_long_run,openpangu,cmmlu,step_010000,macro_accuracy,higher,peft_default,iid_matched,1,-0.02230893172553855,,-0.02230893172553855,[1107],"[""openpangu__cmmlu__qv__peft_default__s1107__n10000""]","[""openpangu__cmmlu__qv__iid_matched__s1107__n10000""]"
scope_long_run,openpangu,cmmlu,step_010000,macro_accuracy,higher,powerlaw_global_a06,iid_matched,1,0.010903326541101044,,0.010903326541101044,[1107],"[""openpangu__cmmlu__qv__powerlaw_global_a06__s1107__n10000""]","[""openpangu__cmmlu__qv__iid_matched__s1107__n10000""]"
scope_long_run,openpangu,cmmlu,step_010000,macro_accuracy,higher,powerlaw_global_a06,peft_default,1,0.033212258266639594,,0.033212258266639594,[1107],"[""openpangu__cmmlu__qv__powerlaw_global_a06__s1107__n10000""]","[""openpangu__cmmlu__qv__peft_default__s1107__n10000""]"
