model,task,method,seed,run_id,metadata_sha256,config_hash,matrix_membership,analysis_context,endpoint,metric,metric_direction,unit,value,training_seconds,initialization_seconds,training_plus_initialization_seconds,evaluation_seconds,evaluation_result_sha256,prediction_sha256
qwen,cmmlu,dora,42,qwen__cmmlu__qv__dora__s42__n2500,7cde8d5acb25b14e65e39f307ad02b5b912a3dfdb6edba742c12b27381ac9c93,9b856785e28f1c96f091ca761e998f23dff6b1254466f93a42fb2914eb33cfa4,"[""baseline_fairness_qwen_table3""]",baseline_fairness_final,step_000500,raw_auc500,lower,loss_step,358.4530683849007,917.494010855502,0.506889101001434,918.0008999565034,,,
qwen,cmmlu,dora,42,qwen__cmmlu__qv__dora__s42__n2500,7cde8d5acb25b14e65e39f307ad02b5b912a3dfdb6edba742c12b27381ac9c93,9b856785e28f1c96f091ca761e998f23dff6b1254466f93a42fb2914eb33cfa4,"[""baseline_fairness_qwen_table3""]",baseline_fairness_final,step_002500,final_train_loss,lower,loss,0.14810599386692047,4550.939864446642,0.506889101001434,4551.446753547643,,,
qwen,cmmlu,dora,42,qwen__cmmlu__qv__dora__s42__n2500,7cde8d5acb25b14e65e39f307ad02b5b912a3dfdb6edba742c12b27381ac9c93,9b856785e28f1c96f091ca761e998f23dff6b1254466f93a42fb2914eb33cfa4,"[""baseline_fairness_qwen_table3""]",baseline_fairness_final,step_002500,macro_accuracy,higher,score,0.7565190134695984,4550.939864446642,0.506889101001434,4551.446753547643,1868.362479174044,8957ddd27e8489796c348e1e66cfc3a2cd31f71464e44790d9e44a576414c7ac,840ce9074f642661dae42330f075142a7af7cb930d750c02f5886216001acfa0
qwen,cmmlu,dora,123,qwen__cmmlu__qv__dora__s123__n2500,2e0831a7c26fd7fa026e30cc18200bb9bd40389a70949a2ba39c89ab30a32866,5735004001fa7cf58f219fb43754696138cb5156b5127e23549a9e6bcdbf90da,"[""baseline_fairness_qwen_table3""]",baseline_fairness_final,step_000500,raw_auc500,lower,loss_step,358.4645816842094,922.725498311629,0.6018262970028445,923.3273246086319,,,
qwen,cmmlu,dora,123,qwen__cmmlu__qv__dora__s123__n2500,2e0831a7c26fd7fa026e30cc18200bb9bd40389a70949a2ba39c89ab30a32866,5735004001fa7cf58f219fb43754696138cb5156b5127e23549a9e6bcdbf90da,"[""baseline_fairness_qwen_table3""]",baseline_fairness_final,step_002500,final_train_loss,lower,loss,0.12803792115300894,4606.0134986020275,0.6018262970028445,4606.61532489903,,,
qwen,cmmlu,dora,123,qwen__cmmlu__qv__dora__s123__n2500,2e0831a7c26fd7fa026e30cc18200bb9bd40389a70949a2ba39c89ab30a32866,5735004001fa7cf58f219fb43754696138cb5156b5127e23549a9e6bcdbf90da,"[""baseline_fairness_qwen_table3""]",baseline_fairness_final,step_002500,macro_accuracy,higher,score,0.7524738940567132,4606.0134986020275,0.6018262970028445,4606.61532489903,1944.3927406739676,8e3a07ddf09e6fc48800189b39afb1df92c66931e9481b9a85de369885338fc4,c92e3051c34149de18ba9f227f8687ec4d6b4b857848b8deb5f858e1e057bcae
qwen,cmmlu,dora,1107,qwen__cmmlu__qv__dora__s1107__n2500,416d8f4afe40dbafb4d1be517dc1a8ceb089a283354749123d33bfb38f79afd6,ac979d06f8abc26d1226444bcb04a1291cef2edfb802b611333ead1be176c650,"[""baseline_fairness_qwen_table3""]",baseline_fairness_final,step_000500,raw_auc500,lower,loss_step,358.8951779231429,914.0027515322436,0.6303412000415847,914.6330927322851,,,
qwen,cmmlu,dora,1107,qwen__cmmlu__qv__dora__s1107__n2500,416d8f4afe40dbafb4d1be517dc1a8ceb089a283354749123d33bfb38f79afd6,ac979d06f8abc26d1226444bcb04a1291cef2edfb802b611333ead1be176c650,"[""baseline_fairness_qwen_table3""]",baseline_fairness_final,step_002500,final_train_loss,lower,loss,0.126914594322443,4552.974532516033,0.6303412000415847,4553.6048737160745,,,
qwen,cmmlu,dora,1107,qwen__cmmlu__qv__dora__s1107__n2500,416d8f4afe40dbafb4d1be517dc1a8ceb089a283354749123d33bfb38f79afd6,ac979d06f8abc26d1226444bcb04a1291cef2edfb802b611333ead1be176c650,"[""baseline_fairness_qwen_table3""]",baseline_fairness_final,step_002500,macro_accuracy,higher,score,0.753228365446726,4552.974532516033,0.6303412000415847,4553.6048737160745,1960.4279682949418,39b56d130346eb5542d10f7dbef54677c4873c5708aefcb07e4142070bbfb545,f0d36110241a3611f5185a020ae1500b203ed48cf530d6c7eb40e254518afc28
qwen,cmmlu,lora_one,42,qwen__cmmlu__qv__lora_one__s42__n2500,700d7986c5eb2e7fbced5446a308aaeae202b43bd45cafa826846936c8ab3536,ea1091fdab5c8038d48a73a72aaa119641c471506732bc068d61d646f81cbe00,"[""baseline_fairness_qwen_table3""]",baseline_fairness_final,step_000500,raw_auc500,lower,loss_step,519.6419560946524,811.0960547331488,21.210192620987073,832.3062473541358,,,
qwen,cmmlu,lora_one,42,qwen__cmmlu__qv__lora_one__s42__n2500,700d7986c5eb2e7fbced5446a308aaeae202b43bd45cafa826846936c8ab3536,ea1091fdab5c8038d48a73a72aaa119641c471506732bc068d61d646f81cbe00,"[""baseline_fairness_qwen_table3""]",baseline_fairness_final,step_002500,final_train_loss,lower,loss,0.19295846112072468,3680.393634621345,21.210192620987073,3701.603827242332,,,
qwen,cmmlu,lora_one,42,qwen__cmmlu__qv__lora_one__s42__n2500,700d7986c5eb2e7fbced5446a308aaeae202b43bd45cafa826846936c8ab3536,ea1091fdab5c8038d48a73a72aaa119641c471506732bc068d61d646f81cbe00,"[""baseline_fairness_qwen_table3""]",baseline_fairness_final,step_002500,macro_accuracy,higher,score,0.7746549203008516,3680.393634621345,21.210192620987073,3701.603827242332,1429.7460912000388,a97efb503ef4d598f84799a0f6cd6ecdd5eba81a9cbc5b0798dc8e8ced5efd05,cb8d68243406a73eea488314de81b40d45c7ca9c10d264dee9922d6ef0ad72a1
qwen,cmmlu,lora_one,123,qwen__cmmlu__qv__lora_one__s123__n2500,cb4de7630f425cb27ec7f97574a4fae6a39929ff15db572c4ea1675a715fc021,c0746c66d1d9db625d3a51d43014795e00e5c910b07c22e82f04cde98cc77dd6,"[""baseline_fairness_qwen_table3""]",baseline_fairness_final,step_000500,raw_auc500,lower,loss_step,519.3327817786485,699.1285964347189,21.02478538698051,720.1533818216994,,,
qwen,cmmlu,lora_one,123,qwen__cmmlu__qv__lora_one__s123__n2500,cb4de7630f425cb27ec7f97574a4fae6a39929ff15db572c4ea1675a715fc021,c0746c66d1d9db625d3a51d43014795e00e5c910b07c22e82f04cde98cc77dd6,"[""baseline_fairness_qwen_table3""]",baseline_fairness_final,step_002500,final_train_loss,lower,loss,0.348759301006794,3561.3087774510495,21.02478538698051,3582.33356283803,,,
qwen,cmmlu,lora_one,123,qwen__cmmlu__qv__lora_one__s123__n2500,cb4de7630f425cb27ec7f97574a4fae6a39929ff15db572c4ea1675a715fc021,c0746c66d1d9db625d3a51d43014795e00e5c910b07c22e82f04cde98cc77dd6,"[""baseline_fairness_qwen_table3""]",baseline_fairness_final,step_002500,macro_accuracy,higher,score,0.7719612440949071,3561.3087774510495,21.02478538698051,3582.33356283803,1386.3589435749454,2b7a22ab83ffb5b34453d3425b7884b5981be93b7773b176e8c84d2233cd68f3,c06595e315d6d15c228b4d263054f719c7904d1fbf37c139f76a257f1357f975
qwen,cmmlu,lora_one,1107,qwen__cmmlu__qv__lora_one__s1107__n2500,b67c7b943923faa398565f24cf4ea8d37b3aa67de7e53f6d98faa6a60b022b4c,74fbdc258dfa5db2263d1d75b7be174f9a45780017281ef49a06cf5d333d3107,"[""baseline_fairness_qwen_table3""]",baseline_fairness_final,step_000500,raw_auc500,lower,loss_step,519.3691295403987,701.4617382964934,20.689567718014587,722.151306014508,,,
qwen,cmmlu,lora_one,1107,qwen__cmmlu__qv__lora_one__s1107__n2500,b67c7b943923faa398565f24cf4ea8d37b3aa67de7e53f6d98faa6a60b022b4c,74fbdc258dfa5db2263d1d75b7be174f9a45780017281ef49a06cf5d333d3107,"[""baseline_fairness_qwen_table3""]",baseline_fairness_final,step_002500,final_train_loss,lower,loss,0.2089481521397829,3487.0428800997906,20.689567718014587,3507.732447817805,,,
qwen,cmmlu,lora_one,1107,qwen__cmmlu__qv__lora_one__s1107__n2500,b67c7b943923faa398565f24cf4ea8d37b3aa67de7e53f6d98faa6a60b022b4c,74fbdc258dfa5db2263d1d75b7be174f9a45780017281ef49a06cf5d333d3107,"[""baseline_fairness_qwen_table3""]",baseline_fairness_final,step_002500,macro_accuracy,higher,score,0.7734230111689235,3487.0428800997906,20.689567718014587,3507.732447817805,1430.131185721024,12b50381e45f885afae21af6f9ccb7591251b52eb0f169c4fe411154bd9da3e1,7ad4f38257348599ee8397571ed4a310a358064eddec08241b9921c4913aaaad
qwen,cmmlu,peft_default,42,qwen__cmmlu__qv__peft_default__s42__n2500,b53dd876d8b973fad232a3dd293ffb1b48fe77c26c6f06a1f432a564ed05ec28,8c0d0a7e18a7cbaf1e7bcf402f97e1c2d3ead516b234c226212c918327820963,"[""baseline_fairness_qwen_table3"", ""downstream_2500step""]",baseline_fairness_final,step_000500,raw_auc500,lower,loss_step,506.6828713528812,683.6033576409973,0.3202674000058323,683.9236250410031,,,
qwen,cmmlu,peft_default,42,qwen__cmmlu__qv__peft_default__s42__n2500,b53dd876d8b973fad232a3dd293ffb1b48fe77c26c6f06a1f432a564ed05ec28,8c0d0a7e18a7cbaf1e7bcf402f97e1c2d3ead516b234c226212c918327820963,"[""baseline_fairness_qwen_table3"", ""downstream_2500step""]",baseline_fairness_final,step_002500,final_train_loss,lower,loss,0.18543951399624348,3459.569147769871,0.3202674000058323,3459.889415169877,,,
qwen,cmmlu,peft_default,42,qwen__cmmlu__qv__peft_default__s42__n2500,b53dd876d8b973fad232a3dd293ffb1b48fe77c26c6f06a1f432a564ed05ec28,8c0d0a7e18a7cbaf1e7bcf402f97e1c2d3ead516b234c226212c918327820963,"[""baseline_fairness_qwen_table3"", ""downstream_2500step""]",baseline_fairness_final,step_002500,macro_accuracy,higher,score,0.7619391235163032,3459.569147769871,0.3202674000058323,3459.889415169877,1912.760894496998,c630e02e96269268dd588d383c348c164ee9161d816e1ee45b9604608ac6a6fb,577d7db1a2640ff07f5d477a309a190ca9210f46dce52f2f669353d89b467d5a
qwen,cmmlu,peft_default,123,qwen__cmmlu__qv__peft_default__s123__n2500,f953014b16896a15acf04f22e34663538d8a0418bd67a0ebea5de0c3d2da1cae,1a86d1ebce62f54f62adad4b1c1d2f6f312f9e40563dd8b327993d822b648001,"[""baseline_fairness_qwen_table3"", ""downstream_2500step""]",baseline_fairness_final,step_000500,raw_auc500,lower,loss_step,505.89324237406254,683.075747303883,0.3102534000063315,683.3860007038893,,,
qwen,cmmlu,peft_default,123,qwen__cmmlu__qv__peft_default__s123__n2500,f953014b16896a15acf04f22e34663538d8a0418bd67a0ebea5de0c3d2da1cae,1a86d1ebce62f54f62adad4b1c1d2f6f312f9e40563dd8b327993d822b648001,"[""baseline_fairness_qwen_table3"", ""downstream_2500step""]",baseline_fairness_final,step_002500,final_train_loss,lower,loss,0.21674705669283867,3429.227507627409,0.3102534000063315,3429.5377610274154,,,
qwen,cmmlu,peft_default,123,qwen__cmmlu__qv__peft_default__s123__n2500,f953014b16896a15acf04f22e34663538d8a0418bd67a0ebea5de0c3d2da1cae,1a86d1ebce62f54f62adad4b1c1d2f6f312f9e40563dd8b327993d822b648001,"[""baseline_fairness_qwen_table3"", ""downstream_2500step""]",baseline_fairness_final,step_002500,macro_accuracy,higher,score,0.7561909784012508,3429.227507627409,0.3102534000063315,3429.5377610274154,1910.2126171050004,cbb3369e11d392780e23a89a125191e17f5af42b18ce8906017e3e0a3804f61c,e4444fb807e6542e3a35d173e43598f17dad8e1c3ab674adef51f5d410ba7989
qwen,cmmlu,peft_default,1107,qwen__cmmlu__qv__peft_default__s1107__n2500,235d28f74daa7f28febb467fcce04b134801f7310a0ce59b397f44a2ea8eeb86,c5b37bbdd2d36c803906d4aedc3d91c9c09395b11698250b7da8b292da7ba53c,"[""baseline_fairness_qwen_table3"", ""downstream_2500step""]",baseline_fairness_final,step_000500,raw_auc500,lower,loss_step,505.57390726171434,692.7092650020495,0.20776770000520628,692.9170327020547,,,
qwen,cmmlu,peft_default,1107,qwen__cmmlu__qv__peft_default__s1107__n2500,235d28f74daa7f28febb467fcce04b134801f7310a0ce59b397f44a2ea8eeb86,c5b37bbdd2d36c803906d4aedc3d91c9c09395b11698250b7da8b292da7ba53c,"[""baseline_fairness_qwen_table3"", ""downstream_2500step""]",baseline_fairness_final,step_002500,final_train_loss,lower,loss,0.14399175252765417,3441.8219267822133,0.20776770000520628,3442.0296944822185,,,
qwen,cmmlu,peft_default,1107,qwen__cmmlu__qv__peft_default__s1107__n2500,235d28f74daa7f28febb467fcce04b134801f7310a0ce59b397f44a2ea8eeb86,c5b37bbdd2d36c803906d4aedc3d91c9c09395b11698250b7da8b292da7ba53c,"[""baseline_fairness_qwen_table3"", ""downstream_2500step""]",baseline_fairness_final,step_002500,macro_accuracy,higher,score,0.7557170147599171,3441.8219267822133,0.20776770000520628,3442.0296944822185,1998.5147459750006,24f0ac0234a35647faf5ef9f40b7483093efb71b185bae3d1b81db9340e27d1e,c42fc86982ea570a0f9e50fbf3f32fb7fd711d6206c0455943efce704821c90b
qwen,cmmlu,pissa,42,qwen__cmmlu__qv__pissa__s42__n2500,ee2177037fa61c00c3bfc4a027b22ca99afc7daad1ac671443ab746dc34f8e0c,391eeba23590c9cc388a00868623486193e9178ff8c863ec0901f543b2a18708,"[""baseline_fairness_qwen_table3""]",baseline_fairness_final,step_000500,raw_auc500,lower,loss_step,520.8899251986295,695.6202285191393,24.84709179896163,720.467320318101,,,
qwen,cmmlu,pissa,42,qwen__cmmlu__qv__pissa__s42__n2500,ee2177037fa61c00c3bfc4a027b22ca99afc7daad1ac671443ab746dc34f8e0c,391eeba23590c9cc388a00868623486193e9178ff8c863ec0901f543b2a18708,"[""baseline_fairness_qwen_table3""]",baseline_fairness_final,step_002500,final_train_loss,lower,loss,0.40837526321411133,3474.9577248006826,24.84709179896163,3499.8048165996443,,,
qwen,cmmlu,pissa,42,qwen__cmmlu__qv__pissa__s42__n2500,ee2177037fa61c00c3bfc4a027b22ca99afc7daad1ac671443ab746dc34f8e0c,391eeba23590c9cc388a00868623486193e9178ff8c863ec0901f543b2a18708,"[""baseline_fairness_qwen_table3""]",baseline_fairness_final,step_002500,macro_accuracy,higher,score,0.7740558530140493,3474.9577248006826,24.84709179896163,3499.8048165996443,1446.2994279010454,448e8ea85dad6b20d3a7928f9f9ad2e24b5c9b90ff88132fa19abd33d72c6aa7,13932b7e2dd4820c66b99cb27e8aeb7849bde7c454c86fb4f768ef1503761a91
qwen,cmmlu,pissa,123,qwen__cmmlu__qv__pissa__s123__n2500,1517fa17a2218cc41e5bc2558e16193651b0428e4e6261b59f58dceed65da8ce,d347e0637ba2336ff2659cfcc504640a0b250ca11cd98402abb15536a3f5ccb0,"[""baseline_fairness_qwen_table3""]",baseline_fairness_final,step_000500,raw_auc500,lower,loss_step,521.4622627831995,704.1810020586709,24.85780973598594,729.0388117946568,,,
qwen,cmmlu,pissa,123,qwen__cmmlu__qv__pissa__s123__n2500,1517fa17a2218cc41e5bc2558e16193651b0428e4e6261b59f58dceed65da8ce,d347e0637ba2336ff2659cfcc504640a0b250ca11cd98402abb15536a3f5ccb0,"[""baseline_fairness_qwen_table3""]",baseline_fairness_final,step_002500,final_train_loss,lower,loss,0.4869649261236191,3482.0977611446287,24.85780973598594,3506.9555708806147,,,
qwen,cmmlu,pissa,123,qwen__cmmlu__qv__pissa__s123__n2500,1517fa17a2218cc41e5bc2558e16193651b0428e4e6261b59f58dceed65da8ce,d347e0637ba2336ff2659cfcc504640a0b250ca11cd98402abb15536a3f5ccb0,"[""baseline_fairness_qwen_table3""]",baseline_fairness_final,step_002500,macro_accuracy,higher,score,0.7729899771540116,3482.0977611446287,24.85780973598594,3506.9555708806147,1437.0672408600803,cce83a8e9e565af9996d0f10f097533bacfc757a21f38dd871d0722d17a1f5b7,f73bbf1f8f328ad98faa01a90deb04f23cb868d8e4470a82fbaf7909d295b0fa
qwen,cmmlu,pissa,1107,qwen__cmmlu__qv__pissa__s1107__n2500,459692f96ee9311f3d07b7b35a17bad3effe194c0103d31b8795d8369c2056ba,ab186a3e6e9e9a208c5531ffe51fbdd1f62135fa93ccc88887ac31bc25e26ebc,"[""baseline_fairness_qwen_table3""]",baseline_fairness_final,step_000500,raw_auc500,lower,loss_step,520.4381140638143,696.09704828338,24.811654139019083,720.9087024223991,,,
qwen,cmmlu,pissa,1107,qwen__cmmlu__qv__pissa__s1107__n2500,459692f96ee9311f3d07b7b35a17bad3effe194c0103d31b8795d8369c2056ba,ab186a3e6e9e9a208c5531ffe51fbdd1f62135fa93ccc88887ac31bc25e26ebc,"[""baseline_fairness_qwen_table3""]",baseline_fairness_final,step_002500,final_train_loss,lower,loss,0.3786526005715132,3490.679163423134,24.811654139019083,3515.490817562153,,,
qwen,cmmlu,pissa,1107,qwen__cmmlu__qv__pissa__s1107__n2500,459692f96ee9311f3d07b7b35a17bad3effe194c0103d31b8795d8369c2056ba,ab186a3e6e9e9a208c5531ffe51fbdd1f62135fa93ccc88887ac31bc25e26ebc,"[""baseline_fairness_qwen_table3""]",baseline_fairness_final,step_002500,macro_accuracy,higher,score,0.7704391709492172,3490.679163423134,24.811654139019083,3515.490817562153,1403.9035194149474,8df7817b82c6ec0264fac6e143956fb686812c2f8a525d3127e889bd1cccb253,0c979f2993120210e9dc8e7241e3f5b68d09e07400785bd0b57decc643468875
qwen,cmmlu,validation_selected_proposed,42,qwen__cmmlu__qv__validation_selected_proposed__s42__n2500,f67e67c9524f5bf250b0a989707d222cb5044145020c11243a9b86c1a7e59bf2,f1f60dc3f0cef5dbbb68dea687fd503d4708c71e606462af405d1b6e42643ffd,"[""baseline_fairness_qwen_table3""]",baseline_fairness_final,step_000500,raw_auc500,lower,loss_step,477.7207164131105,695.985044846544,0.47253169800387695,696.4575765445479,,,
qwen,cmmlu,validation_selected_proposed,42,qwen__cmmlu__qv__validation_selected_proposed__s42__n2500,f67e67c9524f5bf250b0a989707d222cb5044145020c11243a9b86c1a7e59bf2,f1f60dc3f0cef5dbbb68dea687fd503d4708c71e606462af405d1b6e42643ffd,"[""baseline_fairness_qwen_table3""]",baseline_fairness_final,step_002500,final_train_loss,lower,loss,0.17344429157674313,3480.3380642481497,0.47253169800387695,3480.8105959461536,,,
qwen,cmmlu,validation_selected_proposed,42,qwen__cmmlu__qv__validation_selected_proposed__s42__n2500,f67e67c9524f5bf250b0a989707d222cb5044145020c11243a9b86c1a7e59bf2,f1f60dc3f0cef5dbbb68dea687fd503d4708c71e606462af405d1b6e42643ffd,"[""baseline_fairness_qwen_table3""]",baseline_fairness_final,step_002500,macro_accuracy,higher,score,0.7638278644344254,3480.3380642481497,0.47253169800387695,3480.8105959461536,1443.0461839429336,c2c94ab7bd75f21bf76e149caf415c736aeaf023e1389d71f2e88c1994197532,b1da98b31fb941659172d54aca03344a511d11f6467dbeaf111ea545954acef4
qwen,cmmlu,validation_selected_proposed,123,qwen__cmmlu__qv__validation_selected_proposed__s123__n2500,9a8518554c735cf866ecaaaf6f450dfa2842f5f7b54b7a92cc797693bcc002e3,a27ebbeed93511889f2928cd53783e6c942c95d640cc3476978395d70732457c,"[""baseline_fairness_qwen_table3""]",baseline_fairness_final,step_000500,raw_auc500,lower,loss_step,476.8730741292238,890.8586288382066,5.999484403000679,896.8581132412073,,,
qwen,cmmlu,validation_selected_proposed,123,qwen__cmmlu__qv__validation_selected_proposed__s123__n2500,9a8518554c735cf866ecaaaf6f450dfa2842f5f7b54b7a92cc797693bcc002e3,a27ebbeed93511889f2928cd53783e6c942c95d640cc3476978395d70732457c,"[""baseline_fairness_qwen_table3""]",baseline_fairness_final,step_002500,final_train_loss,lower,loss,0.17393434327095747,4187.718121097307,5.999484403000679,4193.717605500307,,,
qwen,cmmlu,validation_selected_proposed,123,qwen__cmmlu__qv__validation_selected_proposed__s123__n2500,9a8518554c735cf866ecaaaf6f450dfa2842f5f7b54b7a92cc797693bcc002e3,a27ebbeed93511889f2928cd53783e6c942c95d640cc3476978395d70732457c,"[""baseline_fairness_qwen_table3""]",baseline_fairness_final,step_002500,macro_accuracy,higher,score,0.7657424214932291,4187.718121097307,5.999484403000679,4193.717605500307,1491.513562383945,15920654a09d430683bddf603b5f9328bb86a9574891e1d7b08e0b9550609597,5a02af3277256a96128bb018156bfe8fd3c70244c19e8dea78868cf265ee822d
qwen,cmmlu,validation_selected_proposed,1107,qwen__cmmlu__qv__validation_selected_proposed__s1107__n2500,577925d82f6cac4d2a9f49002f2e116de80c2ab01fbe3ae02bfe6ec3a57e79a0,0ecb8fe4e86f9a6b1de1e16eb8158844ef490b0404e67c2a7756f1fe441868fe,"[""baseline_fairness_qwen_table3""]",baseline_fairness_final,step_000500,raw_auc500,lower,loss_step,480.0445741098374,798.7432102467283,0.4468946999986656,799.1901049467269,,,
qwen,cmmlu,validation_selected_proposed,1107,qwen__cmmlu__qv__validation_selected_proposed__s1107__n2500,577925d82f6cac4d2a9f49002f2e116de80c2ab01fbe3ae02bfe6ec3a57e79a0,0ecb8fe4e86f9a6b1de1e16eb8158844ef490b0404e67c2a7756f1fe441868fe,"[""baseline_fairness_qwen_table3""]",baseline_fairness_final,step_002500,final_train_loss,lower,loss,0.14133334625512362,4274.743352524238,0.4468946999986656,4275.190247224236,,,
qwen,cmmlu,validation_selected_proposed,1107,qwen__cmmlu__qv__validation_selected_proposed__s1107__n2500,577925d82f6cac4d2a9f49002f2e116de80c2ab01fbe3ae02bfe6ec3a57e79a0,0ecb8fe4e86f9a6b1de1e16eb8158844ef490b0404e67c2a7756f1fe441868fe,"[""baseline_fairness_qwen_table3""]",baseline_fairness_final,step_002500,macro_accuracy,higher,score,0.760032783721176,4274.743352524238,0.4468946999986656,4275.190247224236,1408.0503634630004,918c118356e0adf13b92e381dcc4591d3357b197f1e77e149a955df0eed0782e,c440dbd90d6ebed6b62f443b103b395314e3a9936452fbb2b4e36d2cbf1fc74c
openpangu,cmmlu,iid_matched,42,openpangu__cmmlu__qv__iid_matched__s42__n500,2f543b7ac00cf50d58766765cd947d81bb2b6a7ae37f5474300219dd5802b8fa,59be7f17d57c54cf257987827ec791cc73a6c8c765f298cad385469ff8915613,"[""core_500step""]",core_500step,step_000500,final_train_loss,lower,loss,1.2716775462031364,811.124307370992,0.6478672729972459,811.7721746439893,,,
openpangu,cmmlu,iid_matched,42,openpangu__cmmlu__qv__iid_matched__s42__n500,2f543b7ac00cf50d58766765cd947d81bb2b6a7ae37f5474300219dd5802b8fa,59be7f17d57c54cf257987827ec791cc73a6c8c765f298cad385469ff8915613,"[""core_500step""]",core_500step,step_000500,raw_auc500,lower,loss_step,968.2296874038875,811.124307370992,0.6478672729972459,811.7721746439893,,,
openpangu,cmmlu,iid_matched,123,openpangu__cmmlu__qv__iid_matched__s123__n500,21974de3c45ef54f5024c6ddad79daa6c1385add1c7274053f4bbef96726b1f5,e0ebe6b68a5b3bb4976fc4737e5045cc9d4bdeaf796e36f4da2a69e759b1b94b,"[""core_500step""]",core_500step,step_000500,final_train_loss,lower,loss,1.5252504423260689,808.6551827149488,0.63164409899764,809.2868268139464,,,
openpangu,cmmlu,iid_matched,123,openpangu__cmmlu__qv__iid_matched__s123__n500,21974de3c45ef54f5024c6ddad79daa6c1385add1c7274053f4bbef96726b1f5,e0ebe6b68a5b3bb4976fc4737e5045cc9d4bdeaf796e36f4da2a69e759b1b94b,"[""core_500step""]",core_500step,step_000500,raw_auc500,lower,loss_step,1007.3367697000504,808.6551827149488,0.63164409899764,809.2868268139464,,,
openpangu,cmmlu,iid_matched,1107,openpangu__cmmlu__qv__iid_matched__s1107__n500,b3558912755da6f91d39a81e241c927f7ced1f2ac8d6bdf129c54d0f004a74f4,3cdc2704540e602108dbc721db301fb97a794ec5a674a491d3febdb2b899cd28,"[""core_500step""]",core_500step,step_000500,final_train_loss,lower,loss,1.2408293560147285,812.2481250950477,0.6790464969999448,812.9271715920477,,,
openpangu,cmmlu,iid_matched,1107,openpangu__cmmlu__qv__iid_matched__s1107__n500,b3558912755da6f91d39a81e241c927f7ced1f2ac8d6bdf129c54d0f004a74f4,3cdc2704540e602108dbc721db301fb97a794ec5a674a491d3febdb2b899cd28,"[""core_500step""]",core_500step,step_000500,raw_auc500,lower,loss_step,953.0397673510015,812.2481250950477,0.6790464969999448,812.9271715920477,,,
openpangu,cmmlu,peft_default,42,openpangu__cmmlu__qv__peft_default__s42__n500,be2cc718121aab66a434be02d561b7c37e4805d6e2f9cb7143e1f1b0f49cbbac,568e9344301a15f7e535892492d1230b235e55960ccf7f10243832c76ce6220b,"[""core_500step""]",core_500step,step_000500,final_train_loss,lower,loss,1.5182112157344818,807.4923706840382,0.4136389949999284,807.9060096790381,,,
openpangu,cmmlu,peft_default,42,openpangu__cmmlu__qv__peft_default__s42__n500,be2cc718121aab66a434be02d561b7c37e4805d6e2f9cb7143e1f1b0f49cbbac,568e9344301a15f7e535892492d1230b235e55960ccf7f10243832c76ce6220b,"[""core_500step""]",core_500step,step_000500,raw_auc500,lower,loss_step,1068.4208307489753,807.4923706840382,0.4136389949999284,807.9060096790381,,,
openpangu,cmmlu,peft_default,123,openpangu__cmmlu__qv__peft_default__s123__n500,1a3008f4a51c65edcbcea6ca1612f9ba5a41d1b31821e4fcac4db9f54cbbdb8a,9239c42bad795ef386438c5c02fa2d5edbbd34cfe8cbe84e399e89ea297889d7,"[""core_500step""]",core_500step,step_000500,final_train_loss,lower,loss,1.6967882364988327,808.3914605159662,0.22917088999929547,808.6206314059655,,,
openpangu,cmmlu,peft_default,123,openpangu__cmmlu__qv__peft_default__s123__n500,1a3008f4a51c65edcbcea6ca1612f9ba5a41d1b31821e4fcac4db9f54cbbdb8a,9239c42bad795ef386438c5c02fa2d5edbbd34cfe8cbe84e399e89ea297889d7,"[""core_500step""]",core_500step,step_000500,raw_auc500,lower,loss_step,1067.749992147088,808.3914605159662,0.22917088999929547,808.6206314059655,,,
openpangu,cmmlu,peft_default,1107,openpangu__cmmlu__qv__peft_default__s1107__n500,1776c99f5ca0d2ff3b3e3146e0311e0630e73799fd9376173d6b5e0161e28b7e,c7565f9547e5ee7a3a1bd6337e450da741657f0a9c328a26b26b7ff68e1cd5f6,"[""core_500step""]",core_500step,step_000500,final_train_loss,lower,loss,1.435215801000595,808.6731456120051,0.2042299999993702,808.8773756120045,,,
openpangu,cmmlu,peft_default,1107,openpangu__cmmlu__qv__peft_default__s1107__n500,1776c99f5ca0d2ff3b3e3146e0311e0630e73799fd9376173d6b5e0161e28b7e,c7565f9547e5ee7a3a1bd6337e450da741657f0a9c328a26b26b7ff68e1cd5f6,"[""core_500step""]",core_500step,step_000500,raw_auc500,lower,loss_step,1052.6774686574936,808.6731456120051,0.2042299999993702,808.8773756120045,,,
openpangu,cmmlu,powerlaw_global_a06,42,openpangu__cmmlu__qv__powerlaw_global_a06__s42__n500,c2915edc055eeb56b7dbcd4df8f56c6ccb8198bdb62d7f5be13d7e36a7d4a0f9,bfae7167dc8bbaca487112b9ebf669d07b943d1a8ca2622ab68257dd5774e8ca,"[""core_500step""]",core_500step,step_000500,final_train_loss,lower,loss,1.2679665088653564,808.3546072870122,0.5698108990000037,808.9244181860122,,,
openpangu,cmmlu,powerlaw_global_a06,42,openpangu__cmmlu__qv__powerlaw_global_a06__s42__n500,c2915edc055eeb56b7dbcd4df8f56c6ccb8198bdb62d7f5be13d7e36a7d4a0f9,bfae7167dc8bbaca487112b9ebf669d07b943d1a8ca2622ab68257dd5774e8ca,"[""core_500step""]",core_500step,step_000500,raw_auc500,lower,loss_step,985.8209882229567,808.3546072870122,0.5698108990000037,808.9244181860122,,,
openpangu,cmmlu,powerlaw_global_a06,123,openpangu__cmmlu__qv__powerlaw_global_a06__s123__n500,da8d26240f00d614ae7b0ede5bffac0366f4e7f922aef8a5163f05a7b9c03b12,b0736a43ab694218df104b31e4b4a9b9aeb0c7e4c1faa6e629b723a8b42c619f,"[""core_500step""]",core_500step,step_000500,final_train_loss,lower,loss,1.4487196281552315,810.308301095014,0.5522025909995136,810.8605036860135,,,
openpangu,cmmlu,powerlaw_global_a06,123,openpangu__cmmlu__qv__powerlaw_global_a06__s123__n500,da8d26240f00d614ae7b0ede5bffac0366f4e7f922aef8a5163f05a7b9c03b12,b0736a43ab694218df104b31e4b4a9b9aeb0c7e4c1faa6e629b723a8b42c619f,"[""core_500step""]",core_500step,step_000500,raw_auc500,lower,loss_step,986.2047509178519,810.308301095014,0.5522025909995136,810.8605036860135,,,
openpangu,cmmlu,powerlaw_global_a06,1107,openpangu__cmmlu__qv__powerlaw_global_a06__s1107__n500,5d7b911021772ae777cf562000dd7997354ebacb1571cb67ebc19eac0d0399bb,f458daedec6c81fad1e21b69f1729c1038ce1f04e974271794101b7a33ad7340,"[""core_500step""]",core_500step,step_000500,final_train_loss,lower,loss,1.3446708768606186,808.1787204330176,0.5623803999988013,808.7411008330164,,,
openpangu,cmmlu,powerlaw_global_a06,1107,openpangu__cmmlu__qv__powerlaw_global_a06__s1107__n500,5d7b911021772ae777cf562000dd7997354ebacb1571cb67ebc19eac0d0399bb,f458daedec6c81fad1e21b69f1729c1038ce1f04e974271794101b7a33ad7340,"[""core_500step""]",core_500step,step_000500,raw_auc500,lower,loss_step,1003.3985354527831,808.1787204330176,0.5623803999988013,808.7411008330164,,,
openpangu,cmmlu,powerlaw_shuffle_a06,42,openpangu__cmmlu__qv__powerlaw_shuffle_a06__s42__n500,db1e2fc085df9f734fe847abe13d4050709bf18b12d6279c72dc088054659f05,62d051331743c2d83987d0408c66d96600d6ab5a6a39c6484cb471ff6a2ee820,"[""core_500step""]",core_500step,step_000500,final_train_loss,lower,loss,1.3161749318242073,809.6242542899454,0.6466187980004179,810.2708730879458,,,
openpangu,cmmlu,powerlaw_shuffle_a06,42,openpangu__cmmlu__qv__powerlaw_shuffle_a06__s42__n500,db1e2fc085df9f734fe847abe13d4050709bf18b12d6279c72dc088054659f05,62d051331743c2d83987d0408c66d96600d6ab5a6a39c6484cb471ff6a2ee820,"[""core_500step""]",core_500step,step_000500,raw_auc500,lower,loss_step,992.0729255490005,809.6242542899454,0.6466187980004179,810.2708730879458,,,
openpangu,cmmlu,powerlaw_shuffle_a06,123,openpangu__cmmlu__qv__powerlaw_shuffle_a06__s123__n500,b30936541ed1652b4cf7ba30d7fdc2de17495a5ebd92f17f00519f67a17e609b,5ed4397d8895e9be3e4bf4b7026cf5e1258b68b91fa6c4614e9a6ea77602fbe0,"[""core_500step""]",core_500step,step_000500,final_train_loss,lower,loss,1.5013016164302826,808.1785362810333,0.637754399998812,808.8162906810321,,,
openpangu,cmmlu,powerlaw_shuffle_a06,123,openpangu__cmmlu__qv__powerlaw_shuffle_a06__s123__n500,b30936541ed1652b4cf7ba30d7fdc2de17495a5ebd92f17f00519f67a17e609b,5ed4397d8895e9be3e4bf4b7026cf5e1258b68b91fa6c4614e9a6ea77602fbe0,"[""core_500step""]",core_500step,step_000500,raw_auc500,lower,loss_step,996.3099684417248,808.1785362810333,0.637754399998812,808.8162906810321,,,
openpangu,cmmlu,powerlaw_shuffle_a06,1107,openpangu__cmmlu__qv__powerlaw_shuffle_a06__s1107__n500,10970b49a877fc36293e8e482a2978c9669f78e8f8f62f8c2591251952774558,0f199f99afd456bfff92e24881af492a6ad48c548f2cfab948d49d2f65a47ecd,"[""core_500step""]",core_500step,step_000500,final_train_loss,lower,loss,1.2529070153832436,808.8011097939489,0.6223549630012712,809.4234647569501,,,
openpangu,cmmlu,powerlaw_shuffle_a06,1107,openpangu__cmmlu__qv__powerlaw_shuffle_a06__s1107__n500,10970b49a877fc36293e8e482a2978c9669f78e8f8f62f8c2591251952774558,0f199f99afd456bfff92e24881af492a6ad48c548f2cfab948d49d2f65a47ecd,"[""core_500step""]",core_500step,step_000500,raw_auc500,lower,loss_step,977.6902092471719,808.8011097939489,0.6223549630012712,809.4234647569501,,,
openpangu,gsm8k,iid_matched,42,openpangu__gsm8k__qv__iid_matched__s42__n500,56ab26e53ac5da03e785e13e433a143c0af3b96bd2320162d3ba3fe15e195812,f39fd808fcf234a718071668fd2f9d738dce095cf2f3b501d4105a5cb8b58fc0,"[""core_500step""]",core_500step,step_000500,final_train_loss,lower,loss,1.2931239306926727,810.2826944280059,0.6255555010011449,810.9082499290071,,,
openpangu,gsm8k,iid_matched,42,openpangu__gsm8k__qv__iid_matched__s42__n500,56ab26e53ac5da03e785e13e433a143c0af3b96bd2320162d3ba3fe15e195812,f39fd808fcf234a718071668fd2f9d738dce095cf2f3b501d4105a5cb8b58fc0,"[""core_500step""]",core_500step,step_000500,raw_auc500,lower,loss_step,677.955697260797,810.2826944280059,0.6255555010011449,810.9082499290071,,,
openpangu,gsm8k,iid_matched,123,openpangu__gsm8k__qv__iid_matched__s123__n500,bb4952ef7bbcdfc5acbf37f66779953bf3fc237df94aecb4d7ab210a1ca3fc87,d8b738ac3a9f6acc9902d334e07594855dfeaa18dff2d0d3b827a2f427dd1520,"[""core_500step""]",core_500step,step_000500,final_train_loss,lower,loss,1.2182727083563805,810.8417238689981,0.7618027930002427,811.6035266619983,,,
openpangu,gsm8k,iid_matched,123,openpangu__gsm8k__qv__iid_matched__s123__n500,bb4952ef7bbcdfc5acbf37f66779953bf3fc237df94aecb4d7ab210a1ca3fc87,d8b738ac3a9f6acc9902d334e07594855dfeaa18dff2d0d3b827a2f427dd1520,"[""core_500step""]",core_500step,step_000500,raw_auc500,lower,loss_step,683.8060391955078,810.8417238689981,0.7618027930002427,811.6035266619983,,,
openpangu,gsm8k,iid_matched,1107,openpangu__gsm8k__qv__iid_matched__s1107__n500,f72d0ed96525e6f78d23badf9cce1b89e8e89785e4643d395e1dd0bc0428226a,f72dc7d920be191f9077d139578fa59d7cfa13b33acd0d7846b3bfc7997bcdde,"[""core_500step""]",core_500step,step_000500,final_train_loss,lower,loss,1.066114641726017,811.7881446939919,0.654242482999507,812.4423871769914,,,
openpangu,gsm8k,iid_matched,1107,openpangu__gsm8k__qv__iid_matched__s1107__n500,f72d0ed96525e6f78d23badf9cce1b89e8e89785e4643d395e1dd0bc0428226a,f72dc7d920be191f9077d139578fa59d7cfa13b33acd0d7846b3bfc7997bcdde,"[""core_500step""]",core_500step,step_000500,raw_auc500,lower,loss_step,694.8628866747022,811.7881446939919,0.654242482999507,812.4423871769914,,,
openpangu,gsm8k,peft_default,42,openpangu__gsm8k__qv__peft_default__s42__n500,5d9d4cc49e0c2d0dc5fcd99ec73762bde2b4bc7a1348271998e6daa9cadd4abd,ead1c6b3a6285207bc8d087eb2e26871fb64400649cc5c2d50d9ce7420455200,"[""core_500step""]",core_500step,step_000500,final_train_loss,lower,loss,1.2999781593680382,809.0254069250113,0.29601499999989755,809.3214219250112,,,
openpangu,gsm8k,peft_default,42,openpangu__gsm8k__qv__peft_default__s42__n500,5d9d4cc49e0c2d0dc5fcd99ec73762bde2b4bc7a1348271998e6daa9cadd4abd,ead1c6b3a6285207bc8d087eb2e26871fb64400649cc5c2d50d9ce7420455200,"[""core_500step""]",core_500step,step_000500,raw_auc500,lower,loss_step,707.8145488239825,809.0254069250113,0.29601499999989755,809.3214219250112,,,
openpangu,gsm8k,peft_default,123,openpangu__gsm8k__qv__peft_default__s123__n500,8533f5b4a8d0cc65f958967374b1fe4d6cc2c073136555c339e8059cf358f34b,6cded95c51e4ca27bd01b8154a2d74dab51aebcb4c7ac9753a330cb5f90810d9,"[""core_500step""]",core_500step,step_000500,final_train_loss,lower,loss,1.2765983939170837,808.682317311007,0.2283833000001323,808.9107006110071,,,
openpangu,gsm8k,peft_default,123,openpangu__gsm8k__qv__peft_default__s123__n500,8533f5b4a8d0cc65f958967374b1fe4d6cc2c073136555c339e8059cf358f34b,6cded95c51e4ca27bd01b8154a2d74dab51aebcb4c7ac9753a330cb5f90810d9,"[""core_500step""]",core_500step,step_000500,raw_auc500,lower,loss_step,715.1073744222522,808.682317311007,0.2283833000001323,808.9107006110071,,,
openpangu,gsm8k,peft_default,1107,openpangu__gsm8k__qv__peft_default__s1107__n500,e7cd652d4bb5b160efbd87826e58bddd7f5070d0ea682a56834c91cbedc740f4,0a8cd93fe8455295050c63eea2652654f8d589c1aa1a07909ccb7ef34c731bd5,"[""core_500step""]",core_500step,step_000500,final_train_loss,lower,loss,1.0679179280996323,809.2983728350064,0.33164900099927763,809.6300218360057,,,
openpangu,gsm8k,peft_default,1107,openpangu__gsm8k__qv__peft_default__s1107__n500,e7cd652d4bb5b160efbd87826e58bddd7f5070d0ea682a56834c91cbedc740f4,0a8cd93fe8455295050c63eea2652654f8d589c1aa1a07909ccb7ef34c731bd5,"[""core_500step""]",core_500step,step_000500,raw_auc500,lower,loss_step,710.6426748372614,809.2983728350064,0.33164900099927763,809.6300218360057,,,
openpangu,gsm8k,powerlaw_global_a06,42,openpangu__gsm8k__qv__powerlaw_global_a06__s42__n500,8ce97a27bb082c9e84a940ff250c11cf24895f20894fa5158a9ccb7fb9030f13,4ea241000abc456ee7b827aba5199dfb232e216e6756a48e9bc7e6a77c8f9c7d,"[""core_500step""]",core_500step,step_000500,final_train_loss,lower,loss,1.323752999305725,809.840209457996,0.5445549099986238,810.3847643679946,,,
openpangu,gsm8k,powerlaw_global_a06,42,openpangu__gsm8k__qv__powerlaw_global_a06__s42__n500,8ce97a27bb082c9e84a940ff250c11cf24895f20894fa5158a9ccb7fb9030f13,4ea241000abc456ee7b827aba5199dfb232e216e6756a48e9bc7e6a77c8f9c7d,"[""core_500step""]",core_500step,step_000500,raw_auc500,lower,loss_step,692.5004273466766,809.840209457996,0.5445549099986238,810.3847643679946,,,
openpangu,gsm8k,powerlaw_global_a06,123,openpangu__gsm8k__qv__powerlaw_global_a06__s123__n500,efd41ce4dc2fc66526578368084ded25cd89b395bec34a0f4ed7286e251713fc,b2d32fefbd713ad2353e982fce2b14caeb66dea99d6a8c9a53b3bc2e286621ef,"[""core_500step""]",core_500step,step_000500,final_train_loss,lower,loss,1.2640672028064728,810.4123376519965,0.5363503979988309,810.9486880499953,,,
openpangu,gsm8k,powerlaw_global_a06,123,openpangu__gsm8k__qv__powerlaw_global_a06__s123__n500,efd41ce4dc2fc66526578368084ded25cd89b395bec34a0f4ed7286e251713fc,b2d32fefbd713ad2353e982fce2b14caeb66dea99d6a8c9a53b3bc2e286621ef,"[""core_500step""]",core_500step,step_000500,raw_auc500,lower,loss_step,695.3500596359372,810.4123376519965,0.5363503979988309,810.9486880499953,,,
openpangu,gsm8k,powerlaw_global_a06,1107,openpangu__gsm8k__qv__powerlaw_global_a06__s1107__n500,6a4850f9bf04634f8bc9a6c8f47601bd1c096a9ff3adb3456f0f1542f1034db9,8b523e26b820ec49206ce4dd3465da2535e6b99feefd6ad561f1d494765a6152,"[""core_500step""]",core_500step,step_000500,final_train_loss,lower,loss,1.0702728405594826,808.1420375809903,0.5369549949991779,808.6789925759895,,,
openpangu,gsm8k,powerlaw_global_a06,1107,openpangu__gsm8k__qv__powerlaw_global_a06__s1107__n500,6a4850f9bf04634f8bc9a6c8f47601bd1c096a9ff3adb3456f0f1542f1034db9,8b523e26b820ec49206ce4dd3465da2535e6b99feefd6ad561f1d494765a6152,"[""core_500step""]",core_500step,step_000500,raw_auc500,lower,loss_step,694.2589408531785,808.1420375809903,0.5369549949991779,808.6789925759895,,,
openpangu,gsm8k,powerlaw_shuffle_a06,42,openpangu__gsm8k__qv__powerlaw_shuffle_a06__s42__n500,af3a426cfc40675244ab99b3c74002435a55cafedfaf50f847cde5e2cc6d6eca,be99639039ebdf8f0380169c69fb2543edf66b9bde2e70cf18584e0c5a8b34ed,"[""core_500step""]",core_500step,step_000500,final_train_loss,lower,loss,1.3223129138350487,810.3849121809908,0.7431465999998181,811.1280587809906,,,
openpangu,gsm8k,powerlaw_shuffle_a06,42,openpangu__gsm8k__qv__powerlaw_shuffle_a06__s42__n500,af3a426cfc40675244ab99b3c74002435a55cafedfaf50f847cde5e2cc6d6eca,be99639039ebdf8f0380169c69fb2543edf66b9bde2e70cf18584e0c5a8b34ed,"[""core_500step""]",core_500step,step_000500,raw_auc500,lower,loss_step,690.7939393445849,810.3849121809908,0.7431465999998181,811.1280587809906,,,
openpangu,gsm8k,powerlaw_shuffle_a06,123,openpangu__gsm8k__qv__powerlaw_shuffle_a06__s123__n500,79d87fcaa430893a21e3488bb8b3df78250bcad97c6aebcc4e6492d50a5aedc9,5a4bd0339a23d0b8981ae802467d59b2281d05ca8cd7f8f8551c5c16049a5795,"[""core_500step""]",core_500step,step_000500,final_train_loss,lower,loss,1.2686872333288193,810.0168670669955,0.5946853000004921,810.611552366996,,,
openpangu,gsm8k,powerlaw_shuffle_a06,123,openpangu__gsm8k__qv__powerlaw_shuffle_a06__s123__n500,79d87fcaa430893a21e3488bb8b3df78250bcad97c6aebcc4e6492d50a5aedc9,5a4bd0339a23d0b8981ae802467d59b2281d05ca8cd7f8f8551c5c16049a5795,"[""core_500step""]",core_500step,step_000500,raw_auc500,lower,loss_step,700.514369495213,810.0168670669955,0.5946853000004921,810.611552366996,,,
openpangu,gsm8k,powerlaw_shuffle_a06,1107,openpangu__gsm8k__qv__powerlaw_shuffle_a06__s1107__n500,a840c456048c55441e690277989a1a2424badfee48b344c7704572e9a6caff94,5ab363bc6f09529556a5afd4faa85004bcf5f7a83b15a2e394b1e5315e45650a,"[""core_500step""]",core_500step,step_000500,final_train_loss,lower,loss,1.033091276884079,809.7910589199946,0.6393320000006497,810.4303909199953,,,
openpangu,gsm8k,powerlaw_shuffle_a06,1107,openpangu__gsm8k__qv__powerlaw_shuffle_a06__s1107__n500,a840c456048c55441e690277989a1a2424badfee48b344c7704572e9a6caff94,5ab363bc6f09529556a5afd4faa85004bcf5f7a83b15a2e394b1e5315e45650a,"[""core_500step""]",core_500step,step_000500,raw_auc500,lower,loss_step,688.5153098925948,809.7910589199946,0.6393320000006497,810.4303909199953,,,
openpangu,mbpp,iid_matched,42,openpangu__mbpp__qv__iid_matched__s42__n500,6ba3e0ffe6052bab630a876e65cc902601c4a5857ea897688f3b4f5984978fa1,9dd41b5232a11fa37f65981fb930ae9df5794744de6a423d56e75d0670bc07b9,"[""core_500step""]",core_500step,step_000500,final_train_loss,lower,loss,0.7478105127811432,806.5917642861459,0.6536321000021417,807.2453963861481,,,
openpangu,mbpp,iid_matched,42,openpangu__mbpp__qv__iid_matched__s42__n500,6ba3e0ffe6052bab630a876e65cc902601c4a5857ea897688f3b4f5984978fa1,9dd41b5232a11fa37f65981fb930ae9df5794744de6a423d56e75d0670bc07b9,"[""core_500step""]",core_500step,step_000500,raw_auc500,lower,loss_step,689.7176444679499,806.5917642861459,0.6536321000021417,807.2453963861481,,,
openpangu,mbpp,iid_matched,123,openpangu__mbpp__qv__iid_matched__s123__n500,031f3aa4db28c211b79ff4a430625b95df107e3551d03fe70a11559136b98ae9,be8773d762f9b5a6e2f2043ffd15b2ba87e97c4ff53f85b82b1de1655573f768,"[""core_500step""]",core_500step,step_000500,final_train_loss,lower,loss,0.8654309213161469,807.7722681629675,0.8351916989995516,808.6074598619671,,,
openpangu,mbpp,iid_matched,123,openpangu__mbpp__qv__iid_matched__s123__n500,031f3aa4db28c211b79ff4a430625b95df107e3551d03fe70a11559136b98ae9,be8773d762f9b5a6e2f2043ffd15b2ba87e97c4ff53f85b82b1de1655573f768,"[""core_500step""]",core_500step,step_000500,raw_auc500,lower,loss_step,708.4026573374867,807.7722681629675,0.8351916989995516,808.6074598619671,,,
openpangu,mbpp,iid_matched,1107,openpangu__mbpp__qv__iid_matched__s1107__n500,559050dc48581ef404b996f7214d508311ad0d7c29cc1596c06308a07baf5cba,77a00162ad505d79200be0736f37610b601babad519890229663ef579c99fba4,"[""core_500step""]",core_500step,step_000500,final_train_loss,lower,loss,0.9983697012066841,806.933480716034,0.7152878990018507,807.6487686150358,,,
openpangu,mbpp,iid_matched,1107,openpangu__mbpp__qv__iid_matched__s1107__n500,559050dc48581ef404b996f7214d508311ad0d7c29cc1596c06308a07baf5cba,77a00162ad505d79200be0736f37610b601babad519890229663ef579c99fba4,"[""core_500step""]",core_500step,step_000500,raw_auc500,lower,loss_step,710.9522930569947,806.933480716034,0.7152878990018507,807.6487686150358,,,
openpangu,mbpp,peft_default,42,openpangu__mbpp__qv__peft_default__s42__n500,4534d4607d41936f5367481fa4cc55815fb5cae1d455e586e27ec1a642c39fa5,1dd60f4df48a76221684ea7c84ac7dcc1ab751b3a5085a8d4ca814b583d5399a,"[""core_500step""]",core_500step,step_000500,final_train_loss,lower,loss,0.8093283325433731,807.3197459388757,0.2338442979962565,807.553590236872,,,
openpangu,mbpp,peft_default,42,openpangu__mbpp__qv__peft_default__s42__n500,4534d4607d41936f5367481fa4cc55815fb5cae1d455e586e27ec1a642c39fa5,1dd60f4df48a76221684ea7c84ac7dcc1ab751b3a5085a8d4ca814b583d5399a,"[""core_500step""]",core_500step,step_000500,raw_auc500,lower,loss_step,733.6278385743499,807.3197459388757,0.2338442979962565,807.553590236872,,,
openpangu,mbpp,peft_default,123,openpangu__mbpp__qv__peft_default__s123__n500,020874281bdb659b6d09399e002cfa0c618bd9cded2bd609368e3902e8c80e93,f0e06500bcc8f9d2323ead6291b4bade5310fc6fbaf1fd21ca2e79fe3b3cb30a,"[""core_500step""]",core_500step,step_000500,final_train_loss,lower,loss,0.9628310315310955,809.3853365680116,0.3273131000023568,809.7126496680139,,,
openpangu,mbpp,peft_default,123,openpangu__mbpp__qv__peft_default__s123__n500,020874281bdb659b6d09399e002cfa0c618bd9cded2bd609368e3902e8c80e93,f0e06500bcc8f9d2323ead6291b4bade5310fc6fbaf1fd21ca2e79fe3b3cb30a,"[""core_500step""]",core_500step,step_000500,raw_auc500,lower,loss_step,735.0182444583625,809.3853365680116,0.3273131000023568,809.7126496680139,,,
openpangu,mbpp,peft_default,1107,openpangu__mbpp__qv__peft_default__s1107__n500,3fed568ccd55853cf580b1d229061986eb130054b3d71d7399aef31a056a5aaf,aa0630c7908ca7900918ff7b4a0126a5e62b430d1ae9e35b1e63ebabc0175908,"[""core_500step""]",core_500step,step_000500,final_train_loss,lower,loss,1.0498580783605576,809.1045085489386,0.19657400000141934,809.30108254894,,,
openpangu,mbpp,peft_default,1107,openpangu__mbpp__qv__peft_default__s1107__n500,3fed568ccd55853cf580b1d229061986eb130054b3d71d7399aef31a056a5aaf,aa0630c7908ca7900918ff7b4a0126a5e62b430d1ae9e35b1e63ebabc0175908,"[""core_500step""]",core_500step,step_000500,raw_auc500,lower,loss_step,731.8284840583801,809.1045085489386,0.19657400000141934,809.30108254894,,,
openpangu,mbpp,powerlaw_global_a06,42,openpangu__mbpp__qv__powerlaw_global_a06__s42__n500,8fc9e3b09696be40cbc1edd175de6df79d6961d7266efb4dc70de7b97f0c9c2a,8c7216b61717f12159ffc3852a0c286791372cc4baca450b6f6efd03404315d2,"[""core_500step""]",core_500step,step_000500,final_train_loss,lower,loss,0.7975674867630005,808.1727467102173,0.5402456990050268,808.7129924092224,,,
openpangu,mbpp,powerlaw_global_a06,42,openpangu__mbpp__qv__powerlaw_global_a06__s42__n500,8fc9e3b09696be40cbc1edd175de6df79d6961d7266efb4dc70de7b97f0c9c2a,8c7216b61717f12159ffc3852a0c286791372cc4baca450b6f6efd03404315d2,"[""core_500step""]",core_500step,step_000500,raw_auc500,lower,loss_step,705.9415507540107,808.1727467102173,0.5402456990050268,808.7129924092224,,,
openpangu,mbpp,powerlaw_global_a06,123,openpangu__mbpp__qv__powerlaw_global_a06__s123__n500,d69522d90cc60312f0e1c12c4a8714b8c2a0740077441b2f71b9c27c2826d47f,6b37b1e18ed90493ae11b2487186d9b3a40a2a6be0f997202f123e1331c784a2,"[""core_500step""]",core_500step,step_000500,final_train_loss,lower,loss,0.8675957880914211,806.2644437440176,0.5511827959999209,806.8156265400175,,,
openpangu,mbpp,powerlaw_global_a06,123,openpangu__mbpp__qv__powerlaw_global_a06__s123__n500,d69522d90cc60312f0e1c12c4a8714b8c2a0740077441b2f71b9c27c2826d47f,6b37b1e18ed90493ae11b2487186d9b3a40a2a6be0f997202f123e1331c784a2,"[""core_500step""]",core_500step,step_000500,raw_auc500,lower,loss_step,700.3282101769,806.2644437440176,0.5511827959999209,806.8156265400175,,,
openpangu,mbpp,powerlaw_global_a06,1107,openpangu__mbpp__qv__powerlaw_global_a06__s1107__n500,87c3e3fd00cc3a151e37fdfcdde77fe03c0da542ae86d687e2a6168538c0a8b9,fa7123a3547ef76513aff33225d17ab0206f71aa083e3c62ef04ada57022ee01,"[""core_500step""]",core_500step,step_000500,final_train_loss,lower,loss,1.010593205690384,808.230874092158,0.6505793969990918,808.8814534891571,,,
openpangu,mbpp,powerlaw_global_a06,1107,openpangu__mbpp__qv__powerlaw_global_a06__s1107__n500,87c3e3fd00cc3a151e37fdfcdde77fe03c0da542ae86d687e2a6168538c0a8b9,fa7123a3547ef76513aff33225d17ab0206f71aa083e3c62ef04ada57022ee01,"[""core_500step""]",core_500step,step_000500,raw_auc500,lower,loss_step,723.1452038921416,808.230874092158,0.6505793969990918,808.8814534891571,,,
openpangu,mbpp,powerlaw_shuffle_a06,42,openpangu__mbpp__qv__powerlaw_shuffle_a06__s42__n500,a3769be2011ef74ef5451c58c0165ffba1fb48db60ff51d2e6eba68f837cf4fd,cb61d093fd659fa895062902df462733caacb3445ffa0838b62fd3207d5247d2,"[""core_500step""]",core_500step,step_000500,final_train_loss,lower,loss,0.7571273595094681,808.8576212161206,0.6198084999996354,809.4774297161202,,,
openpangu,mbpp,powerlaw_shuffle_a06,42,openpangu__mbpp__qv__powerlaw_shuffle_a06__s42__n500,a3769be2011ef74ef5451c58c0165ffba1fb48db60ff51d2e6eba68f837cf4fd,cb61d093fd659fa895062902df462733caacb3445ffa0838b62fd3207d5247d2,"[""core_500step""]",core_500step,step_000500,raw_auc500,lower,loss_step,706.3034989386797,808.8576212161206,0.6198084999996354,809.4774297161202,,,
openpangu,mbpp,powerlaw_shuffle_a06,123,openpangu__mbpp__qv__powerlaw_shuffle_a06__s123__n500,33834e0388d787b8d836eda8ab0e57c6324d302a30ec2ce7dffba184957a7b20,ef310594246150857cbdd2b4d9f8ed1af3006f449f8abf4fb61824f28da18ae5,"[""core_500step""]",core_500step,step_000500,final_train_loss,lower,loss,0.8817658759653568,809.2044656200524,0.6258609930009698,809.8303266130533,,,
openpangu,mbpp,powerlaw_shuffle_a06,123,openpangu__mbpp__qv__powerlaw_shuffle_a06__s123__n500,33834e0388d787b8d836eda8ab0e57c6324d302a30ec2ce7dffba184957a7b20,ef310594246150857cbdd2b4d9f8ed1af3006f449f8abf4fb61824f28da18ae5,"[""core_500step""]",core_500step,step_000500,raw_auc500,lower,loss_step,707.6269945185632,809.2044656200524,0.6258609930009698,809.8303266130533,,,
openpangu,mbpp,powerlaw_shuffle_a06,1107,openpangu__mbpp__qv__powerlaw_shuffle_a06__s1107__n500,8e56a2343ffd46a2f4dfa0a1db3a3c29e3b4b9b1217ef87a606d38914d12a99b,6bbe9afe6b534ffa6397c0105a389ff9969b51b339416b9f30ab6ed0742a9be5,"[""core_500step""]",core_500step,step_000500,final_train_loss,lower,loss,0.9494223743677139,807.5630848660585,0.7715442980043008,808.3346291640628,,,
openpangu,mbpp,powerlaw_shuffle_a06,1107,openpangu__mbpp__qv__powerlaw_shuffle_a06__s1107__n500,8e56a2343ffd46a2f4dfa0a1db3a3c29e3b4b9b1217ef87a606d38914d12a99b,6bbe9afe6b534ffa6397c0105a389ff9969b51b339416b9f30ab6ed0742a9be5,"[""core_500step""]",core_500step,step_000500,raw_auc500,lower,loss_step,706.2955091968179,807.5630848660585,0.7715442980043008,808.3346291640628,,,
openpangu,sharegpt,iid_matched,42,openpangu__sharegpt__qv__iid_matched__s42__n500,14c3d6390ea312c67d05b5ce143de683140709fdd78fa8ce0fc983d2c7aa9066,2c9250b4555733a59a2b82dc0ce4aeddd53f11a0de2454bb96bf1bac6b405f43,"[""core_500step""]",core_500step,step_000500,final_train_loss,lower,loss,1.2781193852424622,781.7782836660044,0.6431492000010621,782.4214328660055,,,
openpangu,sharegpt,iid_matched,42,openpangu__sharegpt__qv__iid_matched__s42__n500,14c3d6390ea312c67d05b5ce143de683140709fdd78fa8ce0fc983d2c7aa9066,2c9250b4555733a59a2b82dc0ce4aeddd53f11a0de2454bb96bf1bac6b405f43,"[""core_500step""]",core_500step,step_000500,raw_auc500,lower,loss_step,712.8318316452205,781.7782836660044,0.6431492000010621,782.4214328660055,,,
openpangu,sharegpt,iid_matched,123,openpangu__sharegpt__qv__iid_matched__s123__n500,a51c2ddaa58a66e7d4168340c261b086b0d854887ecd27c8e2027d51a175b0c6,41567c6656d4073f5c6d499c48135acc2fe91b19f860d84f716a2ed90abea005,"[""core_500step""]",core_500step,step_000500,final_train_loss,lower,loss,1.2203398123383522,780.4121043780178,0.6182310990006954,781.0303354770185,,,
openpangu,sharegpt,iid_matched,123,openpangu__sharegpt__qv__iid_matched__s123__n500,a51c2ddaa58a66e7d4168340c261b086b0d854887ecd27c8e2027d51a175b0c6,41567c6656d4073f5c6d499c48135acc2fe91b19f860d84f716a2ed90abea005,"[""core_500step""]",core_500step,step_000500,raw_auc500,lower,loss_step,715.1028854213655,780.4121043780178,0.6182310990006954,781.0303354770185,,,
openpangu,sharegpt,iid_matched,1107,openpangu__sharegpt__qv__iid_matched__s1107__n500,fa69834a2fec21cf482213dfbd6a29b40df1177b8c39ba580ba485312ee56de1,717fb19ed80b314d9b69ab7cec3432d68468641e0256c7576ab9e8c42234698a,"[""core_500step""]",core_500step,step_000500,final_train_loss,lower,loss,1.394765093922615,781.8511896830059,0.6325930989987683,782.4837827820047,,,
openpangu,sharegpt,iid_matched,1107,openpangu__sharegpt__qv__iid_matched__s1107__n500,fa69834a2fec21cf482213dfbd6a29b40df1177b8c39ba580ba485312ee56de1,717fb19ed80b314d9b69ab7cec3432d68468641e0256c7576ab9e8c42234698a,"[""core_500step""]",core_500step,step_000500,raw_auc500,lower,loss_step,724.1447617560625,781.8511896830059,0.6325930989987683,782.4837827820047,,,
openpangu,sharegpt,peft_default,42,openpangu__sharegpt__qv__peft_default__s42__n500,bde8c6d542a2b60a5ed418414a1327da9a894fed758d4bba89bb6455869f13f9,53c292cd97cdc3cbefac3cd98528a4ef793c1b6c3a6be46ff07b9f5336d531bf,"[""core_500step""]",core_500step,step_000500,final_train_loss,lower,loss,1.286697693169117,781.1857635790329,0.2062110010010656,781.391974580034,,,
openpangu,sharegpt,peft_default,42,openpangu__sharegpt__qv__peft_default__s42__n500,bde8c6d542a2b60a5ed418414a1327da9a894fed758d4bba89bb6455869f13f9,53c292cd97cdc3cbefac3cd98528a4ef793c1b6c3a6be46ff07b9f5336d531bf,"[""core_500step""]",core_500step,step_000500,raw_auc500,lower,loss_step,729.7130205370486,781.1857635790329,0.2062110010010656,781.391974580034,,,
openpangu,sharegpt,peft_default,123,openpangu__sharegpt__qv__peft_default__s123__n500,f19f8eb2b8a29adf2a4c3c4fbeebe2bb54cd0855e31fea7a5234c302b0f8240e,36ecbf8c50c53a8d9ae6a9681ec0f9abca57a212243252e3f317838c6a16f747,"[""core_500step""]",core_500step,step_000500,final_train_loss,lower,loss,1.2357170656323433,779.2541101069764,0.2047418000001926,779.4588519069766,,,
openpangu,sharegpt,peft_default,123,openpangu__sharegpt__qv__peft_default__s123__n500,f19f8eb2b8a29adf2a4c3c4fbeebe2bb54cd0855e31fea7a5234c302b0f8240e,36ecbf8c50c53a8d9ae6a9681ec0f9abca57a212243252e3f317838c6a16f747,"[""core_500step""]",core_500step,step_000500,raw_auc500,lower,loss_step,725.651787571609,779.2541101069764,0.2047418000001926,779.4588519069766,,,
openpangu,sharegpt,peft_default,1107,openpangu__sharegpt__qv__peft_default__s1107__n500,455b2a1cf16b9499832ad09f8940110e8e8fbaf7a7956ae97fdc843a8f8e3072,72c8cf78fac2fc65ac30db418354690ad9a75f1b961851dd049c4a243e1cea35,"[""core_500step""]",core_500step,step_000500,final_train_loss,lower,loss,1.4013167321681976,780.4181658530069,0.22116740199999185,780.6393332550069,,,
openpangu,sharegpt,peft_default,1107,openpangu__sharegpt__qv__peft_default__s1107__n500,455b2a1cf16b9499832ad09f8940110e8e8fbaf7a7956ae97fdc843a8f8e3072,72c8cf78fac2fc65ac30db418354690ad9a75f1b961851dd049c4a243e1cea35,"[""core_500step""]",core_500step,step_000500,raw_auc500,lower,loss_step,734.4618202261627,780.4181658530069,0.22116740199999185,780.6393332550069,,,
openpangu,sharegpt,powerlaw_global_a06,42,openpangu__sharegpt__qv__powerlaw_global_a06__s42__n500,5bd7f13c3b47ed3604e92b7bd3ceee5f8813f0a615400a0fd7a1b02b55e7400e,bd50da905242fd20927620455255c74369690ad95f7fca5e81762e2214e6be8c,"[""core_500step""]",core_500step,step_000500,final_train_loss,lower,loss,1.2800626680254936,780.389341883947,0.5322512009988714,780.9215930849459,,,
openpangu,sharegpt,powerlaw_global_a06,42,openpangu__sharegpt__qv__powerlaw_global_a06__s42__n500,5bd7f13c3b47ed3604e92b7bd3ceee5f8813f0a615400a0fd7a1b02b55e7400e,bd50da905242fd20927620455255c74369690ad95f7fca5e81762e2214e6be8c,"[""core_500step""]",core_500step,step_000500,raw_auc500,lower,loss_step,716.2968966215849,780.389341883947,0.5322512009988714,780.9215930849459,,,
openpangu,sharegpt,powerlaw_global_a06,123,openpangu__sharegpt__qv__powerlaw_global_a06__s123__n500,eaabbd23753ac3ac6347433b03825e95d5b4e75b0c3537ff472bd980122a7507,528580373844d9b386d7e49a387995fb833198ff9668c6938654cfee19f5fae6,"[""core_500step""]",core_500step,step_000500,final_train_loss,lower,loss,1.2176953554153442,779.7257161310481,0.5618397010002809,780.2875558320484,,,
openpangu,sharegpt,powerlaw_global_a06,123,openpangu__sharegpt__qv__powerlaw_global_a06__s123__n500,eaabbd23753ac3ac6347433b03825e95d5b4e75b0c3537ff472bd980122a7507,528580373844d9b386d7e49a387995fb833198ff9668c6938654cfee19f5fae6,"[""core_500step""]",core_500step,step_000500,raw_auc500,lower,loss_step,712.1850255075842,779.7257161310481,0.5618397010002809,780.2875558320484,,,
openpangu,sharegpt,powerlaw_global_a06,1107,openpangu__sharegpt__qv__powerlaw_global_a06__s1107__n500,6c82e0a682f777ca5a3925d63f8567cd26a83f45000f10c451f28d8d54e25c63,ae4cb47f6d426f37001fe233b231862a4dbc90449372bcd2c3234cce8a1dec01,"[""core_500step""]",core_500step,step_000500,final_train_loss,lower,loss,1.3959071040153503,781.1219118490626,0.5518921010007034,781.6738039500633,,,
openpangu,sharegpt,powerlaw_global_a06,1107,openpangu__sharegpt__qv__powerlaw_global_a06__s1107__n500,6c82e0a682f777ca5a3925d63f8567cd26a83f45000f10c451f28d8d54e25c63,ae4cb47f6d426f37001fe233b231862a4dbc90449372bcd2c3234cce8a1dec01,"[""core_500step""]",core_500step,step_000500,raw_auc500,lower,loss_step,724.4162374138832,781.1219118490626,0.5518921010007034,781.6738039500633,,,
openpangu,sharegpt,powerlaw_shuffle_a06,42,openpangu__sharegpt__qv__powerlaw_shuffle_a06__s42__n500,c0424be8459133bff0ba32b740c307fd7df22a86ebd8e4cd6d7f87acba555dab,75f781bd093eeea24792ea4555493ea7135e8c72dbad975006dbf97565e05626,"[""core_500step""]",core_500step,step_000500,final_train_loss,lower,loss,1.2775226160883904,781.4048258499533,0.7968219999966095,782.20164784995,,,
openpangu,sharegpt,powerlaw_shuffle_a06,42,openpangu__sharegpt__qv__powerlaw_shuffle_a06__s42__n500,c0424be8459133bff0ba32b740c307fd7df22a86ebd8e4cd6d7f87acba555dab,75f781bd093eeea24792ea4555493ea7135e8c72dbad975006dbf97565e05626,"[""core_500step""]",core_500step,step_000500,raw_auc500,lower,loss_step,716.2020785659552,781.4048258499533,0.7968219999966095,782.20164784995,,,
openpangu,sharegpt,powerlaw_shuffle_a06,123,openpangu__sharegpt__qv__powerlaw_shuffle_a06__s123__n500,1d233f3a80ad3580e54270012e9510bf1036f26b5c73b787775246f4aa1fd0c3,9a8d124ea679b8b6fc53ca7c01d941aa022d95cd12900322c50e47d7855b6ddb,"[""core_500step""]",core_500step,step_000500,final_train_loss,lower,loss,1.2243341356515884,780.1909018349834,0.6841862000001129,780.8750880349835,,,
openpangu,sharegpt,powerlaw_shuffle_a06,123,openpangu__sharegpt__qv__powerlaw_shuffle_a06__s123__n500,1d233f3a80ad3580e54270012e9510bf1036f26b5c73b787775246f4aa1fd0c3,9a8d124ea679b8b6fc53ca7c01d941aa022d95cd12900322c50e47d7855b6ddb,"[""core_500step""]",core_500step,step_000500,raw_auc500,lower,loss_step,714.3662378303707,780.1909018349834,0.6841862000001129,780.8750880349835,,,
openpangu,sharegpt,powerlaw_shuffle_a06,1107,openpangu__sharegpt__qv__powerlaw_shuffle_a06__s1107__n500,400766f223bfa3fdade78e0c9eb2c74e28cbb21b35d5719cf9b4759cfd39b932,c2f5ca1fe9dd9f118ef1727771083b86f22e238a7cd7064c5714dba2f32baacb,"[""core_500step""]",core_500step,step_000500,final_train_loss,lower,loss,1.3935266360640526,780.6710760100505,0.6127989970009367,781.2838750070514,,,
openpangu,sharegpt,powerlaw_shuffle_a06,1107,openpangu__sharegpt__qv__powerlaw_shuffle_a06__s1107__n500,400766f223bfa3fdade78e0c9eb2c74e28cbb21b35d5719cf9b4759cfd39b932,c2f5ca1fe9dd9f118ef1727771083b86f22e238a7cd7064c5714dba2f32baacb,"[""core_500step""]",core_500step,step_000500,raw_auc500,lower,loss_step,721.6381783634424,780.6710760100505,0.6127989970009367,781.2838750070514,,,
openpangu,cmmlu,iid_matched,42,openpangu__cmmlu__qv__iid_matched__s42__n2500,92c2b240841bdcfde9f9ff3bf5c241ffeb5554b7b913ce22b6b2fa06658c4203,a11d62833770c5b00e8e5eaf16d7b1b5c6b49b67d4971105b173e26bcd0ceb81,"[""downstream_2500step""]",downstream_2500step,step_000500,raw_auc500,lower,loss_step,907.1540130935609,813.7459979353589,0.6511344989994541,814.3971324343584,,,
openpangu,cmmlu,iid_matched,42,openpangu__cmmlu__qv__iid_matched__s42__n2500,92c2b240841bdcfde9f9ff3bf5c241ffeb5554b7b913ce22b6b2fa06658c4203,a11d62833770c5b00e8e5eaf16d7b1b5c6b49b67d4971105b173e26bcd0ceb81,"[""downstream_2500step""]",downstream_2500step,step_002500,final_train_loss,lower,loss,0.31736852042376995,4069.7776940698677,0.6511344989994541,4070.428828568867,,,
openpangu,cmmlu,iid_matched,42,openpangu__cmmlu__qv__iid_matched__s42__n2500,92c2b240841bdcfde9f9ff3bf5c241ffeb5554b7b913ce22b6b2fa06658c4203,a11d62833770c5b00e8e5eaf16d7b1b5c6b49b67d4971105b173e26bcd0ceb81,"[""downstream_2500step""]",downstream_2500step,step_002500,macro_accuracy,higher,score,0.4799337705222204,4069.7776940698677,0.6511344989994541,4070.428828568867,2179.2881671959767,dcd0ad15347c3dc1edfc966ecb4f4145be14dc5e88d49beb5944ea872edae05a,a54c09a7f42f103cf8804b706380aa5902940ebe2b00b09c0af29761dead9974
openpangu,cmmlu,iid_matched,123,openpangu__cmmlu__qv__iid_matched__s123__n2500,0174b61e821f792867905ba733666b2c3ce83c51c6d5ad49a38d2313d6a179ac,70b680d01c0ac267a8ad88bfc6c08fbddd7386ba63fbb676925d570cc7af8099,"[""downstream_2500step""]",downstream_2500step,step_000500,raw_auc500,lower,loss_step,939.2201319988817,816.0299494332576,0.6953337999875657,816.7252832332451,,,
openpangu,cmmlu,iid_matched,123,openpangu__cmmlu__qv__iid_matched__s123__n2500,0174b61e821f792867905ba733666b2c3ce83c51c6d5ad49a38d2313d6a179ac,70b680d01c0ac267a8ad88bfc6c08fbddd7386ba63fbb676925d570cc7af8099,"[""downstream_2500step""]",downstream_2500step,step_002500,final_train_loss,lower,loss,0.22157105058431625,4068.9806418814696,0.6953337999875657,4069.675975681457,,,
openpangu,cmmlu,iid_matched,123,openpangu__cmmlu__qv__iid_matched__s123__n2500,0174b61e821f792867905ba733666b2c3ce83c51c6d5ad49a38d2313d6a179ac,70b680d01c0ac267a8ad88bfc6c08fbddd7386ba63fbb676925d570cc7af8099,"[""downstream_2500step""]",downstream_2500step,step_002500,macro_accuracy,higher,score,0.48664718158656006,4068.9806418814696,0.6953337999875657,4069.675975681457,2200.8765098000295,db94bd4572606eb66a24da4e970d7cae331dfdd71617716b2b80f850ad84c951,171cb38b2b9db6bb3e1689b03a80101ea170dc2b76f37bf7966f240f2f6e4346
openpangu,cmmlu,iid_matched,1107,openpangu__cmmlu__qv__iid_matched__s1107__n2500,545d7f37ef7c3a7a20766fe07074582b8e7121749f7173c13f299d1f6deff04b,5754d55c8a3ff8a84f4818a71f83a393ac1561bc9b23bf808b0ec23b3a3bfc30,"[""downstream_2500step""]",downstream_2500step,step_000500,raw_auc500,lower,loss_step,933.2346882112324,814.1115211410215,0.6717907009879127,814.7833118420094,,,
openpangu,cmmlu,iid_matched,1107,openpangu__cmmlu__qv__iid_matched__s1107__n2500,545d7f37ef7c3a7a20766fe07074582b8e7121749f7173c13f299d1f6deff04b,5754d55c8a3ff8a84f4818a71f83a393ac1561bc9b23bf808b0ec23b3a3bfc30,"[""downstream_2500step""]",downstream_2500step,step_002500,final_train_loss,lower,loss,0.22932766564190388,4069.2520797656616,0.6717907009879127,4069.9238704666495,,,
openpangu,cmmlu,iid_matched,1107,openpangu__cmmlu__qv__iid_matched__s1107__n2500,545d7f37ef7c3a7a20766fe07074582b8e7121749f7173c13f299d1f6deff04b,5754d55c8a3ff8a84f4818a71f83a393ac1561bc9b23bf808b0ec23b3a3bfc30,"[""downstream_2500step""]",downstream_2500step,step_002500,macro_accuracy,higher,score,0.466592654359183,4069.2520797656616,0.6717907009879127,4069.9238704666495,2330.5421157910023,140bc231b204826c4984ec4bd35821e16872eac52a712ce3996b5eeabf271d89,994f8ad272eb168e4b6fe21da741a260e361059f0024b2407f25fe86aa70b55a
openpangu,cmmlu,peft_default,42,openpangu__cmmlu__qv__peft_default__s42__n2500,3827c6e28882f95c995c7b977857f361cf74c313bfc1e736ea1e8e097305ffac,d600b2d4762bbf994c97a2161ffa230b14199baad23cd04eeae8d22ffae4c1da,"[""downstream_2500step""]",downstream_2500step,step_000500,raw_auc500,lower,loss_step,1005.7731955386698,805.1166421179914,0.32319900099901133,805.4398411189904,,,
openpangu,cmmlu,peft_default,42,openpangu__cmmlu__qv__peft_default__s42__n2500,3827c6e28882f95c995c7b977857f361cf74c313bfc1e736ea1e8e097305ffac,d600b2d4762bbf994c97a2161ffa230b14199baad23cd04eeae8d22ffae4c1da,"[""downstream_2500step""]",downstream_2500step,step_002500,final_train_loss,lower,loss,0.3749463725835085,4025.392429712945,0.32319900099901133,4025.715628713944,,,
openpangu,cmmlu,peft_default,42,openpangu__cmmlu__qv__peft_default__s42__n2500,3827c6e28882f95c995c7b977857f361cf74c313bfc1e736ea1e8e097305ffac,d600b2d4762bbf994c97a2161ffa230b14199baad23cd04eeae8d22ffae4c1da,"[""downstream_2500step""]",downstream_2500step,step_002500,macro_accuracy,higher,score,0.4723239782600626,4025.392429712945,0.32319900099901133,4025.715628713944,2190.762042937975,5a3f1a068e189c5afdcacdb4c3c2251a3f9a6597fca70590aafecf83c0b9584c,14e6a1af46868ee536b204572e30200e5dc717ecce431edc3f61651f627d1436
openpangu,cmmlu,peft_default,123,openpangu__cmmlu__qv__peft_default__s123__n2500,0411c72d731d6f3cde78abc672a8c24be394e5e6803e39c0fd5c87d810946946,07b55661085ffbf4aa89adf3957cc177a9a76a2c9d7c82ba83764f3b1307e1f4,"[""downstream_2500step""]",downstream_2500step,step_000500,raw_auc500,lower,loss_step,1002.4987349845469,806.9688033979874,0.22810880000179168,807.1969121979891,,,
openpangu,cmmlu,peft_default,123,openpangu__cmmlu__qv__peft_default__s123__n2500,0411c72d731d6f3cde78abc672a8c24be394e5e6803e39c0fd5c87d810946946,07b55661085ffbf4aa89adf3957cc177a9a76a2c9d7c82ba83764f3b1307e1f4,"[""downstream_2500step""]",downstream_2500step,step_002500,final_train_loss,lower,loss,0.2252323478460312,4030.6330465549545,0.22810880000179168,4030.8611553549563,,,
openpangu,cmmlu,peft_default,123,openpangu__cmmlu__qv__peft_default__s123__n2500,0411c72d731d6f3cde78abc672a8c24be394e5e6803e39c0fd5c87d810946946,07b55661085ffbf4aa89adf3957cc177a9a76a2c9d7c82ba83764f3b1307e1f4,"[""downstream_2500step""]",downstream_2500step,step_002500,macro_accuracy,higher,score,0.46610196105385304,4030.6330465549545,0.22810880000179168,4030.8611553549563,2178.6234962319722,4586496344698b952debed5b73770440763cfb851439dff856bd84f5072d44da,a76cb38f57cbc75578ee3819d821b40cb43b3f34139da931481da99f982b9665
openpangu,cmmlu,peft_default,1107,openpangu__cmmlu__qv__peft_default__s1107__n2500,5fdda4e1bd770474c99c16e0cb4339f4f4f919cef9da7475f7c3c4b650ccaa6b,2614d460d4316cf1d2052055f4697e8d94cb03fe0550ad5bacae15ac9f047906,"[""downstream_2500step""]",downstream_2500step,step_000100,macro_accuracy,higher,score,0.5640399205483408,161.15851067300537,0.20671469700027956,161.36522537000565,1576.5982830979628,ef54ae241b81ba95324ba5a07e3c5394dc24ff2117e768e685501dc0f9144164,4e87e06cbe2d3aa24fbf12114b39fb162a730569a52f8d639ff6a6ad120e3554
openpangu,cmmlu,peft_default,1107,openpangu__cmmlu__qv__peft_default__s1107__n2500,5fdda4e1bd770474c99c16e0cb4339f4f4f919cef9da7475f7c3c4b650ccaa6b,2614d460d4316cf1d2052055f4697e8d94cb03fe0550ad5bacae15ac9f047906,"[""downstream_2500step""]",downstream_2500step,step_000500,macro_accuracy,higher,score,0.4951226793569552,804.911280870996,0.20671469700027956,805.1179955679963,1607.8788868249976,55e81c71300cece96b04b5f2981c795d17b3eb99f6d9b4e3eceb86277cb8b70a,ec49e2bf08bc3bcd16203869a10754b4fd4b3fe1785111a2149215b9527d3660
openpangu,cmmlu,peft_default,1107,openpangu__cmmlu__qv__peft_default__s1107__n2500,5fdda4e1bd770474c99c16e0cb4339f4f4f919cef9da7475f7c3c4b650ccaa6b,2614d460d4316cf1d2052055f4697e8d94cb03fe0550ad5bacae15ac9f047906,"[""downstream_2500step""]",downstream_2500step,step_000500,raw_auc500,lower,loss_step,999.1537210717797,804.911280870996,0.20671469700027956,805.1179955679963,,,
openpangu,cmmlu,peft_default,1107,openpangu__cmmlu__qv__peft_default__s1107__n2500,5fdda4e1bd770474c99c16e0cb4339f4f4f919cef9da7475f7c3c4b650ccaa6b,2614d460d4316cf1d2052055f4697e8d94cb03fe0550ad5bacae15ac9f047906,"[""downstream_2500step""]",downstream_2500step,step_001500,macro_accuracy,higher,score,0.46276034116157416,2414.8136762239865,0.20671469700027956,2415.0203909209868,1569.9324734160327,0c18a2c2b7cb4909c9c72bf3cae2a188b63ba557b17cddac7a924ee0f265c766,256e3ed0d2215554fba4ebea5c7740bf88349805daf93d92e858f50d14572cea
openpangu,cmmlu,peft_default,1107,openpangu__cmmlu__qv__peft_default__s1107__n2500,5fdda4e1bd770474c99c16e0cb4339f4f4f919cef9da7475f7c3c4b650ccaa6b,2614d460d4316cf1d2052055f4697e8d94cb03fe0550ad5bacae15ac9f047906,"[""downstream_2500step""]",downstream_2500step,step_002500,final_train_loss,lower,loss,0.24162092059850693,4024.32808244397,0.20671469700027956,4024.53479714097,,,
openpangu,cmmlu,peft_default,1107,openpangu__cmmlu__qv__peft_default__s1107__n2500,5fdda4e1bd770474c99c16e0cb4339f4f4f919cef9da7475f7c3c4b650ccaa6b,2614d460d4316cf1d2052055f4697e8d94cb03fe0550ad5bacae15ac9f047906,"[""downstream_2500step""]",downstream_2500step,step_002500,macro_accuracy,higher,score,0.46674132178596867,4024.32808244397,0.20671469700027956,4024.53479714097,2188.552102646965,43ecbebc63e1e9184929c1b20c0c79e8ed9d59e02103b15deb43500ef9212f39,e3a44ef10e38834b899a07349dcf87e8f5cf25f98ec11d61e9e12a6042522ba8
openpangu,cmmlu,powerlaw_global_a06,42,openpangu__cmmlu__qv__powerlaw_global_a06__s42__n2500,6cc762f27a6ad25f9b11cebc547a548871f3daa3de44af9e557523e4843df880,2aeea296c0d13579f1688272a7507b7fae7c3f39043f7313bd00e87bf2962c50,"[""downstream_2500step""]",downstream_2500step,step_000500,raw_auc500,lower,loss_step,923.2031580004841,807.9094200949476,0.5399277100004838,808.449347804948,,,
openpangu,cmmlu,powerlaw_global_a06,42,openpangu__cmmlu__qv__powerlaw_global_a06__s42__n2500,6cc762f27a6ad25f9b11cebc547a548871f3daa3de44af9e557523e4843df880,2aeea296c0d13579f1688272a7507b7fae7c3f39043f7313bd00e87bf2962c50,"[""downstream_2500step""]",downstream_2500step,step_002500,final_train_loss,lower,loss,0.320524238049984,4032.4362306611656,0.5399277100004838,4032.976158371166,,,
openpangu,cmmlu,powerlaw_global_a06,42,openpangu__cmmlu__qv__powerlaw_global_a06__s42__n2500,6cc762f27a6ad25f9b11cebc547a548871f3daa3de44af9e557523e4843df880,2aeea296c0d13579f1688272a7507b7fae7c3f39043f7313bd00e87bf2962c50,"[""downstream_2500step""]",downstream_2500step,step_002500,macro_accuracy,higher,score,0.4841346635640418,4032.4362306611656,0.5399277100004838,4032.976158371166,2207.8758169480134,dd41de5694a19b6d911b14b2565295a633541911bc1ed76a66f24ade5b61c532,37d1a4ee4f474abade26e27a1182aab1c0ae333da1f29731edd9a82595b43fe1
openpangu,cmmlu,powerlaw_global_a06,123,openpangu__cmmlu__qv__powerlaw_global_a06__s123__n2500,63388a13df29c064ea996c052eaf88c9c21cc1c62ac78011878450b10158e52c,5547b3b556cd22da3c0dff7972c21cbed209abd932450e941700019b41b3f19f,"[""downstream_2500step""]",downstream_2500step,step_000500,raw_auc500,lower,loss_step,926.5790955983102,805.5362599599939,0.7736068920021353,806.309866851996,,,
openpangu,cmmlu,powerlaw_global_a06,123,openpangu__cmmlu__qv__powerlaw_global_a06__s123__n2500,63388a13df29c064ea996c052eaf88c9c21cc1c62ac78011878450b10158e52c,5547b3b556cd22da3c0dff7972c21cbed209abd932450e941700019b41b3f19f,"[""downstream_2500step""]",downstream_2500step,step_002500,final_train_loss,lower,loss,0.22180276177823544,4048.324369376911,0.7736068920021353,4049.097976268913,,,
openpangu,cmmlu,powerlaw_global_a06,123,openpangu__cmmlu__qv__powerlaw_global_a06__s123__n2500,63388a13df29c064ea996c052eaf88c9c21cc1c62ac78011878450b10158e52c,5547b3b556cd22da3c0dff7972c21cbed209abd932450e941700019b41b3f19f,"[""downstream_2500step""]",downstream_2500step,step_002500,macro_accuracy,higher,score,0.4935716671238917,4048.324369376911,0.7736068920021353,4049.097976268913,2196.7914364369935,7f99676b038764cfdcc2e9ec0d0629dbbd7d75c36cba696a6369cf3d44dc2108,d9a5c04361061a446a7cdec519992343d9244bbf04f33e7339116f7f60eb1d28
openpangu,cmmlu,powerlaw_global_a06,1107,openpangu__cmmlu__qv__powerlaw_global_a06__s1107__n2500,133bc4a880a53cfb3f4291127135cc9a63ef7009fcfe9e2ada21fd70d80161bc,0174b78a8563dd77072b6c25472a75e39b05a674986639148ed63102cedb31d2,"[""downstream_2500step""]",downstream_2500step,step_000100,macro_accuracy,higher,score,0.5694891729431445,161.13242923602957,0.6511126999976113,161.78354193602718,1527.0054914550274,cc09e687132fcfaff2085c45150c3363d122aaf8da466abdab27340ef0dbcf71,36b5bce5692c194346d6f8a19e724d47ba9ef3990a34e7bcae05a03ac4857d68
openpangu,cmmlu,powerlaw_global_a06,1107,openpangu__cmmlu__qv__powerlaw_global_a06__s1107__n2500,133bc4a880a53cfb3f4291127135cc9a63ef7009fcfe9e2ada21fd70d80161bc,0174b78a8563dd77072b6c25472a75e39b05a674986639148ed63102cedb31d2,"[""downstream_2500step""]",downstream_2500step,step_000500,macro_accuracy,higher,score,0.49908748784590623,805.4892788209836,0.6511126999976113,806.1403915209812,1570.4215790689923,415f8766e0b765d70f595069b6f9df77529d5668271edfd999f4ad2bcd04a189,a42ca7e16a088ca0c704ffbddec99527142fc68d2ceff167649c7d52d4fa9007
openpangu,cmmlu,powerlaw_global_a06,1107,openpangu__cmmlu__qv__powerlaw_global_a06__s1107__n2500,133bc4a880a53cfb3f4291127135cc9a63ef7009fcfe9e2ada21fd70d80161bc,0174b78a8563dd77072b6c25472a75e39b05a674986639148ed63102cedb31d2,"[""downstream_2500step""]",downstream_2500step,step_000500,raw_auc500,lower,loss_step,934.0531484298408,805.4892788209836,0.6511126999976113,806.1403915209812,,,
openpangu,cmmlu,powerlaw_global_a06,1107,openpangu__cmmlu__qv__powerlaw_global_a06__s1107__n2500,133bc4a880a53cfb3f4291127135cc9a63ef7009fcfe9e2ada21fd70d80161bc,0174b78a8563dd77072b6c25472a75e39b05a674986639148ed63102cedb31d2,"[""downstream_2500step""]",downstream_2500step,step_001500,macro_accuracy,higher,score,0.49454310011784636,2420.806136526946,0.6511126999976113,2421.4572492269435,1538.2607101070462,c1fc7debd3eb624a3f0e08759eef44339e5c3ccdd3d6deb2f949e3b5a8a1c983,04a3daa905398cb7073a37510058ca47c967ce4c215275e1532b6ee4c9cd6c77
openpangu,cmmlu,powerlaw_global_a06,1107,openpangu__cmmlu__qv__powerlaw_global_a06__s1107__n2500,133bc4a880a53cfb3f4291127135cc9a63ef7009fcfe9e2ada21fd70d80161bc,0174b78a8563dd77072b6c25472a75e39b05a674986639148ed63102cedb31d2,"[""downstream_2500step""]",downstream_2500step,step_002500,final_train_loss,lower,loss,0.23603550530970097,4031.7028844029737,0.6511126999976113,4032.3539971029713,,,
openpangu,cmmlu,powerlaw_global_a06,1107,openpangu__cmmlu__qv__powerlaw_global_a06__s1107__n2500,133bc4a880a53cfb3f4291127135cc9a63ef7009fcfe9e2ada21fd70d80161bc,0174b78a8563dd77072b6c25472a75e39b05a674986639148ed63102cedb31d2,"[""downstream_2500step""]",downstream_2500step,step_002500,macro_accuracy,higher,score,0.4933365070002684,4031.7028844029737,0.6511126999976113,4032.3539971029713,2197.8700002050027,f713602d095cda394f8fc8674d08f3d41010946170a1356e198f99128d5bb6a0,1bac236fa8f02a0bc69ecda82851da32315a24490dba46bfe261d789904329a8
openpangu,gsm8k,iid_matched,42,openpangu__gsm8k__qv__iid_matched__s42__n2500,db52557bdde6e67e380ce8835a69f95f616a302b6e25bbf084b7eda7896dee75,7c9cab3cf027b6ff7ae0d731ab9bf86d14354755686c5545027b023fbe81c3a9,"[""downstream_2500step""]",downstream_2500step,step_000500,raw_auc500,lower,loss_step,675.9705996178091,863.0292346083734,0.7944450030045118,863.8236796113779,,,
openpangu,gsm8k,iid_matched,42,openpangu__gsm8k__qv__iid_matched__s42__n2500,db52557bdde6e67e380ce8835a69f95f616a302b6e25bbf084b7eda7896dee75,7c9cab3cf027b6ff7ae0d731ab9bf86d14354755686c5545027b023fbe81c3a9,"[""downstream_2500step""]",downstream_2500step,step_002500,final_train_loss,lower,loss,0.9567319974303246,4306.893929234706,0.7944450030045118,4307.68837423771,,,
openpangu,gsm8k,iid_matched,123,openpangu__gsm8k__qv__iid_matched__s123__n2500,cf3b2908aa3966255af678a1f886431db0cdaa8a288279422f6f3623b58a1a3b,800d7b2ec85953f44b12670f0994eb9b28c19322cf16c099420e7d002b17fe88,"[""downstream_2500step""]",downstream_2500step,step_000500,raw_auc500,lower,loss_step,684.5108327232301,814.5620101900713,0.7701568999909796,815.3321670900623,,,
openpangu,gsm8k,iid_matched,123,openpangu__gsm8k__qv__iid_matched__s123__n2500,cf3b2908aa3966255af678a1f886431db0cdaa8a288279422f6f3623b58a1a3b,800d7b2ec85953f44b12670f0994eb9b28c19322cf16c099420e7d002b17fe88,"[""downstream_2500step""]",downstream_2500step,step_002500,final_train_loss,lower,loss,1.0623369812965393,4084.513165153796,0.7701568999909796,4085.283322053787,,,
openpangu,gsm8k,iid_matched,1107,openpangu__gsm8k__qv__iid_matched__s1107__n2500,ca907596f316b4da60a9284527a2809b8a393159c66d150cfdcfa9d94ae4930e,c7409e2f834247d58ba29a090149066ecae67b1d7dfc62c04abcf4f0f3dcf1fe,"[""downstream_2500step""]",downstream_2500step,step_000500,raw_auc500,lower,loss_step,686.5759503915906,817.9860686304455,0.6698210030153859,818.6558896334609,,,
openpangu,gsm8k,iid_matched,1107,openpangu__gsm8k__qv__iid_matched__s1107__n2500,ca907596f316b4da60a9284527a2809b8a393159c66d150cfdcfa9d94ae4930e,c7409e2f834247d58ba29a090149066ecae67b1d7dfc62c04abcf4f0f3dcf1fe,"[""downstream_2500step""]",downstream_2500step,step_002500,final_train_loss,lower,loss,1.071286328136921,4240.676393907401,0.6698210030153859,4241.346214910416,,,
openpangu,gsm8k,peft_default,42,openpangu__gsm8k__qv__peft_default__s42__n2500,90b3e4845d5410fb3b579d7622b785e5e7ee648f52224f522c5405561116c333,867cc9327890bf0459dd45f7e160bde2460f4d8971888d460bdeabe65b7f808a,"[""downstream_2500step""]",downstream_2500step,step_000500,raw_auc500,lower,loss_step,710.0892084464431,806.2220114846132,0.21196169999893755,806.4339731846121,,,
openpangu,gsm8k,peft_default,42,openpangu__gsm8k__qv__peft_default__s42__n2500,90b3e4845d5410fb3b579d7622b785e5e7ee648f52224f522c5405561116c333,867cc9327890bf0459dd45f7e160bde2460f4d8971888d460bdeabe65b7f808a,"[""downstream_2500step""]",downstream_2500step,step_002500,exact_match,higher,score,0.6444275966641395,4057.80133799091,0.21196169999893755,4058.0132996909088,16187.657549186999,8aa92006f994d88e508246aaa4c34a0f94be1fcee3b902e24dd4182a8ab4092d,082d8b68b8a06ca6acae936bf0ae2b9a93d827649388b78c6c76b7e9c4461e3a
openpangu,gsm8k,peft_default,42,openpangu__gsm8k__qv__peft_default__s42__n2500,90b3e4845d5410fb3b579d7622b785e5e7ee648f52224f522c5405561116c333,867cc9327890bf0459dd45f7e160bde2460f4d8971888d460bdeabe65b7f808a,"[""downstream_2500step""]",downstream_2500step,step_002500,final_train_loss,lower,loss,0.9618488848209381,4057.80133799091,0.21196169999893755,4058.0132996909088,,,
openpangu,gsm8k,peft_default,123,openpangu__gsm8k__qv__peft_default__s123__n2500,d2aa5af1673c4e573420809db8e5040ea2bbe73c233b1a3f69e030ba48c73a12,0b5886c1eba31d8a700c81aba896ed6bdfcaf49d7f2d42666f200ed1d15152c3,"[""downstream_2500step""]",downstream_2500step,step_000500,raw_auc500,lower,loss_step,707.9358329065144,803.3175531799207,0.24470597298932262,803.56225915291,,,
openpangu,gsm8k,peft_default,123,openpangu__gsm8k__qv__peft_default__s123__n2500,d2aa5af1673c4e573420809db8e5040ea2bbe73c233b1a3f69e030ba48c73a12,0b5886c1eba31d8a700c81aba896ed6bdfcaf49d7f2d42666f200ed1d15152c3,"[""downstream_2500step""]",downstream_2500step,step_002500,exact_match,higher,score,0.6497346474601972,4027.3880968508893,0.24470597298932262,4027.6328028238786,0.22184209599799942,2a274b4d86fcc68e41904b0913dacc00e6590a4fd8e0059d663986a5b46f5af5,291b10ad84d2665fb897c5c71001e44f6fab738841b5078bc09ad67dff9a65f2
openpangu,gsm8k,peft_default,123,openpangu__gsm8k__qv__peft_default__s123__n2500,d2aa5af1673c4e573420809db8e5040ea2bbe73c233b1a3f69e030ba48c73a12,0b5886c1eba31d8a700c81aba896ed6bdfcaf49d7f2d42666f200ed1d15152c3,"[""downstream_2500step""]",downstream_2500step,step_002500,final_train_loss,lower,loss,1.079907864332199,4027.3880968508893,0.24470597298932262,4027.6328028238786,,,
openpangu,gsm8k,peft_default,1107,openpangu__gsm8k__qv__peft_default__s1107__n2500,813b66f6dfc8bea032d319d3965fa3a0fbaeda12f0a6089ce0b8e49ba62f508d,68248871f5379292478eef8349e3622e2eeae43a652b341460a033fc7a9a5ade,"[""downstream_2500step""]",downstream_2500step,step_000500,raw_auc500,lower,loss_step,699.3857198543847,809.4885292852123,0.3247659009939525,809.8132951862062,,,
openpangu,gsm8k,peft_default,1107,openpangu__gsm8k__qv__peft_default__s1107__n2500,813b66f6dfc8bea032d319d3965fa3a0fbaeda12f0a6089ce0b8e49ba62f508d,68248871f5379292478eef8349e3622e2eeae43a652b341460a033fc7a9a5ade,"[""downstream_2500step""]",downstream_2500step,step_001500,exact_match,higher,score,0.6550416982562547,2424.79136018359,0.3247659009939525,2425.116126084584,15445.667581466027,0858291d604efdfc4f279d50446aea6b94b47adac807f5a286f0c74314416cc3,6a80f34a75a3813eef31a459bb3b714d2cc14719499fbd1d86ff3ffa903e779b
openpangu,gsm8k,peft_default,1107,openpangu__gsm8k__qv__peft_default__s1107__n2500,813b66f6dfc8bea032d319d3965fa3a0fbaeda12f0a6089ce0b8e49ba62f508d,68248871f5379292478eef8349e3622e2eeae43a652b341460a033fc7a9a5ade,"[""downstream_2500step""]",downstream_2500step,step_002500,exact_match,higher,score,0.6641394996209249,4032.703500115982,0.3247659009939525,4033.028266016976,0.20242319899989525,28ac959499761536bb3f1c461111a986372749b8e86a40d8372499f5f5ebb9b7,add64337c83e11dfbff3affea2213384c200a75fd5d69fd164c79e97c07c00c0
openpangu,gsm8k,peft_default,1107,openpangu__gsm8k__qv__peft_default__s1107__n2500,813b66f6dfc8bea032d319d3965fa3a0fbaeda12f0a6089ce0b8e49ba62f508d,68248871f5379292478eef8349e3622e2eeae43a652b341460a033fc7a9a5ade,"[""downstream_2500step""]",downstream_2500step,step_002500,final_train_loss,lower,loss,1.0755861476063728,4032.703500115982,0.3247659009939525,4033.028266016976,,,
openpangu,gsm8k,powerlaw_global_a06,42,openpangu__gsm8k__qv__powerlaw_global_a06__s42__n2500,35dc32f4d8abc380c28453c851c0909c85822a7e58722a230940b2b597d6ea10,fce339215240ee4337e4ae8477144ed7280f659cac7d598604704dd708a1074a,"[""downstream_2500step""]",downstream_2500step,step_000500,raw_auc500,lower,loss_step,677.3118998110294,806.1782266530154,0.5440028909997636,806.7222295440151,,,
openpangu,gsm8k,powerlaw_global_a06,42,openpangu__gsm8k__qv__powerlaw_global_a06__s42__n2500,35dc32f4d8abc380c28453c851c0909c85822a7e58722a230940b2b597d6ea10,fce339215240ee4337e4ae8477144ed7280f659cac7d598604704dd708a1074a,"[""downstream_2500step""]",downstream_2500step,step_002500,exact_match,higher,score,0.6679302501895376,4045.4045672420198,0.5440028909997636,4045.9485701330195,13940.769342140004,67a9026d4927400bcee2eaeb8f898b02135ecb7219517b109092973577631103,b92e12125d2e922468a86bc5ec9c5a08a5269973bb919da0c7f2683f8546b4d6
openpangu,gsm8k,powerlaw_global_a06,42,openpangu__gsm8k__qv__powerlaw_global_a06__s42__n2500,35dc32f4d8abc380c28453c851c0909c85822a7e58722a230940b2b597d6ea10,fce339215240ee4337e4ae8477144ed7280f659cac7d598604704dd708a1074a,"[""downstream_2500step""]",downstream_2500step,step_002500,final_train_loss,lower,loss,0.9580414071679115,4045.4045672420198,0.5440028909997636,4045.9485701330195,,,
openpangu,gsm8k,powerlaw_global_a06,123,openpangu__gsm8k__qv__powerlaw_global_a06__s123__n2500,ee92014287e446325d019aa162c3ba3039ddb958fdb191871aa4292405141430,13e4f1dfe42d204cc77c41935685e474f27fef8cef783b4598edadccb2f158a7,"[""downstream_2500step""]",downstream_2500step,step_000500,raw_auc500,lower,loss_step,686.9819249846041,910.3419068260027,0.7137278049995075,911.0556346310022,,,
openpangu,gsm8k,powerlaw_global_a06,123,openpangu__gsm8k__qv__powerlaw_global_a06__s123__n2500,ee92014287e446325d019aa162c3ba3039ddb958fdb191871aa4292405141430,13e4f1dfe42d204cc77c41935685e474f27fef8cef783b4598edadccb2f158a7,"[""downstream_2500step""]",downstream_2500step,step_002500,exact_match,higher,score,0.6550416982562547,4207.5517875720425,0.7137278049995075,4208.265515377042,14064.175015278,af17ea01cebefad47ca0b7fe2e08dd6c73776310dea8ee130dc86119b58f43aa,76fa58b8c87868b17b9c021b97ef71aef94d0069dcfc1f57a047ef3bfbf7175c
openpangu,gsm8k,powerlaw_global_a06,123,openpangu__gsm8k__qv__powerlaw_global_a06__s123__n2500,ee92014287e446325d019aa162c3ba3039ddb958fdb191871aa4292405141430,13e4f1dfe42d204cc77c41935685e474f27fef8cef783b4598edadccb2f158a7,"[""downstream_2500step""]",downstream_2500step,step_002500,final_train_loss,lower,loss,1.0679630264639854,4207.5517875720425,0.7137278049995075,4208.265515377042,,,
openpangu,gsm8k,powerlaw_global_a06,1107,openpangu__gsm8k__qv__powerlaw_global_a06__s1107__n2500,077a30e3d9e32875e700fa52dd9e87d6fe4496e096f580ccb7bc2f28c8bae227,0320f0a708df0e569c9aaf8dafce39fc4f97b0fb2675a02af38ab34745bf4919,"[""downstream_2500step""]",downstream_2500step,step_000500,raw_auc500,lower,loss_step,695.0401321388781,807.1899367619982,1.468549003000021,808.6584857649982,,,
openpangu,gsm8k,powerlaw_global_a06,1107,openpangu__gsm8k__qv__powerlaw_global_a06__s1107__n2500,077a30e3d9e32875e700fa52dd9e87d6fe4496e096f580ccb7bc2f28c8bae227,0320f0a708df0e569c9aaf8dafce39fc4f97b0fb2675a02af38ab34745bf4919,"[""downstream_2500step""]",downstream_2500step,step_001500,exact_match,higher,score,0.6611068991660348,2796.0018722020054,1.468549003000021,2797.4704212050056,15271.31259632099,3b2d4dec2a6a1ab7437a3e1a4d202d6f504ebb42314865764adbf4f0990c5187,04afbf098e533ff1448c362e1dc575cde3ac44d44a8f7ca58b0179271450ba51
openpangu,gsm8k,powerlaw_global_a06,1107,openpangu__gsm8k__qv__powerlaw_global_a06__s1107__n2500,077a30e3d9e32875e700fa52dd9e87d6fe4496e096f580ccb7bc2f28c8bae227,0320f0a708df0e569c9aaf8dafce39fc4f97b0fb2675a02af38ab34745bf4919,"[""downstream_2500step""]",downstream_2500step,step_002500,exact_match,higher,score,0.6755117513267627,4490.911542905993,1.468549003000021,4492.380091908993,14558.494649822998,eeeb840ed9999fee2c35bd5390538e918904e2b81a6769a2b4d83daf8ee2cebe,d4090248e9807c1f7b8342e1c17faa43cf60eb18e668c933bffc7d2391cc8853
openpangu,gsm8k,powerlaw_global_a06,1107,openpangu__gsm8k__qv__powerlaw_global_a06__s1107__n2500,077a30e3d9e32875e700fa52dd9e87d6fe4496e096f580ccb7bc2f28c8bae227,0320f0a708df0e569c9aaf8dafce39fc4f97b0fb2675a02af38ab34745bf4919,"[""downstream_2500step""]",downstream_2500step,step_002500,final_train_loss,lower,loss,1.0597341507673264,4490.911542905993,1.468549003000021,4492.380091908993,,,
openpangu,mbpp,iid_matched,42,openpangu__mbpp__qv__iid_matched__s42__n2500,da984dad475c64519b1ada1ddf2617e03d83e05e1536a717c46209fa1de9b5b9,301f75b84236fbb5bfad6e7ce7f658707f75fdb32baff02343d00c19fb0dfa57,"[""downstream_2500step""]",downstream_2500step,step_000500,raw_auc500,lower,loss_step,677.4914405588061,813.6528791448218,0.8132706009782851,814.4661497458001,,,
openpangu,mbpp,iid_matched,42,openpangu__mbpp__qv__iid_matched__s42__n2500,da984dad475c64519b1ada1ddf2617e03d83e05e1536a717c46209fa1de9b5b9,301f75b84236fbb5bfad6e7ce7f658707f75fdb32baff02343d00c19fb0dfa57,"[""downstream_2500step""]",downstream_2500step,step_002500,final_train_loss,lower,loss,0.09881101176142693,4091.225280185172,0.8132706009782851,4092.03855078615,,,
openpangu,mbpp,iid_matched,123,openpangu__mbpp__qv__iid_matched__s123__n2500,5e6f845bffadabff10386046be2e7b7428810b05628cc72761068d93ef563b6b,be66873bcc36cc48c74d2a40aed8d89caeefad011a6133c4446060a958ff4c9d,"[""downstream_2500step""]",downstream_2500step,step_000500,raw_auc500,lower,loss_step,683.152432333678,812.8535996446735,0.8910072050057352,813.7446068496793,,,
openpangu,mbpp,iid_matched,123,openpangu__mbpp__qv__iid_matched__s123__n2500,5e6f845bffadabff10386046be2e7b7428810b05628cc72761068d93ef563b6b,be66873bcc36cc48c74d2a40aed8d89caeefad011a6133c4446060a958ff4c9d,"[""downstream_2500step""]",downstream_2500step,step_002500,final_train_loss,lower,loss,0.11347521608695388,4062.6498075860727,0.8910072050057352,4063.5408147910784,,,
openpangu,mbpp,iid_matched,1107,openpangu__mbpp__qv__iid_matched__s1107__n2500,181d71e4a4c79f74c8b9c2a9463cb78a7d882f7079f7921c9b1c17daa5e67e12,a18212bf0be7dbf8691abe310b1f3d2fc41ed54daf2ca65b7c0779047a8c394a,"[""downstream_2500step""]",downstream_2500step,step_000500,raw_auc500,lower,loss_step,691.2029408849776,820.9844761702407,0.7671791699831374,821.7516553402238,,,
openpangu,mbpp,iid_matched,1107,openpangu__mbpp__qv__iid_matched__s1107__n2500,181d71e4a4c79f74c8b9c2a9463cb78a7d882f7079f7921c9b1c17daa5e67e12,a18212bf0be7dbf8691abe310b1f3d2fc41ed54daf2ca65b7c0779047a8c394a,"[""downstream_2500step""]",downstream_2500step,step_002500,final_train_loss,lower,loss,0.12512091547250748,4073.5308698480367,0.7671791699831374,4074.29804901802,,,
openpangu,mbpp,peft_default,42,openpangu__mbpp__qv__peft_default__s42__n2500,d491c5ff7bc11aa74cdeac09d1519f1b358cba6e12c83b04d408cc0c5c73d843,7e2dc5898868ea154ebb150b1a44c5a237a83f217a7069f56134bb8cc354b7b2,"[""downstream_2500step""]",downstream_2500step,step_000500,raw_auc500,lower,loss_step,709.3533774036914,837.4172819288215,0.347948187001748,837.7652301158232,,,
openpangu,mbpp,peft_default,42,openpangu__mbpp__qv__peft_default__s42__n2500,d491c5ff7bc11aa74cdeac09d1519f1b358cba6e12c83b04d408cc0c5c73d843,7e2dc5898868ea154ebb150b1a44c5a237a83f217a7069f56134bb8cc354b7b2,"[""downstream_2500step""]",downstream_2500step,step_002500,final_train_loss,lower,loss,0.10096781421452761,4222.252981605678,0.347948187001748,4222.600929792679,,,
openpangu,mbpp,peft_default,42,openpangu__mbpp__qv__peft_default__s42__n2500,d491c5ff7bc11aa74cdeac09d1519f1b358cba6e12c83b04d408cc0c5c73d843,7e2dc5898868ea154ebb150b1a44c5a237a83f217a7069f56134bb8cc354b7b2,"[""downstream_2500step""]",downstream_2500step,step_002500,pass_at_1,higher,score,0.16310160427807488,4222.252981605678,0.347948187001748,4222.600929792679,2592.7731311280077,3e8ef0d2986baf40bfce2ed511e95fb7b20872b7245ba520f3d26dce46a78b81,855bd766c9f6469cd42caf70842ab63b01843160083b9bfddc7493802671ce43
openpangu,mbpp,peft_default,123,openpangu__mbpp__qv__peft_default__s123__n2500,bb4e0d84f10b0a35ce06da97ad7da5f5088c9f558aa467d937cc4dba6073b96d,f54bf41c72d92a6f93bf661e63e5877cf43df7be94353a98977c04568e6164e9,"[""downstream_2500step""]",downstream_2500step,step_000500,raw_auc500,lower,loss_step,697.9934715162963,823.2343130898953,0.36756130000867415,823.601874389904,,,
openpangu,mbpp,peft_default,123,openpangu__mbpp__qv__peft_default__s123__n2500,bb4e0d84f10b0a35ce06da97ad7da5f5088c9f558aa467d937cc4dba6073b96d,f54bf41c72d92a6f93bf661e63e5877cf43df7be94353a98977c04568e6164e9,"[""downstream_2500step""]",downstream_2500step,step_002500,final_train_loss,lower,loss,0.1260249661281705,4138.194729464594,0.36756130000867415,4138.562290764603,,,
openpangu,mbpp,peft_default,123,openpangu__mbpp__qv__peft_default__s123__n2500,bb4e0d84f10b0a35ce06da97ad7da5f5088c9f558aa467d937cc4dba6073b96d,f54bf41c72d92a6f93bf661e63e5877cf43df7be94353a98977c04568e6164e9,"[""downstream_2500step""]",downstream_2500step,step_002500,pass_at_1,higher,score,0.21657754010695188,4138.194729464594,0.36756130000867415,4138.562290764603,21.885353576974012,611c8a607ec24213730257598d8b2dd6296ee698bd43a5a48e0e91e0fb20d562,438e9235f3c81ee1ff2a5ca93d5c09efac7f42496d700ad2fa8a843ba8d2ae21
openpangu,mbpp,peft_default,1107,openpangu__mbpp__qv__peft_default__s1107__n2500,c2a19dd50d2665e8d7850bcd105e23f76bb72a39560a7c7be8b7669b6b32808b,7bf90636acf39cca75de5d3806f4dc4172fb6b7dd81478ca39301d4f50d3ebd5,"[""downstream_2500step""]",downstream_2500step,step_000100,pass_at_1,higher,score,0.2727272727272727,165.9433825989836,0.22418060000200057,166.1675631989856,2872.0907958630123,ecd70dd2e9a681a54c97c4be1327e592f55c1c023eb4e3e9f1582890f3006eee,a677d68a7d4f52b01e685bdd31368261b45367c3f5af418ea9e44f58ee7cb728
openpangu,mbpp,peft_default,1107,openpangu__mbpp__qv__peft_default__s1107__n2500,c2a19dd50d2665e8d7850bcd105e23f76bb72a39560a7c7be8b7669b6b32808b,7bf90636acf39cca75de5d3806f4dc4172fb6b7dd81478ca39301d4f50d3ebd5,"[""downstream_2500step""]",downstream_2500step,step_000500,pass_at_1,higher,score,0.2727272727272727,833.9573723259746,0.22418060000200057,834.1815529259766,2861.3559308389667,3af78fbd1d0f4075c51108788032e4bda5c32b6eb58df6b11601fe6fb4366d8e,c8cffa2bf2158832feace4224ddcef687622a77a4345ead14d11ddca93ecfbd8
openpangu,mbpp,peft_default,1107,openpangu__mbpp__qv__peft_default__s1107__n2500,c2a19dd50d2665e8d7850bcd105e23f76bb72a39560a7c7be8b7669b6b32808b,7bf90636acf39cca75de5d3806f4dc4172fb6b7dd81478ca39301d4f50d3ebd5,"[""downstream_2500step""]",downstream_2500step,step_000500,raw_auc500,lower,loss_step,703.4026061967015,833.9573723259746,0.22418060000200057,834.1815529259766,,,
openpangu,mbpp,peft_default,1107,openpangu__mbpp__qv__peft_default__s1107__n2500,c2a19dd50d2665e8d7850bcd105e23f76bb72a39560a7c7be8b7669b6b32808b,7bf90636acf39cca75de5d3806f4dc4172fb6b7dd81478ca39301d4f50d3ebd5,"[""downstream_2500step""]",downstream_2500step,step_001500,pass_at_1,higher,score,0.19518716577540107,2500.3591260239627,0.22418060000200057,2500.5833066239647,2946.0121202960145,fb38662b7a33c4f4fdf76e6697d4da17c23ad50d1e813e5c35e3947a0448af1a,02acc3980d16a0d1c4b7c6c9bbb4bc42d0751704e02faee5012938c7e1018f73
openpangu,mbpp,peft_default,1107,openpangu__mbpp__qv__peft_default__s1107__n2500,c2a19dd50d2665e8d7850bcd105e23f76bb72a39560a7c7be8b7669b6b32808b,7bf90636acf39cca75de5d3806f4dc4172fb6b7dd81478ca39301d4f50d3ebd5,"[""downstream_2500step""]",downstream_2500step,step_002500,final_train_loss,lower,loss,0.1319414647296071,4158.361496099969,0.22418060000200057,4158.585676699971,,,
openpangu,mbpp,peft_default,1107,openpangu__mbpp__qv__peft_default__s1107__n2500,c2a19dd50d2665e8d7850bcd105e23f76bb72a39560a7c7be8b7669b6b32808b,7bf90636acf39cca75de5d3806f4dc4172fb6b7dd81478ca39301d4f50d3ebd5,"[""downstream_2500step""]",downstream_2500step,step_002500,pass_at_1,higher,score,0.1925133689839572,4158.361496099969,0.22418060000200057,4158.585676699971,34.30949163300102,fa1879dd0cb1d3b770d6893fb709c7aedc84313f47015ddfde07f18fb8c1470e,968495c8c49d1837ebc4010db8689092298bd7be40e8b68d78db10362a0d21d7
openpangu,mbpp,powerlaw_global_a06,42,openpangu__mbpp__qv__powerlaw_global_a06__s42__n2500,6e637cd99a716ffb19ff4b0306381832f78a3bf4776e556ef3b9d1ee180cae62,00035bd37e2073ebcc54f7a01c46925e43096e38da33eb8f27c4b72a0decfde9,"[""downstream_2500step""]",downstream_2500step,step_000500,raw_auc500,lower,loss_step,691.5956868045032,843.1557251689665,0.545118996000383,843.7008441649668,,,
openpangu,mbpp,powerlaw_global_a06,42,openpangu__mbpp__qv__powerlaw_global_a06__s42__n2500,6e637cd99a716ffb19ff4b0306381832f78a3bf4776e556ef3b9d1ee180cae62,00035bd37e2073ebcc54f7a01c46925e43096e38da33eb8f27c4b72a0decfde9,"[""downstream_2500step""]",downstream_2500step,step_002500,final_train_loss,lower,loss,0.09947715001180768,4098.298371709723,0.545118996000383,4098.8434907057235,,,
openpangu,mbpp,powerlaw_global_a06,42,openpangu__mbpp__qv__powerlaw_global_a06__s42__n2500,6e637cd99a716ffb19ff4b0306381832f78a3bf4776e556ef3b9d1ee180cae62,00035bd37e2073ebcc54f7a01c46925e43096e38da33eb8f27c4b72a0decfde9,"[""downstream_2500step""]",downstream_2500step,step_002500,pass_at_1,higher,score,0.21657754010695188,4098.298371709723,0.545118996000383,4098.8434907057235,2610.208381212011,1164e7816aec25617efc0a2785210aa8b23a98a08e11c53d9e17ae4012280ab3,c147c70dde5c610a0ca19ef4abd1034ac0aadae9016bed1d9103e53ba60c8fc0
openpangu,mbpp,powerlaw_global_a06,123,openpangu__mbpp__qv__powerlaw_global_a06__s123__n2500,ec6b65868ef9897a9173d2ca0f99e42c0962bfe52525e6c97dfb54fe87deda1d,0e881329bedc9cf6704a2db28381be41c8e98e649b538524deb2ab9651b42111,"[""downstream_2500step""]",downstream_2500step,step_000500,raw_auc500,lower,loss_step,681.9174031317234,829.2524773250043,0.5768702040077187,829.829347529012,,,
openpangu,mbpp,powerlaw_global_a06,123,openpangu__mbpp__qv__powerlaw_global_a06__s123__n2500,ec6b65868ef9897a9173d2ca0f99e42c0962bfe52525e6c97dfb54fe87deda1d,0e881329bedc9cf6704a2db28381be41c8e98e649b538524deb2ab9651b42111,"[""downstream_2500step""]",downstream_2500step,step_002500,final_train_loss,lower,loss,0.1151706874370575,4174.074559232147,0.5768702040077187,4174.651429436155,,,
openpangu,mbpp,powerlaw_global_a06,123,openpangu__mbpp__qv__powerlaw_global_a06__s123__n2500,ec6b65868ef9897a9173d2ca0f99e42c0962bfe52525e6c97dfb54fe87deda1d,0e881329bedc9cf6704a2db28381be41c8e98e649b538524deb2ab9651b42111,"[""downstream_2500step""]",downstream_2500step,step_002500,pass_at_1,higher,score,0.18449197860962566,4174.074559232147,0.5768702040077187,4174.651429436155,3053.1930589340045,edcdc5e12816996e94adf1b6cac61e1c48feb33bde02faf7b3a70dbab09848a4,69e85f5d857f8c0599ce31c566f942ea1f5bb25f49b7729e1497a391e6a453c2
openpangu,mbpp,powerlaw_global_a06,1107,openpangu__mbpp__qv__powerlaw_global_a06__s1107__n2500,44f8414c99ceff8d11ddd033d7f26467966c67f7cc8c8b3e7602e67d0347c092,318025e0e81b49c55de67136c64c90c005bff866d86aaa2bcb41e92e90743983,"[""downstream_2500step""]",downstream_2500step,step_000100,pass_at_1,higher,score,0.28609625668449196,167.79232996996143,0.5986322920070961,168.39096226196853,2823.133225613041,9f702525f8a70609bd43d1d817a8cad815393dff9e785498817c2e6a710a8c93,4df79855a92560b5419ee2ddfb6c62f102ee7ab648d2bb1a695fc2e2b92b6008
openpangu,mbpp,powerlaw_global_a06,1107,openpangu__mbpp__qv__powerlaw_global_a06__s1107__n2500,44f8414c99ceff8d11ddd033d7f26467966c67f7cc8c8b3e7602e67d0347c092,318025e0e81b49c55de67136c64c90c005bff866d86aaa2bcb41e92e90743983,"[""downstream_2500step""]",downstream_2500step,step_000500,pass_at_1,higher,score,0.2700534759358289,827.0195290673,0.5986322920070961,827.6181613593071,2854.326629360032,02af6acb1259bfbdbb10017200ee5e5de9ce490b16ed30782bfaf8c948540855,ef89331f5b859de7af035847bdeca66e0fc778820d7e5ec0278417a26f2e0851
openpangu,mbpp,powerlaw_global_a06,1107,openpangu__mbpp__qv__powerlaw_global_a06__s1107__n2500,44f8414c99ceff8d11ddd033d7f26467966c67f7cc8c8b3e7602e67d0347c092,318025e0e81b49c55de67136c64c90c005bff866d86aaa2bcb41e92e90743983,"[""downstream_2500step""]",downstream_2500step,step_000500,raw_auc500,lower,loss_step,686.9177938122302,827.0195290673,0.5986322920070961,827.6181613593071,,,
openpangu,mbpp,powerlaw_global_a06,1107,openpangu__mbpp__qv__powerlaw_global_a06__s1107__n2500,44f8414c99ceff8d11ddd033d7f26467966c67f7cc8c8b3e7602e67d0347c092,318025e0e81b49c55de67136c64c90c005bff866d86aaa2bcb41e92e90743983,"[""downstream_2500step""]",downstream_2500step,step_001500,pass_at_1,higher,score,0.22192513368983957,2498.920367396975,0.5986322920070961,2499.518999688982,2805.6911797329667,7252441c7c0e4cb2725f990e8d74f99c50f07b7aa33bd280988c72f0b806b393,1902838a6ee9e73be209d4f8c311e42fe280dcb031ac2e76aea2e5f3f8b5c69d
openpangu,mbpp,powerlaw_global_a06,1107,openpangu__mbpp__qv__powerlaw_global_a06__s1107__n2500,44f8414c99ceff8d11ddd033d7f26467966c67f7cc8c8b3e7602e67d0347c092,318025e0e81b49c55de67136c64c90c005bff866d86aaa2bcb41e92e90743983,"[""downstream_2500step""]",downstream_2500step,step_002500,final_train_loss,lower,loss,0.12545330822467804,4154.962491326165,0.5986322920070961,4155.561123618172,,,
openpangu,mbpp,powerlaw_global_a06,1107,openpangu__mbpp__qv__powerlaw_global_a06__s1107__n2500,44f8414c99ceff8d11ddd033d7f26467966c67f7cc8c8b3e7602e67d0347c092,318025e0e81b49c55de67136c64c90c005bff866d86aaa2bcb41e92e90743983,"[""downstream_2500step""]",downstream_2500step,step_002500,pass_at_1,higher,score,0.24064171122994651,4154.962491326165,0.5986322920070961,4155.561123618172,2699.9298700630025,9a3807e7ee013cf46eeb025c3588dc79a72bf4730918929bc133a2074e156858,18365e1f3cff82c6933f94e2769bd4f37c6ba3c37b442ccd4b95f1de329ac502
openpangu,sharegpt,iid_matched,42,openpangu__sharegpt__qv__iid_matched__s42__n2500,d7f6779c20e10df691015687a2c4da533200f6391db563d47d91290013808127,83a825edda8e7cf1415e473531a40283a30e934cb34abd8621fa65d7c450e423,"[""downstream_2500step""]",downstream_2500step,step_000500,raw_auc500,lower,loss_step,710.5151397325099,786.1076369587972,0.6343919990176801,786.7420289578149,,,
openpangu,sharegpt,iid_matched,42,openpangu__sharegpt__qv__iid_matched__s42__n2500,d7f6779c20e10df691015687a2c4da533200f6391db563d47d91290013808127,83a825edda8e7cf1415e473531a40283a30e934cb34abd8621fa65d7c450e423,"[""downstream_2500step""]",downstream_2500step,step_002500,final_train_loss,lower,loss,0.8206335604190826,3935.644337030797,0.6343919990176801,3936.2787290298147,,,
openpangu,sharegpt,iid_matched,123,openpangu__sharegpt__qv__iid_matched__s123__n2500,46e2ad200bd316a8e7693f188315b7cd86272c95ae8479ac048a99e574494cd5,202573572ecc1862eede7a614422e1c6971b972a01305111584c93c88ea14b18,"[""downstream_2500step""]",downstream_2500step,step_000500,raw_auc500,lower,loss_step,713.4120789840817,790.1227361020283,0.6758855980006047,790.7986217000289,,,
openpangu,sharegpt,iid_matched,123,openpangu__sharegpt__qv__iid_matched__s123__n2500,46e2ad200bd316a8e7693f188315b7cd86272c95ae8479ac048a99e574494cd5,202573572ecc1862eede7a614422e1c6971b972a01305111584c93c88ea14b18,"[""downstream_2500step""]",downstream_2500step,step_002500,final_train_loss,lower,loss,1.4269234091043472,3929.2937068211904,0.6758855980006047,3929.969592419191,,,
openpangu,sharegpt,iid_matched,1107,openpangu__sharegpt__qv__iid_matched__s1107__n2500,4354692c99a463ece65281c316f62d02a55249db97376113dee8d43816e8ac2b,b13318402f432b77e98958875369e7588849a3cc52242e60e0b0cf773b2ebae9,"[""downstream_2500step""]",downstream_2500step,step_000500,raw_auc500,lower,loss_step,722.0140389241278,784.6581772705831,0.7009749940189067,785.359152264602,,,
openpangu,sharegpt,iid_matched,1107,openpangu__sharegpt__qv__iid_matched__s1107__n2500,4354692c99a463ece65281c316f62d02a55249db97376113dee8d43816e8ac2b,b13318402f432b77e98958875369e7588849a3cc52242e60e0b0cf773b2ebae9,"[""downstream_2500step""]",downstream_2500step,step_002500,final_train_loss,lower,loss,1.3815981894731522,3928.9928653106326,0.7009749940189067,3929.6938403046515,,,
openpangu,sharegpt,peft_default,42,openpangu__sharegpt__qv__peft_default__s42__n2500,0f9c9e482f332fd83dba99df4323c48c19b2ee644a13d3a20021a8234326ca25,47955e32220e93e0bfb2004d74036f2d87525c39661b82630c81fb8022e43bbb,"[""downstream_2500step""]",downstream_2500step,step_000500,raw_auc500,lower,loss_step,727.529932115227,778.7619992418258,0.2034773000050336,778.9654765418309,,,
openpangu,sharegpt,peft_default,42,openpangu__sharegpt__qv__peft_default__s42__n2500,0f9c9e482f332fd83dba99df4323c48c19b2ee644a13d3a20021a8234326ca25,47955e32220e93e0bfb2004d74036f2d87525c39661b82630c81fb8022e43bbb,"[""downstream_2500step""]",downstream_2500step,step_002500,final_train_loss,lower,loss,0.8277228027582169,3984.2838256029063,0.2034773000050336,3984.4873029029113,,,
openpangu,sharegpt,peft_default,42,openpangu__sharegpt__qv__peft_default__s42__n2500,0f9c9e482f332fd83dba99df4323c48c19b2ee644a13d3a20021a8234326ca25,47955e32220e93e0bfb2004d74036f2d87525c39661b82630c81fb8022e43bbb,"[""downstream_2500step""]",downstream_2500step,step_002500,heldout_nll,lower,score,1.1963481778705178,3984.2838256029063,0.2034773000050336,3984.4873029029113,3678.628668906007,4e3c274c796ba68e5857e47d6e41420105ccf1e8a06728c73bf292e6e7849fcc,820432fec784467e5399c40fb1da3f8d533f6fdd825de2f03cf1fd96ea17ee47
openpangu,sharegpt,peft_default,42,openpangu__sharegpt__qv__peft_default__s42__n2500,0f9c9e482f332fd83dba99df4323c48c19b2ee644a13d3a20021a8234326ca25,47955e32220e93e0bfb2004d74036f2d87525c39661b82630c81fb8022e43bbb,"[""downstream_2500step""]",downstream_2500step,step_002500,prometheus_absolute_score,higher,score,1.81,3984.2838256029063,0.2034773000050336,3984.4873029029113,3678.628668906007,4e3c274c796ba68e5857e47d6e41420105ccf1e8a06728c73bf292e6e7849fcc,820432fec784467e5399c40fb1da3f8d533f6fdd825de2f03cf1fd96ea17ee47
openpangu,sharegpt,peft_default,42,openpangu__sharegpt__qv__peft_default__s42__n2500,0f9c9e482f332fd83dba99df4323c48c19b2ee644a13d3a20021a8234326ca25,47955e32220e93e0bfb2004d74036f2d87525c39661b82630c81fb8022e43bbb,"[""downstream_2500step""]",downstream_2500step,step_002500,prometheus_judged_samples,higher,score,200.0,3984.2838256029063,0.2034773000050336,3984.4873029029113,3678.628668906007,4e3c274c796ba68e5857e47d6e41420105ccf1e8a06728c73bf292e6e7849fcc,820432fec784467e5399c40fb1da3f8d533f6fdd825de2f03cf1fd96ea17ee47
openpangu,sharegpt,peft_default,42,openpangu__sharegpt__qv__peft_default__s42__n2500,0f9c9e482f332fd83dba99df4323c48c19b2ee644a13d3a20021a8234326ca25,47955e32220e93e0bfb2004d74036f2d87525c39661b82630c81fb8022e43bbb,"[""downstream_2500step""]",downstream_2500step,step_002500,prometheus_unjudgeable_samples,higher,score,0.0,3984.2838256029063,0.2034773000050336,3984.4873029029113,3678.628668906007,4e3c274c796ba68e5857e47d6e41420105ccf1e8a06728c73bf292e6e7849fcc,820432fec784467e5399c40fb1da3f8d533f6fdd825de2f03cf1fd96ea17ee47
openpangu,sharegpt,peft_default,123,openpangu__sharegpt__qv__peft_default__s123__n2500,21d3cf4e606aa27a69baa96beb35da9d383f87d5e288f83006ac5e9474e995f1,5a4bdcd25d66217fb2b543a3bcb571e922c49d467656e5eb03a8a1905cb0d6f5,"[""downstream_2500step""]",downstream_2500step,step_000500,raw_auc500,lower,loss_step,723.4912674799562,777.5612039439802,0.3166198980034096,777.8778238419836,,,
openpangu,sharegpt,peft_default,123,openpangu__sharegpt__qv__peft_default__s123__n2500,21d3cf4e606aa27a69baa96beb35da9d383f87d5e288f83006ac5e9474e995f1,5a4bdcd25d66217fb2b543a3bcb571e922c49d467656e5eb03a8a1905cb0d6f5,"[""downstream_2500step""]",downstream_2500step,step_002500,final_train_loss,lower,loss,1.4407464563846588,3893.6469741950714,0.3166198980034096,3893.963594093075,,,
openpangu,sharegpt,peft_default,123,openpangu__sharegpt__qv__peft_default__s123__n2500,21d3cf4e606aa27a69baa96beb35da9d383f87d5e288f83006ac5e9474e995f1,5a4bdcd25d66217fb2b543a3bcb571e922c49d467656e5eb03a8a1905cb0d6f5,"[""downstream_2500step""]",downstream_2500step,step_002500,heldout_nll,lower,score,1.2003153503036637,3893.6469741950714,0.3166198980034096,3893.963594093075,3080.4586834950023,cec05a318d98cf246838891a2e313c87f73c62c9c4aafa56b848a0cae2bae42f,c42d4801ebe246b5b3d1b571ef716052703476951f7b06a69822e101af7fade8
openpangu,sharegpt,peft_default,123,openpangu__sharegpt__qv__peft_default__s123__n2500,21d3cf4e606aa27a69baa96beb35da9d383f87d5e288f83006ac5e9474e995f1,5a4bdcd25d66217fb2b543a3bcb571e922c49d467656e5eb03a8a1905cb0d6f5,"[""downstream_2500step""]",downstream_2500step,step_002500,prometheus_absolute_score,higher,score,1.715,3893.6469741950714,0.3166198980034096,3893.963594093075,3080.4586834950023,cec05a318d98cf246838891a2e313c87f73c62c9c4aafa56b848a0cae2bae42f,c42d4801ebe246b5b3d1b571ef716052703476951f7b06a69822e101af7fade8
openpangu,sharegpt,peft_default,123,openpangu__sharegpt__qv__peft_default__s123__n2500,21d3cf4e606aa27a69baa96beb35da9d383f87d5e288f83006ac5e9474e995f1,5a4bdcd25d66217fb2b543a3bcb571e922c49d467656e5eb03a8a1905cb0d6f5,"[""downstream_2500step""]",downstream_2500step,step_002500,prometheus_judged_samples,higher,score,200.0,3893.6469741950714,0.3166198980034096,3893.963594093075,3080.4586834950023,cec05a318d98cf246838891a2e313c87f73c62c9c4aafa56b848a0cae2bae42f,c42d4801ebe246b5b3d1b571ef716052703476951f7b06a69822e101af7fade8
openpangu,sharegpt,peft_default,123,openpangu__sharegpt__qv__peft_default__s123__n2500,21d3cf4e606aa27a69baa96beb35da9d383f87d5e288f83006ac5e9474e995f1,5a4bdcd25d66217fb2b543a3bcb571e922c49d467656e5eb03a8a1905cb0d6f5,"[""downstream_2500step""]",downstream_2500step,step_002500,prometheus_unjudgeable_samples,higher,score,0.0,3893.6469741950714,0.3166198980034096,3893.963594093075,3080.4586834950023,cec05a318d98cf246838891a2e313c87f73c62c9c4aafa56b848a0cae2bae42f,c42d4801ebe246b5b3d1b571ef716052703476951f7b06a69822e101af7fade8
openpangu,sharegpt,peft_default,1107,openpangu__sharegpt__qv__peft_default__s1107__n2500,71557c61a16ad7c75f7fb6479b7a097bd4187366bd0f1a79715b648ddffe8c73,59e2dd41c9c7b2b79edfb25b186cb900d93dcf4ba876154a37960969bdba844f,"[""downstream_2500step""]",downstream_2500step,step_000500,raw_auc500,lower,loss_step,732.003179397434,778.9700935270303,0.3251458000013372,779.2952393270316,,,
openpangu,sharegpt,peft_default,1107,openpangu__sharegpt__qv__peft_default__s1107__n2500,71557c61a16ad7c75f7fb6479b7a097bd4187366bd0f1a79715b648ddffe8c73,59e2dd41c9c7b2b79edfb25b186cb900d93dcf4ba876154a37960969bdba844f,"[""downstream_2500step""]",downstream_2500step,step_002500,final_train_loss,lower,loss,1.3895593583583832,3895.9044218801573,0.3251458000013372,3896.2295676801587,,,
openpangu,sharegpt,peft_default,1107,openpangu__sharegpt__qv__peft_default__s1107__n2500,71557c61a16ad7c75f7fb6479b7a097bd4187366bd0f1a79715b648ddffe8c73,59e2dd41c9c7b2b79edfb25b186cb900d93dcf4ba876154a37960969bdba844f,"[""downstream_2500step""]",downstream_2500step,step_002500,heldout_nll,lower,score,1.1947642882071734,3895.9044218801573,0.3251458000013372,3896.2295676801587,7280.004505564997,2fef1b86b9b30b4e93f7366c8c3dd05789ccc1eb1c826185ba7a9684f2742629,b2e1bafbe1aa2407e994b0105410c8c4dfdbdafc9b4dfd6758fa0256d2b529a0
openpangu,sharegpt,peft_default,1107,openpangu__sharegpt__qv__peft_default__s1107__n2500,71557c61a16ad7c75f7fb6479b7a097bd4187366bd0f1a79715b648ddffe8c73,59e2dd41c9c7b2b79edfb25b186cb900d93dcf4ba876154a37960969bdba844f,"[""downstream_2500step""]",downstream_2500step,step_002500,prometheus_absolute_score,higher,score,1.605,3895.9044218801573,0.3251458000013372,3896.2295676801587,7280.004505564997,2fef1b86b9b30b4e93f7366c8c3dd05789ccc1eb1c826185ba7a9684f2742629,b2e1bafbe1aa2407e994b0105410c8c4dfdbdafc9b4dfd6758fa0256d2b529a0
openpangu,sharegpt,peft_default,1107,openpangu__sharegpt__qv__peft_default__s1107__n2500,71557c61a16ad7c75f7fb6479b7a097bd4187366bd0f1a79715b648ddffe8c73,59e2dd41c9c7b2b79edfb25b186cb900d93dcf4ba876154a37960969bdba844f,"[""downstream_2500step""]",downstream_2500step,step_002500,prometheus_judged_samples,higher,score,200.0,3895.9044218801573,0.3251458000013372,3896.2295676801587,7280.004505564997,2fef1b86b9b30b4e93f7366c8c3dd05789ccc1eb1c826185ba7a9684f2742629,b2e1bafbe1aa2407e994b0105410c8c4dfdbdafc9b4dfd6758fa0256d2b529a0
openpangu,sharegpt,peft_default,1107,openpangu__sharegpt__qv__peft_default__s1107__n2500,71557c61a16ad7c75f7fb6479b7a097bd4187366bd0f1a79715b648ddffe8c73,59e2dd41c9c7b2b79edfb25b186cb900d93dcf4ba876154a37960969bdba844f,"[""downstream_2500step""]",downstream_2500step,step_002500,prometheus_unjudgeable_samples,higher,score,0.0,3895.9044218801573,0.3251458000013372,3896.2295676801587,7280.004505564997,2fef1b86b9b30b4e93f7366c8c3dd05789ccc1eb1c826185ba7a9684f2742629,b2e1bafbe1aa2407e994b0105410c8c4dfdbdafc9b4dfd6758fa0256d2b529a0
openpangu,sharegpt,powerlaw_global_a06,42,openpangu__sharegpt__qv__powerlaw_global_a06__s42__n2500,2faae1bddaec761efd37b07339fce081387c2308a0fe6e2f648dee74e2582887,d2fd82a21d880fc45b548b2c6ff8891a950c44be9bfa444b6b02c19243f0e124,"[""downstream_2500step""]",downstream_2500step,step_000500,raw_auc500,lower,loss_step,713.6388376317918,796.9674211869278,0.5807328939990839,797.5481540809269,,,
openpangu,sharegpt,powerlaw_global_a06,42,openpangu__sharegpt__qv__powerlaw_global_a06__s42__n2500,2faae1bddaec761efd37b07339fce081387c2308a0fe6e2f648dee74e2582887,d2fd82a21d880fc45b548b2c6ff8891a950c44be9bfa444b6b02c19243f0e124,"[""downstream_2500step""]",downstream_2500step,step_002500,final_train_loss,lower,loss,0.8102511316537857,3997.557220740855,0.5807328939990839,3998.137953634854,,,
openpangu,sharegpt,powerlaw_global_a06,42,openpangu__sharegpt__qv__powerlaw_global_a06__s42__n2500,2faae1bddaec761efd37b07339fce081387c2308a0fe6e2f648dee74e2582887,d2fd82a21d880fc45b548b2c6ff8891a950c44be9bfa444b6b02c19243f0e124,"[""downstream_2500step""]",downstream_2500step,step_002500,heldout_nll,lower,score,1.1878001527115856,3997.557220740855,0.5807328939990839,3998.137953634854,3416.0106770239654,54b5bda0be2df0430ec31caa7afd716e33091f13a73afb34057549ac1e32c8bc,9c0f077e92c9aa65a0659680b12f1dd940902eda1d35b206e817ceda0ac6af4f
openpangu,sharegpt,powerlaw_global_a06,42,openpangu__sharegpt__qv__powerlaw_global_a06__s42__n2500,2faae1bddaec761efd37b07339fce081387c2308a0fe6e2f648dee74e2582887,d2fd82a21d880fc45b548b2c6ff8891a950c44be9bfa444b6b02c19243f0e124,"[""downstream_2500step""]",downstream_2500step,step_002500,prometheus_absolute_score,higher,score,1.635,3997.557220740855,0.5807328939990839,3998.137953634854,3416.0106770239654,54b5bda0be2df0430ec31caa7afd716e33091f13a73afb34057549ac1e32c8bc,9c0f077e92c9aa65a0659680b12f1dd940902eda1d35b206e817ceda0ac6af4f
openpangu,sharegpt,powerlaw_global_a06,42,openpangu__sharegpt__qv__powerlaw_global_a06__s42__n2500,2faae1bddaec761efd37b07339fce081387c2308a0fe6e2f648dee74e2582887,d2fd82a21d880fc45b548b2c6ff8891a950c44be9bfa444b6b02c19243f0e124,"[""downstream_2500step""]",downstream_2500step,step_002500,prometheus_judged_samples,higher,score,200.0,3997.557220740855,0.5807328939990839,3998.137953634854,3416.0106770239654,54b5bda0be2df0430ec31caa7afd716e33091f13a73afb34057549ac1e32c8bc,9c0f077e92c9aa65a0659680b12f1dd940902eda1d35b206e817ceda0ac6af4f
openpangu,sharegpt,powerlaw_global_a06,42,openpangu__sharegpt__qv__powerlaw_global_a06__s42__n2500,2faae1bddaec761efd37b07339fce081387c2308a0fe6e2f648dee74e2582887,d2fd82a21d880fc45b548b2c6ff8891a950c44be9bfa444b6b02c19243f0e124,"[""downstream_2500step""]",downstream_2500step,step_002500,prometheus_unjudgeable_samples,higher,score,0.0,3997.557220740855,0.5807328939990839,3998.137953634854,3416.0106770239654,54b5bda0be2df0430ec31caa7afd716e33091f13a73afb34057549ac1e32c8bc,9c0f077e92c9aa65a0659680b12f1dd940902eda1d35b206e817ceda0ac6af4f
openpangu,sharegpt,powerlaw_global_a06,123,openpangu__sharegpt__qv__powerlaw_global_a06__s123__n2500,1393ba34b629d90571bae1a60cded69912fab6e3c599a546b8d790672983a54c,d7364e7d266e41a1351e8afaa70a8fa2442f66d22a3d07439083f41279e243dd,"[""downstream_2500step""]",downstream_2500step,step_000500,raw_auc500,lower,loss_step,710.2338837571442,817.2873728379273,0.5471654969951487,817.8345383349224,,,
openpangu,sharegpt,powerlaw_global_a06,123,openpangu__sharegpt__qv__powerlaw_global_a06__s123__n2500,1393ba34b629d90571bae1a60cded69912fab6e3c599a546b8d790672983a54c,d7364e7d266e41a1351e8afaa70a8fa2442f66d22a3d07439083f41279e243dd,"[""downstream_2500step""]",downstream_2500step,step_002500,final_train_loss,lower,loss,1.4236613884568214,4061.0050886317767,0.5471654969951487,4061.552254128772,,,
openpangu,sharegpt,powerlaw_global_a06,123,openpangu__sharegpt__qv__powerlaw_global_a06__s123__n2500,1393ba34b629d90571bae1a60cded69912fab6e3c599a546b8d790672983a54c,d7364e7d266e41a1351e8afaa70a8fa2442f66d22a3d07439083f41279e243dd,"[""downstream_2500step""]",downstream_2500step,step_002500,heldout_nll,lower,score,1.1954979527978165,4061.0050886317767,0.5471654969951487,4061.552254128772,3262.31563900903,7978f0807e07f76b4c2ed6bb5631603d9830f1c5112fc549775efeaed1ddcb7c,f3d5e3e3f18e6a209d45e3146e01b39fa86ae29006e6f072a052fb590557cc7a
openpangu,sharegpt,powerlaw_global_a06,123,openpangu__sharegpt__qv__powerlaw_global_a06__s123__n2500,1393ba34b629d90571bae1a60cded69912fab6e3c599a546b8d790672983a54c,d7364e7d266e41a1351e8afaa70a8fa2442f66d22a3d07439083f41279e243dd,"[""downstream_2500step""]",downstream_2500step,step_002500,prometheus_absolute_score,higher,score,1.575,4061.0050886317767,0.5471654969951487,4061.552254128772,3262.31563900903,7978f0807e07f76b4c2ed6bb5631603d9830f1c5112fc549775efeaed1ddcb7c,f3d5e3e3f18e6a209d45e3146e01b39fa86ae29006e6f072a052fb590557cc7a
openpangu,sharegpt,powerlaw_global_a06,123,openpangu__sharegpt__qv__powerlaw_global_a06__s123__n2500,1393ba34b629d90571bae1a60cded69912fab6e3c599a546b8d790672983a54c,d7364e7d266e41a1351e8afaa70a8fa2442f66d22a3d07439083f41279e243dd,"[""downstream_2500step""]",downstream_2500step,step_002500,prometheus_judged_samples,higher,score,200.0,4061.0050886317767,0.5471654969951487,4061.552254128772,3262.31563900903,7978f0807e07f76b4c2ed6bb5631603d9830f1c5112fc549775efeaed1ddcb7c,f3d5e3e3f18e6a209d45e3146e01b39fa86ae29006e6f072a052fb590557cc7a
openpangu,sharegpt,powerlaw_global_a06,123,openpangu__sharegpt__qv__powerlaw_global_a06__s123__n2500,1393ba34b629d90571bae1a60cded69912fab6e3c599a546b8d790672983a54c,d7364e7d266e41a1351e8afaa70a8fa2442f66d22a3d07439083f41279e243dd,"[""downstream_2500step""]",downstream_2500step,step_002500,prometheus_unjudgeable_samples,higher,score,0.0,4061.0050886317767,0.5471654969951487,4061.552254128772,3262.31563900903,7978f0807e07f76b4c2ed6bb5631603d9830f1c5112fc549775efeaed1ddcb7c,f3d5e3e3f18e6a209d45e3146e01b39fa86ae29006e6f072a052fb590557cc7a
openpangu,sharegpt,powerlaw_global_a06,1107,openpangu__sharegpt__qv__powerlaw_global_a06__s1107__n2500,dd486ca7ebfe8bbe08fa8b5be4ddf2572165462865820addf870a6683fa467ac,26279fa7eb378d4489bf1316f62865277e3d36105658435d42b159a9ec7d76cd,"[""downstream_2500step""]",downstream_2500step,step_000500,raw_auc500,lower,loss_step,722.6885148137808,814.8933022449637,0.6802464010033873,815.5735486459671,,,
openpangu,sharegpt,powerlaw_global_a06,1107,openpangu__sharegpt__qv__powerlaw_global_a06__s1107__n2500,dd486ca7ebfe8bbe08fa8b5be4ddf2572165462865820addf870a6683fa467ac,26279fa7eb378d4489bf1316f62865277e3d36105658435d42b159a9ec7d76cd,"[""downstream_2500step""]",downstream_2500step,step_002500,final_train_loss,lower,loss,1.374922513961792,4008.2136347970736,0.6802464010033873,4008.893881198077,,,
openpangu,sharegpt,powerlaw_global_a06,1107,openpangu__sharegpt__qv__powerlaw_global_a06__s1107__n2500,dd486ca7ebfe8bbe08fa8b5be4ddf2572165462865820addf870a6683fa467ac,26279fa7eb378d4489bf1316f62865277e3d36105658435d42b159a9ec7d76cd,"[""downstream_2500step""]",downstream_2500step,step_002500,heldout_nll,lower,score,1.1870796295217971,4008.2136347970736,0.6802464010033873,4008.893881198077,3438.7349771799927,6bb5ea06501276168de758667bc301bd2ea4ff202ec46fae4d8136cfb24c02d3,a46f5e9b87bc28860a24932811c30ec09020d55e8a6ad65d10e2192eca8578ff
openpangu,sharegpt,powerlaw_global_a06,1107,openpangu__sharegpt__qv__powerlaw_global_a06__s1107__n2500,dd486ca7ebfe8bbe08fa8b5be4ddf2572165462865820addf870a6683fa467ac,26279fa7eb378d4489bf1316f62865277e3d36105658435d42b159a9ec7d76cd,"[""downstream_2500step""]",downstream_2500step,step_002500,prometheus_absolute_score,higher,score,1.695,4008.2136347970736,0.6802464010033873,4008.893881198077,3438.7349771799927,6bb5ea06501276168de758667bc301bd2ea4ff202ec46fae4d8136cfb24c02d3,a46f5e9b87bc28860a24932811c30ec09020d55e8a6ad65d10e2192eca8578ff
openpangu,sharegpt,powerlaw_global_a06,1107,openpangu__sharegpt__qv__powerlaw_global_a06__s1107__n2500,dd486ca7ebfe8bbe08fa8b5be4ddf2572165462865820addf870a6683fa467ac,26279fa7eb378d4489bf1316f62865277e3d36105658435d42b159a9ec7d76cd,"[""downstream_2500step""]",downstream_2500step,step_002500,prometheus_judged_samples,higher,score,200.0,4008.2136347970736,0.6802464010033873,4008.893881198077,3438.7349771799927,6bb5ea06501276168de758667bc301bd2ea4ff202ec46fae4d8136cfb24c02d3,a46f5e9b87bc28860a24932811c30ec09020d55e8a6ad65d10e2192eca8578ff
openpangu,sharegpt,powerlaw_global_a06,1107,openpangu__sharegpt__qv__powerlaw_global_a06__s1107__n2500,dd486ca7ebfe8bbe08fa8b5be4ddf2572165462865820addf870a6683fa467ac,26279fa7eb378d4489bf1316f62865277e3d36105658435d42b159a9ec7d76cd,"[""downstream_2500step""]",downstream_2500step,step_002500,prometheus_unjudgeable_samples,higher,score,0.0,4008.2136347970736,0.6802464010033873,4008.893881198077,3438.7349771799927,6bb5ea06501276168de758667bc301bd2ea4ff202ec46fae4d8136cfb24c02d3,a46f5e9b87bc28860a24932811c30ec09020d55e8a6ad65d10e2192eca8578ff
qwen,cmmlu,iid_matched,42,qwen__cmmlu__qv__iid_matched__s42__n2500,d3db1fbf1198a8c6f1784d9dd94f40f306d46d177673b495682a128502ad69a9,25a2d825cc7c94f91a06584c6a3a3c4920118946ebabcd286e5664cdb2f6b2a8,"[""downstream_2500step""]",downstream_2500step,step_000500,raw_auc500,lower,loss_step,484.10226104035974,702.8849700245482,0.7568057000171393,703.6417757245654,,,
qwen,cmmlu,iid_matched,42,qwen__cmmlu__qv__iid_matched__s42__n2500,d3db1fbf1198a8c6f1784d9dd94f40f306d46d177673b495682a128502ad69a9,25a2d825cc7c94f91a06584c6a3a3c4920118946ebabcd286e5664cdb2f6b2a8,"[""downstream_2500step""]",downstream_2500step,step_002500,final_train_loss,lower,loss,0.18583417311310768,3483.6105883437267,0.7568057000171393,3484.367394043744,,,
qwen,cmmlu,iid_matched,42,qwen__cmmlu__qv__iid_matched__s42__n2500,d3db1fbf1198a8c6f1784d9dd94f40f306d46d177673b495682a128502ad69a9,25a2d825cc7c94f91a06584c6a3a3c4920118946ebabcd286e5664cdb2f6b2a8,"[""downstream_2500step""]",downstream_2500step,step_002500,macro_accuracy,higher,score,0.7656098449052703,3483.6105883437267,0.7568057000171393,3484.367394043744,1909.6795929340005,952393e25fae913c6f4d67facd60748772fb9ace7ac398da061262b435c52ab4,7e4297155faf3663ab7205ff1104fee884a343b27d85d53011cdf7f77b2c756a
qwen,cmmlu,iid_matched,123,qwen__cmmlu__qv__iid_matched__s123__n2500,0ab1a065f000027b6b3ee5e343405e6c4fa02e5d7badc1dd17149c025c0b88a6,c3e095d91e0e999b15caa26861def1832234d242fa4d7670d3a1dd45bc18c0a5,"[""downstream_2500step""]",downstream_2500step,step_000500,raw_auc500,lower,loss_step,478.65406901575625,699.1659870204749,0.659277699975064,699.8252647204499,,,
qwen,cmmlu,iid_matched,123,qwen__cmmlu__qv__iid_matched__s123__n2500,0ab1a065f000027b6b3ee5e343405e6c4fa02e5d7badc1dd17149c025c0b88a6,c3e095d91e0e999b15caa26861def1832234d242fa4d7670d3a1dd45bc18c0a5,"[""downstream_2500step""]",downstream_2500step,step_002500,final_train_loss,lower,loss,0.16420697700232267,3470.6916580441175,0.659277699975064,3471.3509357440926,,,
qwen,cmmlu,iid_matched,123,qwen__cmmlu__qv__iid_matched__s123__n2500,0ab1a065f000027b6b3ee5e343405e6c4fa02e5d7badc1dd17149c025c0b88a6,c3e095d91e0e999b15caa26861def1832234d242fa4d7670d3a1dd45bc18c0a5,"[""downstream_2500step""]",downstream_2500step,step_002500,macro_accuracy,higher,score,0.7642930446417145,3470.6916580441175,0.659277699975064,3471.3509357440926,1908.9240176800013,ffed9b6d29a5d7e560cc0c0c49d672e95f046f439bb19b9136923cb8402a9516,030c67b55b46a238b3bff613471e5a7ad9bc3c120484f792df528b605822c2fc
qwen,cmmlu,iid_matched,1107,qwen__cmmlu__qv__iid_matched__s1107__n2500,ff8d571d111996511be34b6021c9c1ba8a51083478972da232cfdcc89120702d,e76d3024040e7e731d873f01596f85dc10270aa203eccfb4e4b75ea1e7527858,"[""downstream_2500step""]",downstream_2500step,step_000500,raw_auc500,lower,loss_step,476.63647948578,685.1977670099586,0.5731902000261471,685.7709572099848,,,
qwen,cmmlu,iid_matched,1107,qwen__cmmlu__qv__iid_matched__s1107__n2500,ff8d571d111996511be34b6021c9c1ba8a51083478972da232cfdcc89120702d,e76d3024040e7e731d873f01596f85dc10270aa203eccfb4e4b75ea1e7527858,"[""downstream_2500step""]",downstream_2500step,step_002500,final_train_loss,lower,loss,0.1436796672642231,3439.123963052465,0.5731902000261471,3439.6971532524913,,,
qwen,cmmlu,iid_matched,1107,qwen__cmmlu__qv__iid_matched__s1107__n2500,ff8d571d111996511be34b6021c9c1ba8a51083478972da232cfdcc89120702d,e76d3024040e7e731d873f01596f85dc10270aa203eccfb4e4b75ea1e7527858,"[""downstream_2500step""]",downstream_2500step,step_002500,macro_accuracy,higher,score,0.756280691531028,3439.123963052465,0.5731902000261471,3439.6971532524913,1923.1979488039979,bfd9188c09fee944f9c8a1b4ba7511a96d5c371b8fb811cf31654106d6f3660a,d415a7935a82d45366f1cb960e52596be0bfdd6618ebb97893b38a56e2051095
qwen,cmmlu,peft_default,42,qwen__cmmlu__qv__peft_default__s42__n2500,b53dd876d8b973fad232a3dd293ffb1b48fe77c26c6f06a1f432a564ed05ec28,8c0d0a7e18a7cbaf1e7bcf402f97e1c2d3ead516b234c226212c918327820963,"[""baseline_fairness_qwen_table3"", ""downstream_2500step""]",downstream_2500step,step_000500,raw_auc500,lower,loss_step,506.6828713528812,683.6033576409973,0.3202674000058323,683.9236250410031,,,
qwen,cmmlu,peft_default,42,qwen__cmmlu__qv__peft_default__s42__n2500,b53dd876d8b973fad232a3dd293ffb1b48fe77c26c6f06a1f432a564ed05ec28,8c0d0a7e18a7cbaf1e7bcf402f97e1c2d3ead516b234c226212c918327820963,"[""baseline_fairness_qwen_table3"", ""downstream_2500step""]",downstream_2500step,step_002500,final_train_loss,lower,loss,0.18543951399624348,3459.569147769871,0.3202674000058323,3459.889415169877,,,
qwen,cmmlu,peft_default,42,qwen__cmmlu__qv__peft_default__s42__n2500,b53dd876d8b973fad232a3dd293ffb1b48fe77c26c6f06a1f432a564ed05ec28,8c0d0a7e18a7cbaf1e7bcf402f97e1c2d3ead516b234c226212c918327820963,"[""baseline_fairness_qwen_table3"", ""downstream_2500step""]",downstream_2500step,step_002500,macro_accuracy,higher,score,0.7619391235163032,3459.569147769871,0.3202674000058323,3459.889415169877,1912.760894496998,c630e02e96269268dd588d383c348c164ee9161d816e1ee45b9604608ac6a6fb,577d7db1a2640ff07f5d477a309a190ca9210f46dce52f2f669353d89b467d5a
qwen,cmmlu,peft_default,123,qwen__cmmlu__qv__peft_default__s123__n2500,f953014b16896a15acf04f22e34663538d8a0418bd67a0ebea5de0c3d2da1cae,1a86d1ebce62f54f62adad4b1c1d2f6f312f9e40563dd8b327993d822b648001,"[""baseline_fairness_qwen_table3"", ""downstream_2500step""]",downstream_2500step,step_000500,raw_auc500,lower,loss_step,505.89324237406254,683.075747303883,0.3102534000063315,683.3860007038893,,,
qwen,cmmlu,peft_default,123,qwen__cmmlu__qv__peft_default__s123__n2500,f953014b16896a15acf04f22e34663538d8a0418bd67a0ebea5de0c3d2da1cae,1a86d1ebce62f54f62adad4b1c1d2f6f312f9e40563dd8b327993d822b648001,"[""baseline_fairness_qwen_table3"", ""downstream_2500step""]",downstream_2500step,step_002500,final_train_loss,lower,loss,0.21674705669283867,3429.227507627409,0.3102534000063315,3429.5377610274154,,,
qwen,cmmlu,peft_default,123,qwen__cmmlu__qv__peft_default__s123__n2500,f953014b16896a15acf04f22e34663538d8a0418bd67a0ebea5de0c3d2da1cae,1a86d1ebce62f54f62adad4b1c1d2f6f312f9e40563dd8b327993d822b648001,"[""baseline_fairness_qwen_table3"", ""downstream_2500step""]",downstream_2500step,step_002500,macro_accuracy,higher,score,0.7561909784012508,3429.227507627409,0.3102534000063315,3429.5377610274154,1910.2126171050004,cbb3369e11d392780e23a89a125191e17f5af42b18ce8906017e3e0a3804f61c,e4444fb807e6542e3a35d173e43598f17dad8e1c3ab674adef51f5d410ba7989
qwen,cmmlu,peft_default,1107,qwen__cmmlu__qv__peft_default__s1107__n2500,235d28f74daa7f28febb467fcce04b134801f7310a0ce59b397f44a2ea8eeb86,c5b37bbdd2d36c803906d4aedc3d91c9c09395b11698250b7da8b292da7ba53c,"[""baseline_fairness_qwen_table3"", ""downstream_2500step""]",downstream_2500step,step_000500,raw_auc500,lower,loss_step,505.57390726171434,692.7092650020495,0.20776770000520628,692.9170327020547,,,
qwen,cmmlu,peft_default,1107,qwen__cmmlu__qv__peft_default__s1107__n2500,235d28f74daa7f28febb467fcce04b134801f7310a0ce59b397f44a2ea8eeb86,c5b37bbdd2d36c803906d4aedc3d91c9c09395b11698250b7da8b292da7ba53c,"[""baseline_fairness_qwen_table3"", ""downstream_2500step""]",downstream_2500step,step_002500,final_train_loss,lower,loss,0.14399175252765417,3441.8219267822133,0.20776770000520628,3442.0296944822185,,,
qwen,cmmlu,peft_default,1107,qwen__cmmlu__qv__peft_default__s1107__n2500,235d28f74daa7f28febb467fcce04b134801f7310a0ce59b397f44a2ea8eeb86,c5b37bbdd2d36c803906d4aedc3d91c9c09395b11698250b7da8b292da7ba53c,"[""baseline_fairness_qwen_table3"", ""downstream_2500step""]",downstream_2500step,step_002500,macro_accuracy,higher,score,0.7557170147599171,3441.8219267822133,0.20776770000520628,3442.0296944822185,1998.5147459750006,24f0ac0234a35647faf5ef9f40b7483093efb71b185bae3d1b81db9340e27d1e,c42fc86982ea570a0f9e50fbf3f32fb7fd711d6206c0455943efce704821c90b
qwen,cmmlu,powerlaw_global_a06,42,qwen__cmmlu__qv__powerlaw_global_a06__s42__n2500,6517f648ddcc952155e1be5336e9bd27ba79fe306b0cdc81942378706cb9e6aa,5cd3980f2baa69f69d832dbec461e1c9bd983b0c820bb089662cf50194e17608,"[""downstream_2500step""]",downstream_2500step,step_000500,raw_auc500,lower,loss_step,481.71024058386683,686.5797074278962,0.6521005999966292,687.2318080278928,,,
qwen,cmmlu,powerlaw_global_a06,42,qwen__cmmlu__qv__powerlaw_global_a06__s42__n2500,6517f648ddcc952155e1be5336e9bd27ba79fe306b0cdc81942378706cb9e6aa,5cd3980f2baa69f69d832dbec461e1c9bd983b0c820bb089662cf50194e17608,"[""downstream_2500step""]",downstream_2500step,step_002500,final_train_loss,lower,loss,0.18475960940122604,3436.658166956884,0.6521005999966292,3437.3102675568807,,,
qwen,cmmlu,powerlaw_global_a06,42,qwen__cmmlu__qv__powerlaw_global_a06__s42__n2500,6517f648ddcc952155e1be5336e9bd27ba79fe306b0cdc81942378706cb9e6aa,5cd3980f2baa69f69d832dbec461e1c9bd983b0c820bb089662cf50194e17608,"[""downstream_2500step""]",downstream_2500step,step_002500,macro_accuracy,higher,score,0.7698189282344782,3436.658166956884,0.6521005999966292,3437.3102675568807,1920.2849024259995,39ff5c100e80827554577ed1ee3ffa849722be1b0aa45f5c956f79721607ea07,6d4cf5ddf7ac76cec40ba642a235d65f4657efc728a018311962421eeed5a53c
qwen,cmmlu,powerlaw_global_a06,123,qwen__cmmlu__qv__powerlaw_global_a06__s123__n2500,f66ec32512934cae4c2dab56857a121cdea603157bd44217e4297d8155c92837,84468dc0d68b2c79412f32a3df9c0f646b4fb0e3e535c003dc8bb29a65787b85,"[""downstream_2500step""]",downstream_2500step,step_000500,raw_auc500,lower,loss_step,476.15999444015324,689.329632019173,0.6766390920092817,690.0062711111823,,,
qwen,cmmlu,powerlaw_global_a06,123,qwen__cmmlu__qv__powerlaw_global_a06__s123__n2500,f66ec32512934cae4c2dab56857a121cdea603157bd44217e4297d8155c92837,84468dc0d68b2c79412f32a3df9c0f646b4fb0e3e535c003dc8bb29a65787b85,"[""downstream_2500step""]",downstream_2500step,step_002500,final_train_loss,lower,loss,0.17661896161735058,3425.7740198772517,0.6766390920092817,3426.450658969261,,,
qwen,cmmlu,powerlaw_global_a06,123,qwen__cmmlu__qv__powerlaw_global_a06__s123__n2500,f66ec32512934cae4c2dab56857a121cdea603157bd44217e4297d8155c92837,84468dc0d68b2c79412f32a3df9c0f646b4fb0e3e535c003dc8bb29a65787b85,"[""downstream_2500step""]",downstream_2500step,step_002500,macro_accuracy,higher,score,0.7667711204248022,3425.7740198772517,0.6766390920092817,3426.450658969261,1913.1185718550041,90b1e8073c338a795d37d46183718f3c3c8638a72a4f9dbddea6df1218482b57,f3c350f9b259689af3c442135fc7e067a32ccae5893a0e9d67ce64cb16ba7d19
qwen,cmmlu,powerlaw_global_a06,1107,qwen__cmmlu__qv__powerlaw_global_a06__s1107__n2500,d7ab8b6b49fd90131f6c3f504fd5ac6d208786e729107b6953c659b05806460b,5f2483bb234d0d5a69b5da3034e37a78766a0aa2b42818fd0c4e5280378c8e7d,"[""downstream_2500step""]",downstream_2500step,step_000500,raw_auc500,lower,loss_step,475.7196907773614,684.8655862360902,0.5791650999890408,685.4447513360792,,,
qwen,cmmlu,powerlaw_global_a06,1107,qwen__cmmlu__qv__powerlaw_global_a06__s1107__n2500,d7ab8b6b49fd90131f6c3f504fd5ac6d208786e729107b6953c659b05806460b,5f2483bb234d0d5a69b5da3034e37a78766a0aa2b42818fd0c4e5280378c8e7d,"[""downstream_2500step""]",downstream_2500step,step_002500,final_train_loss,lower,loss,0.14451302494853735,3434.933366458863,0.5791650999890408,3435.512531558852,,,
qwen,cmmlu,powerlaw_global_a06,1107,qwen__cmmlu__qv__powerlaw_global_a06__s1107__n2500,d7ab8b6b49fd90131f6c3f504fd5ac6d208786e729107b6953c659b05806460b,5f2483bb234d0d5a69b5da3034e37a78766a0aa2b42818fd0c4e5280378c8e7d,"[""downstream_2500step""]",downstream_2500step,step_002500,macro_accuracy,higher,score,0.7676835344402088,3434.933366458863,0.5791650999890408,3435.512531558852,1911.7843056569982,bd8a87c50954a6c7ea60cf8e7341f7435a977a4f9d39a8fb5ae9cdf8dc136234,763c9c2a2f56ac50ddbf566d87a1d2f75760ad78e27e54028ee3657fa3dbe1f3
qwen,gsm8k,peft_default,42,qwen__gsm8k__qv__peft_default__s42__n2500,c40703a933ff1d202d29fe6f950fbe6602ff21a105fcaa6d4ce3426023161d4e,3ba506c5500c37dca17c19ad94be15974d93b9360f9a5fc3b4ed8fce890011d1,"[""downstream_2500step""]",downstream_2500step,step_000500,raw_auc500,lower,loss_step,95.32133001484908,684.9693421880074,0.17167539699585177,685.1410175850033,,,
qwen,gsm8k,peft_default,42,qwen__gsm8k__qv__peft_default__s42__n2500,c40703a933ff1d202d29fe6f950fbe6602ff21a105fcaa6d4ce3426023161d4e,3ba506c5500c37dca17c19ad94be15974d93b9360f9a5fc3b4ed8fce890011d1,"[""downstream_2500step""]",downstream_2500step,step_002500,exact_match,higher,score,0.7725549658832449,3429.298411860931,0.17167539699585177,3429.470087257927,7127.525628439995,76c23ed5501ff34d0b2d0f2554c2d892c0f4803f1c1095404efabdb09d79ae89,2d559cd160a42200cd373f0087a0ad0606805c5fcdb597c3f157da780b1022f0
qwen,gsm8k,peft_default,42,qwen__gsm8k__qv__peft_default__s42__n2500,c40703a933ff1d202d29fe6f950fbe6602ff21a105fcaa6d4ce3426023161d4e,3ba506c5500c37dca17c19ad94be15974d93b9360f9a5fc3b4ed8fce890011d1,"[""downstream_2500step""]",downstream_2500step,step_002500,final_train_loss,lower,loss,0.1170389773324132,3429.298411860931,0.17167539699585177,3429.470087257927,,,
qwen,gsm8k,peft_default,123,qwen__gsm8k__qv__peft_default__s123__n2500,08d18fe421962ffcd2b747a63581d83f0ed125e85186f3508fd4b7ff6945dd48,72cceccf9ca4358af9e7d024b9b436dff21027b3a1b5ed79c84d8d0c93ecb90a,"[""downstream_2500step""]",downstream_2500step,step_000500,raw_auc500,lower,loss_step,96.41031415108591,686.6128834638948,0.21297680099087302,686.8258602648857,,,
qwen,gsm8k,peft_default,123,qwen__gsm8k__qv__peft_default__s123__n2500,08d18fe421962ffcd2b747a63581d83f0ed125e85186f3508fd4b7ff6945dd48,72cceccf9ca4358af9e7d024b9b436dff21027b3a1b5ed79c84d8d0c93ecb90a,"[""downstream_2500step""]",downstream_2500step,step_002500,exact_match,higher,score,0.778620166793025,3429.6267502698756,0.21297680099087302,3429.8397270708665,8375.620860044,c204a8882a425c27e06d4961150815ca9d618179f24e1cd486faaab87ab9a968,963a3732f8c8cb90a925b092e95e9a50e26fa72a956426238472f4e9dad109f9
qwen,gsm8k,peft_default,123,qwen__gsm8k__qv__peft_default__s123__n2500,08d18fe421962ffcd2b747a63581d83f0ed125e85186f3508fd4b7ff6945dd48,72cceccf9ca4358af9e7d024b9b436dff21027b3a1b5ed79c84d8d0c93ecb90a,"[""downstream_2500step""]",downstream_2500step,step_002500,final_train_loss,lower,loss,0.11989338882267475,3429.6267502698756,0.21297680099087302,3429.8397270708665,,,
qwen,gsm8k,peft_default,1107,qwen__gsm8k__qv__peft_default__s1107__n2500,8b55ef5d1e63423f6e7f50c6c698902a628beb9c078ebce9e8fc2f4abbe00fab,b669fd43a82f415140a3f545840629e34eb83dbfe9dee0340a4f5f6ea0dc891e,"[""downstream_2500step""]",downstream_2500step,step_000500,raw_auc500,lower,loss_step,95.21952340891585,688.6859531217633,0.24434130000008736,688.9302944217634,,,
qwen,gsm8k,peft_default,1107,qwen__gsm8k__qv__peft_default__s1107__n2500,8b55ef5d1e63423f6e7f50c6c698902a628beb9c078ebce9e8fc2f4abbe00fab,b669fd43a82f415140a3f545840629e34eb83dbfe9dee0340a4f5f6ea0dc891e,"[""downstream_2500step""]",downstream_2500step,step_002500,exact_match,higher,score,0.7626990144048522,3435.843165043494,0.24434130000008736,3436.087506343494,7935.503879718017,d4ad8cae5b77c77603091d4384449d82024e5fabd336ed9981b6922306bd4e50,c37d43ea0e19ade118a68cd56a38303cf471c82fb1bf067c16e56163a608baba
qwen,gsm8k,peft_default,1107,qwen__gsm8k__qv__peft_default__s1107__n2500,8b55ef5d1e63423f6e7f50c6c698902a628beb9c078ebce9e8fc2f4abbe00fab,b669fd43a82f415140a3f545840629e34eb83dbfe9dee0340a4f5f6ea0dc891e,"[""downstream_2500step""]",downstream_2500step,step_002500,final_train_loss,lower,loss,0.1436403999105096,3435.843165043494,0.24434130000008736,3436.087506343494,,,
qwen,gsm8k,powerlaw_global_a06,42,qwen__gsm8k__qv__powerlaw_global_a06__s42__n2500,3e5caf35c57289b1bd79b065de50688dd05daf2a3ac80fb59354eb9c6a03ad9d,6266026bbba7b4bfc46116403dd1a89ccc5fac0ce0eac1000918bd436973684e,"[""downstream_2500step""]",downstream_2500step,step_000500,raw_auc500,lower,loss_step,93.68961227475666,691.252586701914,0.6644819009961793,691.9170686029101,,,
qwen,gsm8k,powerlaw_global_a06,42,qwen__gsm8k__qv__powerlaw_global_a06__s42__n2500,3e5caf35c57289b1bd79b065de50688dd05daf2a3ac80fb59354eb9c6a03ad9d,6266026bbba7b4bfc46116403dd1a89ccc5fac0ce0eac1000918bd436973684e,"[""downstream_2500step""]",downstream_2500step,step_002500,exact_match,higher,score,0.7816527672479151,3439.275673719676,0.6644819009961793,3439.940155620672,15182.855281604978,3921058eda58c3036cffb65cffec1f5360b2ef47f0c40cdfbf2aff3ac9d726e4,93dde9b04b808f9bb3cf69ec73dfb7bad30d8a81072e50eb2106da30c467ad66
qwen,gsm8k,powerlaw_global_a06,42,qwen__gsm8k__qv__powerlaw_global_a06__s42__n2500,3e5caf35c57289b1bd79b065de50688dd05daf2a3ac80fb59354eb9c6a03ad9d,6266026bbba7b4bfc46116403dd1a89ccc5fac0ce0eac1000918bd436973684e,"[""downstream_2500step""]",downstream_2500step,step_002500,final_train_loss,lower,loss,0.11632896959781647,3439.275673719676,0.6644819009961793,3439.940155620672,,,
qwen,gsm8k,powerlaw_global_a06,123,qwen__gsm8k__qv__powerlaw_global_a06__s123__n2500,df7913b4ca7309ecd32f8da465589706a1eee1ed8fd2bf9cd7fb132fe387c736,02731b688075354d09b24475ab90dc409ae1669a4c2c4476a2f446399fe57cde,"[""downstream_2500step""]",downstream_2500step,step_000500,raw_auc500,lower,loss_step,94.26441897125915,687.6558443422255,0.45852259900129866,688.1143669412268,,,
qwen,gsm8k,powerlaw_global_a06,123,qwen__gsm8k__qv__powerlaw_global_a06__s123__n2500,df7913b4ca7309ecd32f8da465589706a1eee1ed8fd2bf9cd7fb132fe387c736,02731b688075354d09b24475ab90dc409ae1669a4c2c4476a2f446399fe57cde,"[""downstream_2500step""]",downstream_2500step,step_002500,exact_match,higher,score,0.7808946171341926,3445.242320685211,0.45852259900129866,3445.700843284212,13163.717095544009,5e962c14e66f230995bd40f1e8f26f4acd48b44c9603b9ed0088d71db6cd1062,7b3279303e3c9ddc0e745d400e02b8422069a18fe255a31e9e2396ac28d3b7b7
qwen,gsm8k,powerlaw_global_a06,123,qwen__gsm8k__qv__powerlaw_global_a06__s123__n2500,df7913b4ca7309ecd32f8da465589706a1eee1ed8fd2bf9cd7fb132fe387c736,02731b688075354d09b24475ab90dc409ae1669a4c2c4476a2f446399fe57cde,"[""downstream_2500step""]",downstream_2500step,step_002500,final_train_loss,lower,loss,0.11827934719622135,3445.242320685211,0.45852259900129866,3445.700843284212,,,
qwen,gsm8k,powerlaw_global_a06,1107,qwen__gsm8k__qv__powerlaw_global_a06__s1107__n2500,981f014b2aca339c5ea3f1c52a72082843240df003c48bd9e0b36fdebab39564,2b3a4ad56c08a7372b3ba89438e7fa146cff921e9e8de391f34f2686cd2a95f8,"[""downstream_2500step""]",downstream_2500step,step_000500,raw_auc500,lower,loss_step,92.86335124308243,693.7064040410914,0.5615437050000764,694.2679477460915,,,
qwen,gsm8k,powerlaw_global_a06,1107,qwen__gsm8k__qv__powerlaw_global_a06__s1107__n2500,981f014b2aca339c5ea3f1c52a72082843240df003c48bd9e0b36fdebab39564,2b3a4ad56c08a7372b3ba89438e7fa146cff921e9e8de391f34f2686cd2a95f8,"[""downstream_2500step""]",downstream_2500step,step_002500,exact_match,higher,score,0.7816527672479151,3453.2287731341203,0.5615437050000764,3453.7903168391204,6841.448882681027,dd29ddc8ebc81379b0d6eb9cfb11a3eb8d4e020d8453ed95b986a6343494edfb,04230461cb76cd795ae0d71210760d3a579bccea479f54422237de117fe84864
qwen,gsm8k,powerlaw_global_a06,1107,qwen__gsm8k__qv__powerlaw_global_a06__s1107__n2500,981f014b2aca339c5ea3f1c52a72082843240df003c48bd9e0b36fdebab39564,2b3a4ad56c08a7372b3ba89438e7fa146cff921e9e8de391f34f2686cd2a95f8,"[""downstream_2500step""]",downstream_2500step,step_002500,final_train_loss,lower,loss,0.13866995833814144,3453.2287731341203,0.5615437050000764,3453.7903168391204,,,
qwen,mbpp,peft_default,42,qwen__mbpp__qv__peft_default__s42__n2500,89aa660095fe7f4e0ef31d58fefab8ac41203011339c42bd7c0a1dd94d1528ad,47824453ad868f5abb7f1ad726abd4795cb4cfd81924d9d80235ec6f159b7187,"[""downstream_2500step""]",downstream_2500step,step_000500,raw_auc500,lower,loss_step,416.2242478476837,704.6948236417666,0.21229809397482313,704.9071217357414,,,
qwen,mbpp,peft_default,42,qwen__mbpp__qv__peft_default__s42__n2500,89aa660095fe7f4e0ef31d58fefab8ac41203011339c42bd7c0a1dd94d1528ad,47824453ad868f5abb7f1ad726abd4795cb4cfd81924d9d80235ec6f159b7187,"[""downstream_2500step""]",downstream_2500step,step_002500,final_train_loss,lower,loss,0.1828947514295578,3497.735729498003,0.21229809397482313,3497.9480275919777,,,
qwen,mbpp,peft_default,42,qwen__mbpp__qv__peft_default__s42__n2500,89aa660095fe7f4e0ef31d58fefab8ac41203011339c42bd7c0a1dd94d1528ad,47824453ad868f5abb7f1ad726abd4795cb4cfd81924d9d80235ec6f159b7187,"[""downstream_2500step""]",downstream_2500step,step_002500,pass_at_1,higher,score,0.3983957219251337,3497.735729498003,0.21229809397482313,3497.9480275919777,603.5123401950113,7dff1119a9e8028aade41e76e811ac517248c321350e6ed191945431f39d96b5,2c3b9f6aff9ec4105f8c576056ac62effaa81cc50c14ef6fdd7f62e63556603a
qwen,mbpp,peft_default,123,qwen__mbpp__qv__peft_default__s123__n2500,0ea00fb0cee84b94c368788ba0d4ac0fe4eda2c2e512d9edb01aed5990574de3,1a70feff9394bc2ec1c40f4798b56a64c2d6232fe6a92471d71e326f207ed4cf,"[""downstream_2500step""]",downstream_2500step,step_000500,raw_auc500,lower,loss_step,420.93816182296723,688.5874002496421,0.19482369898469187,688.7822239486268,,,
qwen,mbpp,peft_default,123,qwen__mbpp__qv__peft_default__s123__n2500,0ea00fb0cee84b94c368788ba0d4ac0fe4eda2c2e512d9edb01aed5990574de3,1a70feff9394bc2ec1c40f4798b56a64c2d6232fe6a92471d71e326f207ed4cf,"[""downstream_2500step""]",downstream_2500step,step_002500,final_train_loss,lower,loss,0.17762607149779797,3438.2234132172016,0.19482369898469187,3438.4182369161863,,,
qwen,mbpp,peft_default,123,qwen__mbpp__qv__peft_default__s123__n2500,0ea00fb0cee84b94c368788ba0d4ac0fe4eda2c2e512d9edb01aed5990574de3,1a70feff9394bc2ec1c40f4798b56a64c2d6232fe6a92471d71e326f207ed4cf,"[""downstream_2500step""]",downstream_2500step,step_002500,pass_at_1,higher,score,0.41711229946524064,3438.2234132172016,0.19482369898469187,3438.4182369161863,677.3667795559741,3669a26cc977db50a5df2f54291504ae655d3afb66c17809eb1eafc24f0d8b43,73fdf442dd436e0c57b40ea2d7cec691d3db0e72d2bd3c5d0ed905aeff16e5f3
qwen,mbpp,peft_default,1107,qwen__mbpp__qv__peft_default__s1107__n2500,e60e989954ff8eaf32037973e5df582ade3ebcb33c291d980df20b427da7742f,cf9cb63121982c4de8899aa52bc00cc423f7169475c548191e7132c5a4481936,"[""downstream_2500step""]",downstream_2500step,step_000500,raw_auc500,lower,loss_step,421.33696138765663,688.7761425010685,0.3271014979982283,689.1032439990668,,,
qwen,mbpp,peft_default,1107,qwen__mbpp__qv__peft_default__s1107__n2500,e60e989954ff8eaf32037973e5df582ade3ebcb33c291d980df20b427da7742f,cf9cb63121982c4de8899aa52bc00cc423f7169475c548191e7132c5a4481936,"[""downstream_2500step""]",downstream_2500step,step_002500,final_train_loss,lower,loss,0.1801943127065897,3452.1607302044576,0.3271014979982283,3452.487831702456,,,
qwen,mbpp,peft_default,1107,qwen__mbpp__qv__peft_default__s1107__n2500,e60e989954ff8eaf32037973e5df582ade3ebcb33c291d980df20b427da7742f,cf9cb63121982c4de8899aa52bc00cc423f7169475c548191e7132c5a4481936,"[""downstream_2500step""]",downstream_2500step,step_002500,pass_at_1,higher,score,0.4117647058823529,3452.1607302044576,0.3271014979982283,3452.487831702456,604.7293020419893,f8871bb5ab33af0e259f2f7866631be5267911114e36ab7648b5b46c40851fec,29cc27be890a04b9849b4e251f362a5bfc7d62de425a69ee1b315c0059794afd
qwen,mbpp,powerlaw_global_a06,42,qwen__mbpp__qv__powerlaw_global_a06__s42__n2500,b155f3d5817e620188937179038c6cd518a8410b225e4493d88700cfc14f90c1,e0226189960ccb6c56351431c634c31e552c6e310dcb80baa851ca424f3381fa,"[""downstream_2500step""]",downstream_2500step,step_000500,raw_auc500,lower,loss_step,412.9120066622272,693.364351364813,0.4732571979984641,693.8376085628115,,,
qwen,mbpp,powerlaw_global_a06,42,qwen__mbpp__qv__powerlaw_global_a06__s42__n2500,b155f3d5817e620188937179038c6cd518a8410b225e4493d88700cfc14f90c1,e0226189960ccb6c56351431c634c31e552c6e310dcb80baa851ca424f3381fa,"[""downstream_2500step""]",downstream_2500step,step_002500,final_train_loss,lower,loss,0.1551908804103732,3465.191270184383,0.4732571979984641,3465.6645273823815,,,
qwen,mbpp,powerlaw_global_a06,42,qwen__mbpp__qv__powerlaw_global_a06__s42__n2500,b155f3d5817e620188937179038c6cd518a8410b225e4493d88700cfc14f90c1,e0226189960ccb6c56351431c634c31e552c6e310dcb80baa851ca424f3381fa,"[""downstream_2500step""]",downstream_2500step,step_002500,pass_at_1,higher,score,0.41711229946524064,3465.191270184383,0.4732571979984641,3465.6645273823815,591.8939060799894,92279e4efbc1684ba6ba63b8fcdb8f6c2352f610e6199f171a2bb8b7f56be3ed,4b7ebd6d298c909f0116f21204c6bdf48fc9fb3051040b482a7c106f0bcbd696
qwen,mbpp,powerlaw_global_a06,123,qwen__mbpp__qv__powerlaw_global_a06__s123__n2500,c587d21ecd501a69781c5c08eaff6d99944f9060a7f5cb2a6b08080606e2f270,1df770c3cceddabfe1c087237781c714b8e5d101a124db40efcb7d982b6e0d23,"[""downstream_2500step""]",downstream_2500step,step_000500,raw_auc500,lower,loss_step,411.7341825561598,701.8757464263763,0.4330126989807468,702.308759125357,,,
qwen,mbpp,powerlaw_global_a06,123,qwen__mbpp__qv__powerlaw_global_a06__s123__n2500,c587d21ecd501a69781c5c08eaff6d99944f9060a7f5cb2a6b08080606e2f270,1df770c3cceddabfe1c087237781c714b8e5d101a124db40efcb7d982b6e0d23,"[""downstream_2500step""]",downstream_2500step,step_002500,final_train_loss,lower,loss,0.1402006335556507,3523.3767998952244,0.4330126989807468,3523.809812594205,,,
qwen,mbpp,powerlaw_global_a06,123,qwen__mbpp__qv__powerlaw_global_a06__s123__n2500,c587d21ecd501a69781c5c08eaff6d99944f9060a7f5cb2a6b08080606e2f270,1df770c3cceddabfe1c087237781c714b8e5d101a124db40efcb7d982b6e0d23,"[""downstream_2500step""]",downstream_2500step,step_002500,pass_at_1,higher,score,0.4304812834224599,3523.3767998952244,0.4330126989807468,3523.809812594205,789.7898938500148,8ffddc68ab079fe11f170d75b92a48999ae90d131b44197e88bf7bf1131ad738,3f0cd2bb448eba0e4bb45f6b1b1d4ba760d9604fa1ec04fb3e696023f8a01ee2
qwen,mbpp,powerlaw_global_a06,1107,qwen__mbpp__qv__powerlaw_global_a06__s1107__n2500,c44cf9da81a5e34eeac6e7c11fe6d01cba0b928208e759bddaa8c725587e826b,66d8319cf207006b7581f2bc8a02415ee796edf6482f9acac80daaf006aa1b8e,"[""downstream_2500step""]",downstream_2500step,step_000500,raw_auc500,lower,loss_step,413.8361830152571,692.1048400561558,0.4546211000124458,692.5594611561683,,,
qwen,mbpp,powerlaw_global_a06,1107,qwen__mbpp__qv__powerlaw_global_a06__s1107__n2500,c44cf9da81a5e34eeac6e7c11fe6d01cba0b928208e759bddaa8c725587e826b,66d8319cf207006b7581f2bc8a02415ee796edf6482f9acac80daaf006aa1b8e,"[""downstream_2500step""]",downstream_2500step,step_002500,final_train_loss,lower,loss,0.14540334045886993,3449.437494808226,0.4546211000124458,3449.8921159082383,,,
qwen,mbpp,powerlaw_global_a06,1107,qwen__mbpp__qv__powerlaw_global_a06__s1107__n2500,c44cf9da81a5e34eeac6e7c11fe6d01cba0b928208e759bddaa8c725587e826b,66d8319cf207006b7581f2bc8a02415ee796edf6482f9acac80daaf006aa1b8e,"[""downstream_2500step""]",downstream_2500step,step_002500,pass_at_1,higher,score,0.393048128342246,3449.437494808226,0.4546211000124458,3449.8921159082383,481.54797889100155,f201edee38996c4511ee752494aa79e61f847366aa4d8d34047b15a20f7ac105,ccf7ebff22814b584ced27cec44d82ed8be328c397cdfd2c0873c2370515b1e9
qwen,sharegpt,peft_default,42,qwen__sharegpt__qv__peft_default__s42__n2500,90eaad360e336bc9068526603bdcd6ea65bd376a4f52e4084d7d1cd5738a597f,62cfd1e345c476d3fd230f2f8f2fca51e6aec1af4b831f29e59c3f4dffc8483b,"[""downstream_2500step""]",downstream_2500step,step_000500,raw_auc500,lower,loss_step,496.6199745964259,676.953927302151,0.28215700000873767,677.2360843021597,,,
qwen,sharegpt,peft_default,42,qwen__sharegpt__qv__peft_default__s42__n2500,90eaad360e336bc9068526603bdcd6ea65bd376a4f52e4084d7d1cd5738a597f,62cfd1e345c476d3fd230f2f8f2fca51e6aec1af4b831f29e59c3f4dffc8483b,"[""downstream_2500step""]",downstream_2500step,step_002500,final_train_loss,lower,loss,0.6110758818686008,3326.367951159249,0.28215700000873767,3326.650108159258,,,
qwen,sharegpt,peft_default,42,qwen__sharegpt__qv__peft_default__s42__n2500,90eaad360e336bc9068526603bdcd6ea65bd376a4f52e4084d7d1cd5738a597f,62cfd1e345c476d3fd230f2f8f2fca51e6aec1af4b831f29e59c3f4dffc8483b,"[""downstream_2500step""]",downstream_2500step,step_002500,heldout_nll,lower,score,0.9363532943216308,3326.367951159249,0.28215700000873767,3326.650108159258,2946.540016207,281ba5cc0fd3d5f22ad8cde5bd73a96c46f954d8ab8d46d4417414acfd4e3cee,1ed875840839ea16e04b4980136ff7bff88c0174fea30c6f3966ae395ebd8ea3
qwen,sharegpt,peft_default,42,qwen__sharegpt__qv__peft_default__s42__n2500,90eaad360e336bc9068526603bdcd6ea65bd376a4f52e4084d7d1cd5738a597f,62cfd1e345c476d3fd230f2f8f2fca51e6aec1af4b831f29e59c3f4dffc8483b,"[""downstream_2500step""]",downstream_2500step,step_002500,prometheus_absolute_score,higher,score,2.5,3326.367951159249,0.28215700000873767,3326.650108159258,2946.540016207,281ba5cc0fd3d5f22ad8cde5bd73a96c46f954d8ab8d46d4417414acfd4e3cee,1ed875840839ea16e04b4980136ff7bff88c0174fea30c6f3966ae395ebd8ea3
qwen,sharegpt,peft_default,42,qwen__sharegpt__qv__peft_default__s42__n2500,90eaad360e336bc9068526603bdcd6ea65bd376a4f52e4084d7d1cd5738a597f,62cfd1e345c476d3fd230f2f8f2fca51e6aec1af4b831f29e59c3f4dffc8483b,"[""downstream_2500step""]",downstream_2500step,step_002500,prometheus_judged_samples,higher,score,200.0,3326.367951159249,0.28215700000873767,3326.650108159258,2946.540016207,281ba5cc0fd3d5f22ad8cde5bd73a96c46f954d8ab8d46d4417414acfd4e3cee,1ed875840839ea16e04b4980136ff7bff88c0174fea30c6f3966ae395ebd8ea3
qwen,sharegpt,peft_default,42,qwen__sharegpt__qv__peft_default__s42__n2500,90eaad360e336bc9068526603bdcd6ea65bd376a4f52e4084d7d1cd5738a597f,62cfd1e345c476d3fd230f2f8f2fca51e6aec1af4b831f29e59c3f4dffc8483b,"[""downstream_2500step""]",downstream_2500step,step_002500,prometheus_unjudgeable_samples,higher,score,0.0,3326.367951159249,0.28215700000873767,3326.650108159258,2946.540016207,281ba5cc0fd3d5f22ad8cde5bd73a96c46f954d8ab8d46d4417414acfd4e3cee,1ed875840839ea16e04b4980136ff7bff88c0174fea30c6f3966ae395ebd8ea3
qwen,sharegpt,peft_default,123,qwen__sharegpt__qv__peft_default__s123__n2500,30419b8299de215b87ddf0571c13fb3faf2052c25eea57b538d9ac16fcac48c1,68cfda7d88522205e874252b9e96d8dd9ecebafa233e218563ac959c00e1ebfe,"[""downstream_2500step""]",downstream_2500step,step_000500,raw_auc500,lower,loss_step,492.8752400195226,673.8708412284905,0.2960328000190202,674.1668740285095,,,
qwen,sharegpt,peft_default,123,qwen__sharegpt__qv__peft_default__s123__n2500,30419b8299de215b87ddf0571c13fb3faf2052c25eea57b538d9ac16fcac48c1,68cfda7d88522205e874252b9e96d8dd9ecebafa233e218563ac959c00e1ebfe,"[""downstream_2500step""]",downstream_2500step,step_002500,final_train_loss,lower,loss,1.1339582726359367,3340.610934531258,0.2960328000190202,3340.906967331277,,,
qwen,sharegpt,peft_default,123,qwen__sharegpt__qv__peft_default__s123__n2500,30419b8299de215b87ddf0571c13fb3faf2052c25eea57b538d9ac16fcac48c1,68cfda7d88522205e874252b9e96d8dd9ecebafa233e218563ac959c00e1ebfe,"[""downstream_2500step""]",downstream_2500step,step_002500,heldout_nll,lower,score,0.9362705772002545,3340.610934531258,0.2960328000190202,3340.906967331277,2997.5996760419803,84155a3878e2e1bedd2aa166cd1e82de7c97b7163fd35b387131eee94392e0f0,2c3476aa803694e9b9dab1b38c3a21f7852d5c3bce2d8ac884683cd236f9d91a
qwen,sharegpt,peft_default,123,qwen__sharegpt__qv__peft_default__s123__n2500,30419b8299de215b87ddf0571c13fb3faf2052c25eea57b538d9ac16fcac48c1,68cfda7d88522205e874252b9e96d8dd9ecebafa233e218563ac959c00e1ebfe,"[""downstream_2500step""]",downstream_2500step,step_002500,prometheus_absolute_score,higher,score,2.54,3340.610934531258,0.2960328000190202,3340.906967331277,2997.5996760419803,84155a3878e2e1bedd2aa166cd1e82de7c97b7163fd35b387131eee94392e0f0,2c3476aa803694e9b9dab1b38c3a21f7852d5c3bce2d8ac884683cd236f9d91a
qwen,sharegpt,peft_default,123,qwen__sharegpt__qv__peft_default__s123__n2500,30419b8299de215b87ddf0571c13fb3faf2052c25eea57b538d9ac16fcac48c1,68cfda7d88522205e874252b9e96d8dd9ecebafa233e218563ac959c00e1ebfe,"[""downstream_2500step""]",downstream_2500step,step_002500,prometheus_judged_samples,higher,score,200.0,3340.610934531258,0.2960328000190202,3340.906967331277,2997.5996760419803,84155a3878e2e1bedd2aa166cd1e82de7c97b7163fd35b387131eee94392e0f0,2c3476aa803694e9b9dab1b38c3a21f7852d5c3bce2d8ac884683cd236f9d91a
qwen,sharegpt,peft_default,123,qwen__sharegpt__qv__peft_default__s123__n2500,30419b8299de215b87ddf0571c13fb3faf2052c25eea57b538d9ac16fcac48c1,68cfda7d88522205e874252b9e96d8dd9ecebafa233e218563ac959c00e1ebfe,"[""downstream_2500step""]",downstream_2500step,step_002500,prometheus_unjudgeable_samples,higher,score,0.0,3340.610934531258,0.2960328000190202,3340.906967331277,2997.5996760419803,84155a3878e2e1bedd2aa166cd1e82de7c97b7163fd35b387131eee94392e0f0,2c3476aa803694e9b9dab1b38c3a21f7852d5c3bce2d8ac884683cd236f9d91a
qwen,sharegpt,peft_default,1107,qwen__sharegpt__qv__peft_default__s1107__n2500,c1cd550ec1152857048e3569ff0ebb3b0a5251d5744fe4016f4b9efde9503629,3521a9534d08cc068cfd5e2362936deac8ccf36f99d2e559baf4d74f90e453f9,"[""downstream_2500step""]",downstream_2500step,step_000500,raw_auc500,lower,loss_step,498.5618453565985,663.3061213118053,0.2035838989977492,663.5097052108031,,,
qwen,sharegpt,peft_default,1107,qwen__sharegpt__qv__peft_default__s1107__n2500,c1cd550ec1152857048e3569ff0ebb3b0a5251d5744fe4016f4b9efde9503629,3521a9534d08cc068cfd5e2362936deac8ccf36f99d2e559baf4d74f90e453f9,"[""downstream_2500step""]",downstream_2500step,step_002500,final_train_loss,lower,loss,1.113401859998703,3326.5214309264993,0.2035838989977492,3326.725014825497,,,
qwen,sharegpt,peft_default,1107,qwen__sharegpt__qv__peft_default__s1107__n2500,c1cd550ec1152857048e3569ff0ebb3b0a5251d5744fe4016f4b9efde9503629,3521a9534d08cc068cfd5e2362936deac8ccf36f99d2e559baf4d74f90e453f9,"[""downstream_2500step""]",downstream_2500step,step_002500,heldout_nll,lower,score,0.9358275714832709,3326.5214309264993,0.2035838989977492,3326.725014825497,15859.394433122026,48806dee7dc087cefd66c81e413954e4f57c1cebf62f9e135d5505c324229a34,5c5561686944a028b4bf179416a55a310054c94c2a3e1ec87a9dc6aae645d481
qwen,sharegpt,peft_default,1107,qwen__sharegpt__qv__peft_default__s1107__n2500,c1cd550ec1152857048e3569ff0ebb3b0a5251d5744fe4016f4b9efde9503629,3521a9534d08cc068cfd5e2362936deac8ccf36f99d2e559baf4d74f90e453f9,"[""downstream_2500step""]",downstream_2500step,step_002500,prometheus_absolute_score,higher,score,2.472361809045226,3326.5214309264993,0.2035838989977492,3326.725014825497,15859.394433122026,48806dee7dc087cefd66c81e413954e4f57c1cebf62f9e135d5505c324229a34,5c5561686944a028b4bf179416a55a310054c94c2a3e1ec87a9dc6aae645d481
qwen,sharegpt,peft_default,1107,qwen__sharegpt__qv__peft_default__s1107__n2500,c1cd550ec1152857048e3569ff0ebb3b0a5251d5744fe4016f4b9efde9503629,3521a9534d08cc068cfd5e2362936deac8ccf36f99d2e559baf4d74f90e453f9,"[""downstream_2500step""]",downstream_2500step,step_002500,prometheus_judged_samples,higher,score,199.0,3326.5214309264993,0.2035838989977492,3326.725014825497,15859.394433122026,48806dee7dc087cefd66c81e413954e4f57c1cebf62f9e135d5505c324229a34,5c5561686944a028b4bf179416a55a310054c94c2a3e1ec87a9dc6aae645d481
qwen,sharegpt,peft_default,1107,qwen__sharegpt__qv__peft_default__s1107__n2500,c1cd550ec1152857048e3569ff0ebb3b0a5251d5744fe4016f4b9efde9503629,3521a9534d08cc068cfd5e2362936deac8ccf36f99d2e559baf4d74f90e453f9,"[""downstream_2500step""]",downstream_2500step,step_002500,prometheus_unjudgeable_samples,higher,score,1.0,3326.5214309264993,0.2035838989977492,3326.725014825497,15859.394433122026,48806dee7dc087cefd66c81e413954e4f57c1cebf62f9e135d5505c324229a34,5c5561686944a028b4bf179416a55a310054c94c2a3e1ec87a9dc6aae645d481
qwen,sharegpt,powerlaw_global_a06,42,qwen__sharegpt__qv__powerlaw_global_a06__s42__n2500,894b64e0032627e728d5ddf8f0f65b992d534f675b97d9b964d928025c4d7a1b,5e6ef46b5ad5ac99e6ede81e56fbb2189ffe22a3dc777cfb8b994478b1559902,"[""downstream_2500step""]",downstream_2500step,step_000500,raw_auc500,lower,loss_step,496.0544320549816,665.1048454052361,0.45888340901001357,665.5637288142461,,,
qwen,sharegpt,powerlaw_global_a06,42,qwen__sharegpt__qv__powerlaw_global_a06__s42__n2500,894b64e0032627e728d5ddf8f0f65b992d534f675b97d9b964d928025c4d7a1b,5e6ef46b5ad5ac99e6ede81e56fbb2189ffe22a3dc777cfb8b994478b1559902,"[""downstream_2500step""]",downstream_2500step,step_002500,final_train_loss,lower,loss,0.6092468053102493,3320.907321250852,0.45888340901001357,3321.366204659862,,,
qwen,sharegpt,powerlaw_global_a06,42,qwen__sharegpt__qv__powerlaw_global_a06__s42__n2500,894b64e0032627e728d5ddf8f0f65b992d534f675b97d9b964d928025c4d7a1b,5e6ef46b5ad5ac99e6ede81e56fbb2189ffe22a3dc777cfb8b994478b1559902,"[""downstream_2500step""]",downstream_2500step,step_002500,heldout_nll,lower,score,0.9356238768187396,3320.907321250852,0.45888340901001357,3321.366204659862,2958.956576019991,197b61eed5e59bb93c4ba23a47d67a7d4aabb3acc8527643edfa5f2ceec1dd3c,c492efd0d0201cb0ec5a2102a8f5fac3a0cbe95741f1128ce06a3647ee83ebfb
qwen,sharegpt,powerlaw_global_a06,42,qwen__sharegpt__qv__powerlaw_global_a06__s42__n2500,894b64e0032627e728d5ddf8f0f65b992d534f675b97d9b964d928025c4d7a1b,5e6ef46b5ad5ac99e6ede81e56fbb2189ffe22a3dc777cfb8b994478b1559902,"[""downstream_2500step""]",downstream_2500step,step_002500,prometheus_absolute_score,higher,score,2.56,3320.907321250852,0.45888340901001357,3321.366204659862,2958.956576019991,197b61eed5e59bb93c4ba23a47d67a7d4aabb3acc8527643edfa5f2ceec1dd3c,c492efd0d0201cb0ec5a2102a8f5fac3a0cbe95741f1128ce06a3647ee83ebfb
qwen,sharegpt,powerlaw_global_a06,42,qwen__sharegpt__qv__powerlaw_global_a06__s42__n2500,894b64e0032627e728d5ddf8f0f65b992d534f675b97d9b964d928025c4d7a1b,5e6ef46b5ad5ac99e6ede81e56fbb2189ffe22a3dc777cfb8b994478b1559902,"[""downstream_2500step""]",downstream_2500step,step_002500,prometheus_judged_samples,higher,score,200.0,3320.907321250852,0.45888340901001357,3321.366204659862,2958.956576019991,197b61eed5e59bb93c4ba23a47d67a7d4aabb3acc8527643edfa5f2ceec1dd3c,c492efd0d0201cb0ec5a2102a8f5fac3a0cbe95741f1128ce06a3647ee83ebfb
qwen,sharegpt,powerlaw_global_a06,42,qwen__sharegpt__qv__powerlaw_global_a06__s42__n2500,894b64e0032627e728d5ddf8f0f65b992d534f675b97d9b964d928025c4d7a1b,5e6ef46b5ad5ac99e6ede81e56fbb2189ffe22a3dc777cfb8b994478b1559902,"[""downstream_2500step""]",downstream_2500step,step_002500,prometheus_unjudgeable_samples,higher,score,0.0,3320.907321250852,0.45888340901001357,3321.366204659862,2958.956576019991,197b61eed5e59bb93c4ba23a47d67a7d4aabb3acc8527643edfa5f2ceec1dd3c,c492efd0d0201cb0ec5a2102a8f5fac3a0cbe95741f1128ce06a3647ee83ebfb
qwen,sharegpt,powerlaw_global_a06,123,qwen__sharegpt__qv__powerlaw_global_a06__s123__n2500,30470cf67a6f09e0ce6da61a09b37a48959e1fc42569465ccc03577c5d8767f7,59214717bd8173b4b247e286b9e397d2186634542b300e32b03ac827f73c6503,"[""downstream_2500step""]",downstream_2500step,step_000500,raw_auc500,lower,loss_step,492.1711054816842,668.8308561127051,0.5612615969730541,669.3921177096781,,,
qwen,sharegpt,powerlaw_global_a06,123,qwen__sharegpt__qv__powerlaw_global_a06__s123__n2500,30470cf67a6f09e0ce6da61a09b37a48959e1fc42569465ccc03577c5d8767f7,59214717bd8173b4b247e286b9e397d2186634542b300e32b03ac827f73c6503,"[""downstream_2500step""]",downstream_2500step,step_002500,final_train_loss,lower,loss,1.1306541115045547,3351.8566348099266,0.5612615969730541,3352.4178964068997,,,
qwen,sharegpt,powerlaw_global_a06,123,qwen__sharegpt__qv__powerlaw_global_a06__s123__n2500,30470cf67a6f09e0ce6da61a09b37a48959e1fc42569465ccc03577c5d8767f7,59214717bd8173b4b247e286b9e397d2186634542b300e32b03ac827f73c6503,"[""downstream_2500step""]",downstream_2500step,step_002500,heldout_nll,lower,score,0.9354883392042799,3351.8566348099266,0.5612615969730541,3352.4178964068997,2938.367709629005,6371ca74fa8a90782c85a8e4c7bc27252f47b5a6593cfc3072160f22b75676f2,cfd751d9329a8f289d160186702862a1e2d8b8b39cda56835a7d86beeef3bc18
qwen,sharegpt,powerlaw_global_a06,123,qwen__sharegpt__qv__powerlaw_global_a06__s123__n2500,30470cf67a6f09e0ce6da61a09b37a48959e1fc42569465ccc03577c5d8767f7,59214717bd8173b4b247e286b9e397d2186634542b300e32b03ac827f73c6503,"[""downstream_2500step""]",downstream_2500step,step_002500,prometheus_absolute_score,higher,score,2.435,3351.8566348099266,0.5612615969730541,3352.4178964068997,2938.367709629005,6371ca74fa8a90782c85a8e4c7bc27252f47b5a6593cfc3072160f22b75676f2,cfd751d9329a8f289d160186702862a1e2d8b8b39cda56835a7d86beeef3bc18
qwen,sharegpt,powerlaw_global_a06,123,qwen__sharegpt__qv__powerlaw_global_a06__s123__n2500,30470cf67a6f09e0ce6da61a09b37a48959e1fc42569465ccc03577c5d8767f7,59214717bd8173b4b247e286b9e397d2186634542b300e32b03ac827f73c6503,"[""downstream_2500step""]",downstream_2500step,step_002500,prometheus_judged_samples,higher,score,200.0,3351.8566348099266,0.5612615969730541,3352.4178964068997,2938.367709629005,6371ca74fa8a90782c85a8e4c7bc27252f47b5a6593cfc3072160f22b75676f2,cfd751d9329a8f289d160186702862a1e2d8b8b39cda56835a7d86beeef3bc18
qwen,sharegpt,powerlaw_global_a06,123,qwen__sharegpt__qv__powerlaw_global_a06__s123__n2500,30470cf67a6f09e0ce6da61a09b37a48959e1fc42569465ccc03577c5d8767f7,59214717bd8173b4b247e286b9e397d2186634542b300e32b03ac827f73c6503,"[""downstream_2500step""]",downstream_2500step,step_002500,prometheus_unjudgeable_samples,higher,score,0.0,3351.8566348099266,0.5612615969730541,3352.4178964068997,2938.367709629005,6371ca74fa8a90782c85a8e4c7bc27252f47b5a6593cfc3072160f22b75676f2,cfd751d9329a8f289d160186702862a1e2d8b8b39cda56835a7d86beeef3bc18
qwen,sharegpt,powerlaw_global_a06,1107,qwen__sharegpt__qv__powerlaw_global_a06__s1107__n2500,b4b2411f85d8d0a5d8c460327062d80fe63dcad5b9c61b3ac9f4298e22ccd5d3,ea8843a61c3570dd8b53dafb7de20d7439af5a1c297db6a87c2a47a3aa9dad8a,"[""downstream_2500step""]",downstream_2500step,step_000500,raw_auc500,lower,loss_step,497.7885544989258,662.4199853435857,0.4630989980068989,662.8830843415926,,,
qwen,sharegpt,powerlaw_global_a06,1107,qwen__sharegpt__qv__powerlaw_global_a06__s1107__n2500,b4b2411f85d8d0a5d8c460327062d80fe63dcad5b9c61b3ac9f4298e22ccd5d3,ea8843a61c3570dd8b53dafb7de20d7439af5a1c297db6a87c2a47a3aa9dad8a,"[""downstream_2500step""]",downstream_2500step,step_002500,final_train_loss,lower,loss,1.1168499514460564,3364.7378286036837,0.4630989980068989,3365.2009276016906,,,
qwen,sharegpt,powerlaw_global_a06,1107,qwen__sharegpt__qv__powerlaw_global_a06__s1107__n2500,b4b2411f85d8d0a5d8c460327062d80fe63dcad5b9c61b3ac9f4298e22ccd5d3,ea8843a61c3570dd8b53dafb7de20d7439af5a1c297db6a87c2a47a3aa9dad8a,"[""downstream_2500step""]",downstream_2500step,step_002500,heldout_nll,lower,score,0.9346479190423138,3364.7378286036837,0.4630989980068989,3365.2009276016906,2909.29838506502,5e09bf63e51312ded18de866b12b85e4650d24003c2c4186f8d673cf4bbeeca2,9eb8cb1a1fa74f3b65784e516b6d79fe391706a2355bc6d4acc3f434bc0fb355
qwen,sharegpt,powerlaw_global_a06,1107,qwen__sharegpt__qv__powerlaw_global_a06__s1107__n2500,b4b2411f85d8d0a5d8c460327062d80fe63dcad5b9c61b3ac9f4298e22ccd5d3,ea8843a61c3570dd8b53dafb7de20d7439af5a1c297db6a87c2a47a3aa9dad8a,"[""downstream_2500step""]",downstream_2500step,step_002500,prometheus_absolute_score,higher,score,2.515,3364.7378286036837,0.4630989980068989,3365.2009276016906,2909.29838506502,5e09bf63e51312ded18de866b12b85e4650d24003c2c4186f8d673cf4bbeeca2,9eb8cb1a1fa74f3b65784e516b6d79fe391706a2355bc6d4acc3f434bc0fb355
qwen,sharegpt,powerlaw_global_a06,1107,qwen__sharegpt__qv__powerlaw_global_a06__s1107__n2500,b4b2411f85d8d0a5d8c460327062d80fe63dcad5b9c61b3ac9f4298e22ccd5d3,ea8843a61c3570dd8b53dafb7de20d7439af5a1c297db6a87c2a47a3aa9dad8a,"[""downstream_2500step""]",downstream_2500step,step_002500,prometheus_judged_samples,higher,score,200.0,3364.7378286036837,0.4630989980068989,3365.2009276016906,2909.29838506502,5e09bf63e51312ded18de866b12b85e4650d24003c2c4186f8d673cf4bbeeca2,9eb8cb1a1fa74f3b65784e516b6d79fe391706a2355bc6d4acc3f434bc0fb355
qwen,sharegpt,powerlaw_global_a06,1107,qwen__sharegpt__qv__powerlaw_global_a06__s1107__n2500,b4b2411f85d8d0a5d8c460327062d80fe63dcad5b9c61b3ac9f4298e22ccd5d3,ea8843a61c3570dd8b53dafb7de20d7439af5a1c297db6a87c2a47a3aa9dad8a,"[""downstream_2500step""]",downstream_2500step,step_002500,prometheus_unjudgeable_samples,higher,score,0.0,3364.7378286036837,0.4630989980068989,3365.2009276016906,2909.29838506502,5e09bf63e51312ded18de866b12b85e4650d24003c2c4186f8d673cf4bbeeca2,9eb8cb1a1fa74f3b65784e516b6d79fe391706a2355bc6d4acc3f434bc0fb355
openpangu,cmmlu,fft_white_a0,42,openpangu__cmmlu__qv__fft_white_a0__s42__n500__gradlog,e36b62e8006dfb92142fd7a8b698d11b9daccd2086e9bd9e6aa9c8a03bcfe5a0,344fe5e07203da636cde2f7ca77a51d89e4abe0d8f32c47df2d4103b3be2fae6,"[""mechanism_500step""]",mechanism_500step,step_000500,final_train_loss,lower,loss,1.2195137739181519,941.3115848169837,0.7479965980019188,942.0595814149856,,,
openpangu,cmmlu,fft_white_a0,42,openpangu__cmmlu__qv__fft_white_a0__s42__n500__gradlog,e36b62e8006dfb92142fd7a8b698d11b9daccd2086e9bd9e6aa9c8a03bcfe5a0,344fe5e07203da636cde2f7ca77a51d89e4abe0d8f32c47df2d4103b3be2fae6,"[""mechanism_500step""]",mechanism_500step,step_000500,raw_auc500,lower,loss_step,980.6584558673203,941.3115848169837,0.7479965980019188,942.0595814149856,,,
openpangu,cmmlu,fft_white_a0,123,openpangu__cmmlu__qv__fft_white_a0__s123__n500__gradlog,bce9a23223dd2fc76c08284294b1d78b251e941ab77514ea7c8992ebd2bfd6c7,91459cf86ddd9118ab774f7e0aac1c81d824f75855896b3f1df4cb8641cb6868,"[""mechanism_500step""]",mechanism_500step,step_000500,final_train_loss,lower,loss,1.347624510526657,940.1527095089114,0.7955340089974925,940.9482435179088,,,
openpangu,cmmlu,fft_white_a0,123,openpangu__cmmlu__qv__fft_white_a0__s123__n500__gradlog,bce9a23223dd2fc76c08284294b1d78b251e941ab77514ea7c8992ebd2bfd6c7,91459cf86ddd9118ab774f7e0aac1c81d824f75855896b3f1df4cb8641cb6868,"[""mechanism_500step""]",mechanism_500step,step_000500,raw_auc500,lower,loss_step,956.5391271673143,940.1527095089114,0.7955340089974925,940.9482435179088,,,
openpangu,cmmlu,fft_white_a0,1107,openpangu__cmmlu__qv__fft_white_a0__s1107__n500__gradlog,e3edf78133c5a227fe06780adadc3d6bbff021331b51f1638b82ad851fce152d,60e0f80869d2590ea8c047d213c512d5a5b532a716b6566432d233ee4a2779ca,"[""mechanism_500step""]",mechanism_500step,step_000500,final_train_loss,lower,loss,1.3082083240151405,940.445286311864,0.8034885009983554,941.2487748128624,,,
openpangu,cmmlu,fft_white_a0,1107,openpangu__cmmlu__qv__fft_white_a0__s1107__n500__gradlog,e3edf78133c5a227fe06780adadc3d6bbff021331b51f1638b82ad851fce152d,60e0f80869d2590ea8c047d213c512d5a5b532a716b6566432d233ee4a2779ca,"[""mechanism_500step""]",mechanism_500step,step_000500,raw_auc500,lower,loss_step,975.6504775173962,940.445286311864,0.8034885009983554,941.2487748128624,,,
openpangu,cmmlu,iid_matched,42,openpangu__cmmlu__qv__iid_matched__s42__n500__gradlog,536b49405c5b7a9cbc730b03690fb9d65ccdcdf6906765c2e04bd9b316cf56d4,6d7e9359cf9753e0090226950009bd2eee8036a4256536544b589df550f9e046,"[""mechanism_500step""]",mechanism_500step,step_000500,final_train_loss,lower,loss,1.2716775462031364,948.1077052469918,0.6633202990051359,948.771025545997,,,
openpangu,cmmlu,iid_matched,42,openpangu__cmmlu__qv__iid_matched__s42__n500__gradlog,536b49405c5b7a9cbc730b03690fb9d65ccdcdf6906765c2e04bd9b316cf56d4,6d7e9359cf9753e0090226950009bd2eee8036a4256536544b589df550f9e046,"[""mechanism_500step""]",mechanism_500step,step_000500,raw_auc500,lower,loss_step,968.2296874038875,948.1077052469918,0.6633202990051359,948.771025545997,,,
openpangu,cmmlu,iid_matched,123,openpangu__cmmlu__qv__iid_matched__s123__n500__gradlog,6653a339ff48557c5f0a4f03502a0405e0746650fbac637413c97edbdeb5642e,f77fce0d058438793410514129ff5fafa8f0e16d1e6627da0244d385f0521035,"[""mechanism_500step""]",mechanism_500step,step_000500,final_train_loss,lower,loss,1.5252504423260689,942.672769920915,0.6494338990014512,943.3222038199165,,,
openpangu,cmmlu,iid_matched,123,openpangu__cmmlu__qv__iid_matched__s123__n500__gradlog,6653a339ff48557c5f0a4f03502a0405e0746650fbac637413c97edbdeb5642e,f77fce0d058438793410514129ff5fafa8f0e16d1e6627da0244d385f0521035,"[""mechanism_500step""]",mechanism_500step,step_000500,raw_auc500,lower,loss_step,1007.3367697000504,942.672769920915,0.6494338990014512,943.3222038199165,,,
openpangu,cmmlu,iid_matched,1107,openpangu__cmmlu__qv__iid_matched__s1107__n500__gradlog,25534db98e106bbc52b8733eabc083b4ac559da9928a361a2b077e4c9e39f879,fd562f850be944a786590f10c8ece320f4962f0f11c58c496fb7ea68750d4701,"[""mechanism_500step""]",mechanism_500step,step_000500,final_train_loss,lower,loss,1.2408293560147285,947.4307788417209,0.687644999998156,948.118423841719,,,
openpangu,cmmlu,iid_matched,1107,openpangu__cmmlu__qv__iid_matched__s1107__n500__gradlog,25534db98e106bbc52b8733eabc083b4ac559da9928a361a2b077e4c9e39f879,fd562f850be944a786590f10c8ece320f4962f0f11c58c496fb7ea68750d4701,"[""mechanism_500step""]",mechanism_500step,step_000500,raw_auc500,lower,loss_step,953.0397673510015,947.4307788417209,0.687644999998156,948.118423841719,,,
openpangu,cmmlu,peft_default,42,openpangu__cmmlu__qv__peft_default__s42__n500__gradlog,931b0dd4dd1ec9e3171ca743fa9eca8644b568c5c0c6bd1531f72786473b4bb5,d8a55ea14b5dab575bccf743385de1be3579dc48561154a6da2da82a91e439e4,"[""mechanism_500step""]",mechanism_500step,step_000500,final_train_loss,lower,loss,1.5182112157344818,940.2392835840874,0.22306649899110198,940.4623500830785,,,
openpangu,cmmlu,peft_default,42,openpangu__cmmlu__qv__peft_default__s42__n500__gradlog,931b0dd4dd1ec9e3171ca743fa9eca8644b568c5c0c6bd1531f72786473b4bb5,d8a55ea14b5dab575bccf743385de1be3579dc48561154a6da2da82a91e439e4,"[""mechanism_500step""]",mechanism_500step,step_000500,raw_auc500,lower,loss_step,1068.4208307489753,940.2392835840874,0.22306649899110198,940.4623500830785,,,
openpangu,cmmlu,peft_default,123,openpangu__cmmlu__qv__peft_default__s123__n500__gradlog,16f4aaee5aac1ae9eb6c1408d561f681ec0920200380d04e8d9f3ddbba5add92,7e8142814c9b22a5ff1c7fc03123789983dcf236eea63fe3e42bdbd479f46e12,"[""mechanism_500step""]",mechanism_500step,step_000500,final_train_loss,lower,loss,1.6967882364988327,941.2817900490918,0.34163989999797195,941.6234299490898,,,
openpangu,cmmlu,peft_default,123,openpangu__cmmlu__qv__peft_default__s123__n500__gradlog,16f4aaee5aac1ae9eb6c1408d561f681ec0920200380d04e8d9f3ddbba5add92,7e8142814c9b22a5ff1c7fc03123789983dcf236eea63fe3e42bdbd479f46e12,"[""mechanism_500step""]",mechanism_500step,step_000500,raw_auc500,lower,loss_step,1067.749992147088,941.2817900490918,0.34163989999797195,941.6234299490898,,,
openpangu,cmmlu,peft_default,1107,openpangu__cmmlu__qv__peft_default__s1107__n500__gradlog,9e098ac91915032bb7819f1c0f2b772d0263084c2e6c624d423003e5cd740859,d6a66bbb4162a7bebb230e173e3491aa0f42fcd3c1664404d7ec288bc71e389f,"[""mechanism_500step""]",mechanism_500step,step_000500,final_train_loss,lower,loss,1.435215801000595,944.8773854280444,0.3042291110032238,945.1816145390476,,,
openpangu,cmmlu,peft_default,1107,openpangu__cmmlu__qv__peft_default__s1107__n500__gradlog,9e098ac91915032bb7819f1c0f2b772d0263084c2e6c624d423003e5cd740859,d6a66bbb4162a7bebb230e173e3491aa0f42fcd3c1664404d7ec288bc71e389f,"[""mechanism_500step""]",mechanism_500step,step_000500,raw_auc500,lower,loss_step,1052.6774686574936,944.8773854280444,0.3042291110032238,945.1816145390476,,,
openpangu,cmmlu,powerlaw_col_a06,42,openpangu__cmmlu__qv__powerlaw_col_a06__s42__n500__gradlog,c1f3aaa9ce573e6883109db5e451db376806f2c9fbf963d3effa6275e6c0e6b8,c20dec6c7115eac917b0de6d5b5269c59460e7e33536230788d616eac36ca2ff,"[""mechanism_500step""]",mechanism_500step,step_000500,final_train_loss,lower,loss,1.3074107766151428,950.1315564271063,8.669060337007977,958.8006167641142,,,
openpangu,cmmlu,powerlaw_col_a06,42,openpangu__cmmlu__qv__powerlaw_col_a06__s42__n500__gradlog,c1f3aaa9ce573e6883109db5e451db376806f2c9fbf963d3effa6275e6c0e6b8,c20dec6c7115eac917b0de6d5b5269c59460e7e33536230788d616eac36ca2ff,"[""mechanism_500step""]",mechanism_500step,step_000500,raw_auc500,lower,loss_step,975.1456338390708,950.1315564271063,8.669060337007977,958.8006167641142,,,
openpangu,cmmlu,powerlaw_col_a06,123,openpangu__cmmlu__qv__powerlaw_col_a06__s123__n500__gradlog,cc7cdc5e787c2eda60e97ef5227e55db574c5dd57acca8e36f8929cf03b9e9ab,e229eb50bfbd75bf2cf7bd76015a6ce7457c8c8e3afc7822df622e717a76a9b5,"[""mechanism_500step""]",mechanism_500step,step_000500,final_train_loss,lower,loss,1.4146843701601028,947.523169419932,8.422998088004533,955.9461675079365,,,
openpangu,cmmlu,powerlaw_col_a06,123,openpangu__cmmlu__qv__powerlaw_col_a06__s123__n500__gradlog,cc7cdc5e787c2eda60e97ef5227e55db574c5dd57acca8e36f8929cf03b9e9ab,e229eb50bfbd75bf2cf7bd76015a6ce7457c8c8e3afc7822df622e717a76a9b5,"[""mechanism_500step""]",mechanism_500step,step_000500,raw_auc500,lower,loss_step,975.3395265266299,947.523169419932,8.422998088004533,955.9461675079365,,,
openpangu,cmmlu,powerlaw_col_a06,1107,openpangu__cmmlu__qv__powerlaw_col_a06__s1107__n500__gradlog,3194f45c5d88902a9d6904cbd0ee8adb5d486bcb05ff3a375e12a3122b66f890,1473ab3a1ee19f6d3bd313f53f9180844eab3b8bc6c8b6637c98ca79df3d6611,"[""mechanism_500step""]",mechanism_500step,step_000500,final_train_loss,lower,loss,1.2211190536618233,946.3658432791126,8.73536985401006,955.1012131331227,,,
openpangu,cmmlu,powerlaw_col_a06,1107,openpangu__cmmlu__qv__powerlaw_col_a06__s1107__n500__gradlog,3194f45c5d88902a9d6904cbd0ee8adb5d486bcb05ff3a375e12a3122b66f890,1473ab3a1ee19f6d3bd313f53f9180844eab3b8bc6c8b6637c98ca79df3d6611,"[""mechanism_500step""]",mechanism_500step,step_000500,raw_auc500,lower,loss_step,950.7901628240943,946.3658432791126,8.73536985401006,955.1012131331227,,,
openpangu,cmmlu,powerlaw_global_a03,42,openpangu__cmmlu__qv__powerlaw_global_a03__s42__n500__gradlog,888220e39a1e3290334df69288a146c5877c6d12bd7155360b6a4bf9ba3cd5af,6b8c2db84c57f548d2956dbe299d9aea6406871a57407445e0a270410c66c9fd,"[""mechanism_500step""]",mechanism_500step,step_000500,final_train_loss,lower,loss,1.154527761042118,941.499612507163,0.5571664899907773,942.0567789971537,,,
openpangu,cmmlu,powerlaw_global_a03,42,openpangu__cmmlu__qv__powerlaw_global_a03__s42__n500__gradlog,888220e39a1e3290334df69288a146c5877c6d12bd7155360b6a4bf9ba3cd5af,6b8c2db84c57f548d2956dbe299d9aea6406871a57407445e0a270410c66c9fd,"[""mechanism_500step""]",mechanism_500step,step_000500,raw_auc500,lower,loss_step,959.0168663412333,941.499612507163,0.5571664899907773,942.0567789971537,,,
openpangu,cmmlu,powerlaw_global_a03,123,openpangu__cmmlu__qv__powerlaw_global_a03__s123__n500__gradlog,dd65762ad09500691e1e943bc7c310a9d110a5ed6fdb1c74f183b70f9acda836,3455150973711246c0a6eafc32f53023163c86f751cb586a0f382ebb0da943e4,"[""mechanism_500step""]",mechanism_500step,step_000500,final_train_loss,lower,loss,1.603075847029686,940.491796147413,0.5515450990060344,941.043341246419,,,
openpangu,cmmlu,powerlaw_global_a03,123,openpangu__cmmlu__qv__powerlaw_global_a03__s123__n500__gradlog,dd65762ad09500691e1e943bc7c310a9d110a5ed6fdb1c74f183b70f9acda836,3455150973711246c0a6eafc32f53023163c86f751cb586a0f382ebb0da943e4,"[""mechanism_500step""]",mechanism_500step,step_000500,raw_auc500,lower,loss_step,1005.2415648698807,940.491796147413,0.5515450990060344,941.043341246419,,,
openpangu,cmmlu,powerlaw_global_a03,1107,openpangu__cmmlu__qv__powerlaw_global_a03__s1107__n500__gradlog,58cd203ec7c96732c8eb1e4c6c638f665aeed097073637db49a95c1e5405a2ff,56ecc5e113f626e00e27023766da172b7eb0baab41f3ec6b8d1279145debe912,"[""mechanism_500step""]",mechanism_500step,step_000500,final_train_loss,lower,loss,1.338855892419815,941.4581761798618,0.5365607990097487,941.9947369788715,,,
openpangu,cmmlu,powerlaw_global_a03,1107,openpangu__cmmlu__qv__powerlaw_global_a03__s1107__n500__gradlog,58cd203ec7c96732c8eb1e4c6c638f665aeed097073637db49a95c1e5405a2ff,56ecc5e113f626e00e27023766da172b7eb0baab41f3ec6b8d1279145debe912,"[""mechanism_500step""]",mechanism_500step,step_000500,raw_auc500,lower,loss_step,997.0244719684124,941.4581761798618,0.5365607990097487,941.9947369788715,,,
openpangu,cmmlu,powerlaw_global_a06,42,openpangu__cmmlu__qv__powerlaw_global_a06__s42__n500__gradlog,cf761015bd6fa3e0b7c291050be395115ef35e0762c457823eb9c3b22ad9da4d,58eefedea0995d1f15f920c00cc96191e5815a62f1926938030190f98cb4f6ec,"[""mechanism_500step""]",mechanism_500step,step_000500,final_train_loss,lower,loss,1.2679665088653564,943.0183603340847,0.599211093998747,943.6175714280835,,,
openpangu,cmmlu,powerlaw_global_a06,42,openpangu__cmmlu__qv__powerlaw_global_a06__s42__n500__gradlog,cf761015bd6fa3e0b7c291050be395115ef35e0762c457823eb9c3b22ad9da4d,58eefedea0995d1f15f920c00cc96191e5815a62f1926938030190f98cb4f6ec,"[""mechanism_500step""]",mechanism_500step,step_000500,raw_auc500,lower,loss_step,985.8209882229567,943.0183603340847,0.599211093998747,943.6175714280835,,,
openpangu,cmmlu,powerlaw_global_a06,123,openpangu__cmmlu__qv__powerlaw_global_a06__s123__n500__gradlog,af0b3d37bcb17e13b748382d1acc7ec96ac26258092b42f8ced362ff244279b8,0e000930294c651441c549aedb65d63c0d4be0da49b49e40b5b4cbe5fd1bb9c6,"[""mechanism_500step""]",mechanism_500step,step_000500,final_train_loss,lower,loss,1.4487196281552315,945.3390663538885,0.5317816969909472,945.8708480508794,,,
openpangu,cmmlu,powerlaw_global_a06,123,openpangu__cmmlu__qv__powerlaw_global_a06__s123__n500__gradlog,af0b3d37bcb17e13b748382d1acc7ec96ac26258092b42f8ced362ff244279b8,0e000930294c651441c549aedb65d63c0d4be0da49b49e40b5b4cbe5fd1bb9c6,"[""mechanism_500step""]",mechanism_500step,step_000500,raw_auc500,lower,loss_step,986.2047509178519,945.3390663538885,0.5317816969909472,945.8708480508794,,,
openpangu,cmmlu,powerlaw_global_a06,1107,openpangu__cmmlu__qv__powerlaw_global_a06__s1107__n500__gradlog,43dee1f7ac527b7b960701da216f834a7f81338081f50b6fa45113e3f039fd95,c56eb6771328b827cd7b7c9cd225a4333470a4661a3bdd44f0dcb906d51db165,"[""mechanism_500step""]",mechanism_500step,step_000500,final_train_loss,lower,loss,1.3446708768606186,941.9558333180903,0.5293708000099286,942.4852041181002,,,
openpangu,cmmlu,powerlaw_global_a06,1107,openpangu__cmmlu__qv__powerlaw_global_a06__s1107__n500__gradlog,43dee1f7ac527b7b960701da216f834a7f81338081f50b6fa45113e3f039fd95,c56eb6771328b827cd7b7c9cd225a4333470a4661a3bdd44f0dcb906d51db165,"[""mechanism_500step""]",mechanism_500step,step_000500,raw_auc500,lower,loss_step,1003.3985354527831,941.9558333180903,0.5293708000099286,942.4852041181002,,,
openpangu,cmmlu,powerlaw_row_a06,42,openpangu__cmmlu__qv__powerlaw_row_a06__s42__n500__gradlog,a0289a31e98b6f6607c5b68df167f034b88ceba2f298c4e009003d0c4752b307,ec86aa60fb761bcee83d71807bec6223bada20a44d63cd53a58791dd9058994b,"[""mechanism_500step""]",mechanism_500step,step_000500,final_train_loss,lower,loss,1.3130073994398117,946.5403751309932,0.8000013959972421,947.3403765269904,,,
openpangu,cmmlu,powerlaw_row_a06,42,openpangu__cmmlu__qv__powerlaw_row_a06__s42__n500__gradlog,a0289a31e98b6f6607c5b68df167f034b88ceba2f298c4e009003d0c4752b307,ec86aa60fb761bcee83d71807bec6223bada20a44d63cd53a58791dd9058994b,"[""mechanism_500step""]",mechanism_500step,step_000500,raw_auc500,lower,loss_step,1000.5276627652347,946.5403751309932,0.8000013959972421,947.3403765269904,,,
openpangu,cmmlu,powerlaw_row_a06,123,openpangu__cmmlu__qv__powerlaw_row_a06__s123__n500__gradlog,9548aa499a2a238660ed82acc02648719a987a730ea6462331925c6dbc1ca92b,7d71eda476c944878d79d79e50a54c6317024366e8954bdd1cb69c742ab71aff,"[""mechanism_500step""]",mechanism_500step,step_000500,final_train_loss,lower,loss,1.4453640952706337,947.0752931169554,0.8785207999899285,947.9538139169454,,,
openpangu,cmmlu,powerlaw_row_a06,123,openpangu__cmmlu__qv__powerlaw_row_a06__s123__n500__gradlog,9548aa499a2a238660ed82acc02648719a987a730ea6462331925c6dbc1ca92b,7d71eda476c944878d79d79e50a54c6317024366e8954bdd1cb69c742ab71aff,"[""mechanism_500step""]",mechanism_500step,step_000500,raw_auc500,lower,loss_step,982.613470274955,947.0752931169554,0.8785207999899285,947.9538139169454,,,
openpangu,cmmlu,powerlaw_row_a06,1107,openpangu__cmmlu__qv__powerlaw_row_a06__s1107__n500__gradlog,932cec045d56e0f48e86af1bde266ee16434a29e82ccac66cace25890f987cf6,a28d3ae98fd121167e58d3fa56b5d2cce25db0161a2eb50f932bd76a272af127,"[""mechanism_500step""]",mechanism_500step,step_000500,final_train_loss,lower,loss,1.2898124307394028,946.5750331827585,0.9150591939978767,947.4900923767564,,,
openpangu,cmmlu,powerlaw_row_a06,1107,openpangu__cmmlu__qv__powerlaw_row_a06__s1107__n500__gradlog,932cec045d56e0f48e86af1bde266ee16434a29e82ccac66cace25890f987cf6,a28d3ae98fd121167e58d3fa56b5d2cce25db0161a2eb50f932bd76a272af127,"[""mechanism_500step""]",mechanism_500step,step_000500,raw_auc500,lower,loss_step,966.3952988646924,946.5750331827585,0.9150591939978767,947.4900923767564,,,
openpangu,cmmlu,powerlaw_shuffle_a06,42,openpangu__cmmlu__qv__powerlaw_shuffle_a06__s42__n500__gradlog,59ade3a3e5b3175f466e692936cd3ca4151a67c34a87e9e6d53272cc1986f571,9e3ff4924e82355140ae07352256d8e0409f9441c06683728f09e5c3b261fd28,"[""mechanism_500step""]",mechanism_500step,step_000500,final_train_loss,lower,loss,1.3161749318242073,945.3928019261366,0.6352995950001059,946.0281015211367,,,
openpangu,cmmlu,powerlaw_shuffle_a06,42,openpangu__cmmlu__qv__powerlaw_shuffle_a06__s42__n500__gradlog,59ade3a3e5b3175f466e692936cd3ca4151a67c34a87e9e6d53272cc1986f571,9e3ff4924e82355140ae07352256d8e0409f9441c06683728f09e5c3b261fd28,"[""mechanism_500step""]",mechanism_500step,step_000500,raw_auc500,lower,loss_step,992.0729255490005,945.3928019261366,0.6352995950001059,946.0281015211367,,,
openpangu,cmmlu,powerlaw_shuffle_a06,123,openpangu__cmmlu__qv__powerlaw_shuffle_a06__s123__n500__gradlog,66095d2a7565e1e79567fc3895e814d35b240b41264c6fd835a70a0686cbc11b,50f2d0f9c82643cb66e5ccaa6507078e30a94096440b35ed2e3390a99eeaec50,"[""mechanism_500step""]",mechanism_500step,step_000500,final_train_loss,lower,loss,1.5013016164302826,943.0381032198493,0.6369811010081321,943.6750843208574,,,
openpangu,cmmlu,powerlaw_shuffle_a06,123,openpangu__cmmlu__qv__powerlaw_shuffle_a06__s123__n500__gradlog,66095d2a7565e1e79567fc3895e814d35b240b41264c6fd835a70a0686cbc11b,50f2d0f9c82643cb66e5ccaa6507078e30a94096440b35ed2e3390a99eeaec50,"[""mechanism_500step""]",mechanism_500step,step_000500,raw_auc500,lower,loss_step,996.3099684417248,943.0381032198493,0.6369811010081321,943.6750843208574,,,
openpangu,cmmlu,powerlaw_shuffle_a06,1107,openpangu__cmmlu__qv__powerlaw_shuffle_a06__s1107__n500__gradlog,f126a36db64ce1f7170ce11c7bdddb76be81280862434901f6b5577af0603e79,b504e95ef37682a09d21f5a553263ea6c8984928eda20f06d3f741fedc316c32,"[""mechanism_500step""]",mechanism_500step,step_000500,final_train_loss,lower,loss,1.2529070153832436,941.5004597820662,0.6462262999993982,942.1466860820656,,,
openpangu,cmmlu,powerlaw_shuffle_a06,1107,openpangu__cmmlu__qv__powerlaw_shuffle_a06__s1107__n500__gradlog,f126a36db64ce1f7170ce11c7bdddb76be81280862434901f6b5577af0603e79,b504e95ef37682a09d21f5a553263ea6c8984928eda20f06d3f741fedc316c32,"[""mechanism_500step""]",mechanism_500step,step_000500,raw_auc500,lower,loss_step,977.6902092471719,941.5004597820662,0.6462262999993982,942.1466860820656,,,
qwen,cmmlu,fft_white_a0,42,qwen__cmmlu__qv__fft_white_a0__s42__n500__gradlog,f29d8a71b015a05e03828e0929ee22ce216816287489857e8f063f1a705e3544,5b1dcbfb674d2caec6ec9c225db1f23a8a15b35fef42eb0392a3813f43a88f96,"[""mechanism_500step""]",mechanism_500step,step_000500,final_train_loss,lower,loss,1.0429326742887497,830.1209706427908,0.6361023019999266,830.7570729447907,,,
qwen,cmmlu,fft_white_a0,42,qwen__cmmlu__qv__fft_white_a0__s42__n500__gradlog,f29d8a71b015a05e03828e0929ee22ce216816287489857e8f063f1a705e3544,5b1dcbfb674d2caec6ec9c225db1f23a8a15b35fef42eb0392a3813f43a88f96,"[""mechanism_500step""]",mechanism_500step,step_000500,raw_auc500,lower,loss_step,509.94725358113647,830.1209706427908,0.6361023019999266,830.7570729447907,,,
qwen,cmmlu,fft_white_a0,123,qwen__cmmlu__qv__fft_white_a0__s123__n500__gradlog,0dd873a7166b616b401590d65f3f837ff9d3e5fe0e447c850c1b4ff8e0812e2d,23bfabdff176c645a414d698355cedc2c28d8ee4e2451afdfa16891ff8db7c37,"[""mechanism_500step""]",mechanism_500step,step_000500,final_train_loss,lower,loss,0.9588114880025387,821.215204810127,0.6296435010008281,821.8448483111279,,,
qwen,cmmlu,fft_white_a0,123,qwen__cmmlu__qv__fft_white_a0__s123__n500__gradlog,0dd873a7166b616b401590d65f3f837ff9d3e5fe0e447c850c1b4ff8e0812e2d,23bfabdff176c645a414d698355cedc2c28d8ee4e2451afdfa16891ff8db7c37,"[""mechanism_500step""]",mechanism_500step,step_000500,raw_auc500,lower,loss_step,506.444972043857,821.215204810127,0.6296435010008281,821.8448483111279,,,
qwen,cmmlu,fft_white_a0,1107,qwen__cmmlu__qv__fft_white_a0__s1107__n500__gradlog,4e7dd72ba4dcf616da859a5bb751de3e59d5c8b56a43053d53087c4bd011eee3,205c373517f562b204337e4aea33b95b2e430acac1269e9c92c772d8d8af0490,"[""mechanism_500step""]",mechanism_500step,step_000500,final_train_loss,lower,loss,0.7690958678722382,821.5533885141485,0.6292311979923397,822.1826197121409,,,
qwen,cmmlu,fft_white_a0,1107,qwen__cmmlu__qv__fft_white_a0__s1107__n500__gradlog,4e7dd72ba4dcf616da859a5bb751de3e59d5c8b56a43053d53087c4bd011eee3,205c373517f562b204337e4aea33b95b2e430acac1269e9c92c772d8d8af0490,"[""mechanism_500step""]",mechanism_500step,step_000500,raw_auc500,lower,loss_step,506.53914969041944,821.5533885141485,0.6292311979923397,822.1826197121409,,,
qwen,cmmlu,iid_matched,42,qwen__cmmlu__qv__iid_matched__s42__n500__gradlog,66d7e70bacd4d52f60c3e09eded409020c721b1bd8594f0f78691253e8df5dc7,fa1e0f5f2cc4fc209de42f2d81ee058cb21c59f15298a4c30e6fff9504b1b02c,"[""mechanism_500step""]",mechanism_500step,step_000500,final_train_loss,lower,loss,1.0363418608903885,820.6774715869979,0.5238577970012557,821.2013293839991,,,
qwen,cmmlu,iid_matched,42,qwen__cmmlu__qv__iid_matched__s42__n500__gradlog,66d7e70bacd4d52f60c3e09eded409020c721b1bd8594f0f78691253e8df5dc7,fa1e0f5f2cc4fc209de42f2d81ee058cb21c59f15298a4c30e6fff9504b1b02c,"[""mechanism_500step""]",mechanism_500step,step_000500,raw_auc500,lower,loss_step,511.61065358296037,820.6774715869979,0.5238577970012557,821.2013293839991,,,
qwen,cmmlu,iid_matched,123,qwen__cmmlu__qv__iid_matched__s123__n500__gradlog,dba069ca9abbbdaed1d2094772687f98f89dabbe2d26c2ebacb86b309edbd2e7,d20bc67f9aa42196c50cc24c3c30a200c02239d7a1d7bb0e95b8d18c328d4873,"[""mechanism_500step""]",mechanism_500step,step_000500,final_train_loss,lower,loss,0.9621585607528687,821.1904265119229,0.624384798007668,821.8148113099305,,,
qwen,cmmlu,iid_matched,123,qwen__cmmlu__qv__iid_matched__s123__n500__gradlog,dba069ca9abbbdaed1d2094772687f98f89dabbe2d26c2ebacb86b309edbd2e7,d20bc67f9aa42196c50cc24c3c30a200c02239d7a1d7bb0e95b8d18c328d4873,"[""mechanism_500step""]",mechanism_500step,step_000500,raw_auc500,lower,loss_step,507.276755027473,821.1904265119229,0.624384798007668,821.8148113099305,,,
qwen,cmmlu,iid_matched,1107,qwen__cmmlu__qv__iid_matched__s1107__n500__gradlog,8abc35addafc18fdd72adae616c0caeb95259c9b78dbadca5a130d4f256142c9,4505d79d97da873570b207c44dfb8befd9357d2f79f4816d2847c633bf1f9640,"[""mechanism_500step""]",mechanism_500step,step_000500,final_train_loss,lower,loss,0.7806773595511913,821.1168454377621,0.5799278969934676,821.6967733347556,,,
qwen,cmmlu,iid_matched,1107,qwen__cmmlu__qv__iid_matched__s1107__n500__gradlog,8abc35addafc18fdd72adae616c0caeb95259c9b78dbadca5a130d4f256142c9,4505d79d97da873570b207c44dfb8befd9357d2f79f4816d2847c633bf1f9640,"[""mechanism_500step""]",mechanism_500step,step_000500,raw_auc500,lower,loss_step,505.55947382189333,821.1168454377621,0.5799278969934676,821.6967733347556,,,
qwen,cmmlu,peft_default,42,qwen__cmmlu__qv__peft_default__s42__n500__gradlog,91ad8813205f2b9544618f4bc783c2e5b5bae81bb45274050d026dd2b18df212,a0be238c1dc68af110362501a3b8b8492583278d883880b2299d55602f97f0ad,"[""mechanism_500step""]",mechanism_500step,step_000500,final_train_loss,lower,loss,1.1102463603019714,820.210467148936,0.17396049699163996,820.3844276459276,,,
qwen,cmmlu,peft_default,42,qwen__cmmlu__qv__peft_default__s42__n500__gradlog,91ad8813205f2b9544618f4bc783c2e5b5bae81bb45274050d026dd2b18df212,a0be238c1dc68af110362501a3b8b8492583278d883880b2299d55602f97f0ad,"[""mechanism_500step""]",mechanism_500step,step_000500,raw_auc500,lower,loss_step,534.1524088829756,820.210467148936,0.17396049699163996,820.3844276459276,,,
qwen,cmmlu,peft_default,123,qwen__cmmlu__qv__peft_default__s123__n500__gradlog,f8a288719893837b53d79f3c783c0cfc5c8188b1c04976d7198a7744732b4861,51e0382496bcf4e25a106e54957af4f8703785ed94dcf4b76eb27545d415a93d,"[""mechanism_500step""]",mechanism_500step,step_000500,final_train_loss,lower,loss,1.038277618587017,822.1316877800418,0.28553049999754876,822.4172182800394,,,
qwen,cmmlu,peft_default,123,qwen__cmmlu__qv__peft_default__s123__n500__gradlog,f8a288719893837b53d79f3c783c0cfc5c8188b1c04976d7198a7744732b4861,51e0382496bcf4e25a106e54957af4f8703785ed94dcf4b76eb27545d415a93d,"[""mechanism_500step""]",mechanism_500step,step_000500,raw_auc500,lower,loss_step,533.883796799928,822.1316877800418,0.28553049999754876,822.4172182800394,,,
qwen,cmmlu,peft_default,1107,qwen__cmmlu__qv__peft_default__s1107__n500__gradlog,b37efb0814b079467566e1dd271d3f285264f9af7253c6ee37417e72a3d11042,4391f10bce74034a646272c6cfa040ebe669e6f9ac992738a19d16f257226e9f,"[""mechanism_500step""]",mechanism_500step,step_000500,final_train_loss,lower,loss,0.8431678935885429,844.0282943992788,0.2204240009887144,844.2487184002675,,,
qwen,cmmlu,peft_default,1107,qwen__cmmlu__qv__peft_default__s1107__n500__gradlog,b37efb0814b079467566e1dd271d3f285264f9af7253c6ee37417e72a3d11042,4391f10bce74034a646272c6cfa040ebe669e6f9ac992738a19d16f257226e9f,"[""mechanism_500step""]",mechanism_500step,step_000500,raw_auc500,lower,loss_step,533.214746652171,844.0282943992788,0.2204240009887144,844.2487184002675,,,
qwen,cmmlu,powerlaw_col_a06,42,qwen__cmmlu__qv__powerlaw_col_a06__s42__n500__gradlog,12f27fc941c1e5985157aed2d4de1ce5a1c4da7860dfd5593b7d0eb57b2242cc,a622efa9395be6cdf3db306dfda34b21aa16c78a4120b5a1184c525b48c68342,"[""mechanism_500step""]",mechanism_500step,step_000500,final_train_loss,lower,loss,1.0216704718768597,821.5422416578513,6.303059884987306,827.8453015428386,,,
qwen,cmmlu,powerlaw_col_a06,42,qwen__cmmlu__qv__powerlaw_col_a06__s42__n500__gradlog,12f27fc941c1e5985157aed2d4de1ce5a1c4da7860dfd5593b7d0eb57b2242cc,a622efa9395be6cdf3db306dfda34b21aa16c78a4120b5a1184c525b48c68342,"[""mechanism_500step""]",mechanism_500step,step_000500,raw_auc500,lower,loss_step,503.9730104841292,821.5422416578513,6.303059884987306,827.8453015428386,,,
qwen,cmmlu,powerlaw_col_a06,123,qwen__cmmlu__qv__powerlaw_col_a06__s123__n500__gradlog,479b32627894a1cb2fa263a0c4653dfa149c811381ef5386dfd361c4ef80a7b7,27cf8c25a6488330c59cbe783b5524299c31af6150568607266e38f8689a3b0b,"[""mechanism_500step""]",mechanism_500step,step_000500,final_train_loss,lower,loss,0.9571695365011692,821.2169387411122,6.1636438019922934,827.3805825431045,,,
qwen,cmmlu,powerlaw_col_a06,123,qwen__cmmlu__qv__powerlaw_col_a06__s123__n500__gradlog,479b32627894a1cb2fa263a0c4653dfa149c811381ef5386dfd361c4ef80a7b7,27cf8c25a6488330c59cbe783b5524299c31af6150568607266e38f8689a3b0b,"[""mechanism_500step""]",mechanism_500step,step_000500,raw_auc500,lower,loss_step,507.6824581809342,821.2169387411122,6.1636438019922934,827.3805825431045,,,
qwen,cmmlu,powerlaw_col_a06,1107,qwen__cmmlu__qv__powerlaw_col_a06__s1107__n500__gradlog,2e131bf2071554051fef290d84f12117542591897bccff376dd0c48a082972c2,6532bfd183ab08ad3dcded7750a9365dd63a902521a96acdd1e4bc66bbdd77de,"[""mechanism_500step""]",mechanism_500step,step_000500,final_train_loss,lower,loss,0.7800218425691128,819.644853451071,6.35031868799706,825.995172139068,,,
qwen,cmmlu,powerlaw_col_a06,1107,qwen__cmmlu__qv__powerlaw_col_a06__s1107__n500__gradlog,2e131bf2071554051fef290d84f12117542591897bccff376dd0c48a082972c2,6532bfd183ab08ad3dcded7750a9365dd63a902521a96acdd1e4bc66bbdd77de,"[""mechanism_500step""]",mechanism_500step,step_000500,raw_auc500,lower,loss_step,505.0331500824541,819.644853451071,6.35031868799706,825.995172139068,,,
qwen,cmmlu,powerlaw_global_a03,42,qwen__cmmlu__qv__powerlaw_global_a03__s42__n500__gradlog,21fd4c7bea378234d779181c4146501764c9605d074669b134c32981da1114f5,cab82660181e8b8040de28e5e6c216b28d3fd85235a9c6f46a780504d0336aa3,"[""mechanism_500step""]",mechanism_500step,step_000500,final_train_loss,lower,loss,1.0354139357805252,821.6590568988468,0.4209843979915604,822.0800412968383,,,
qwen,cmmlu,powerlaw_global_a03,42,qwen__cmmlu__qv__powerlaw_global_a03__s42__n500__gradlog,21fd4c7bea378234d779181c4146501764c9605d074669b134c32981da1114f5,cab82660181e8b8040de28e5e6c216b28d3fd85235a9c6f46a780504d0336aa3,"[""mechanism_500step""]",mechanism_500step,step_000500,raw_auc500,lower,loss_step,506.27982801012695,821.6590568988468,0.4209843979915604,822.0800412968383,,,
qwen,cmmlu,powerlaw_global_a03,123,qwen__cmmlu__qv__powerlaw_global_a03__s123__n500__gradlog,e95bdc2441c88b8bd09c8c4af3a2e1d5219839588e34146508b66f4f48f4b3ed,9472e1c29fd6c880f6d23c6a5c63db9bfc2d09e4fcf3b4901a63f582d70707e2,"[""mechanism_500step""]",mechanism_500step,step_000500,final_train_loss,lower,loss,0.9597712121903896,852.6982219481142,0.46417160000419244,853.1623935481184,,,
qwen,cmmlu,powerlaw_global_a03,123,qwen__cmmlu__qv__powerlaw_global_a03__s123__n500__gradlog,e95bdc2441c88b8bd09c8c4af3a2e1d5219839588e34146508b66f4f48f4b3ed,9472e1c29fd6c880f6d23c6a5c63db9bfc2d09e4fcf3b4901a63f582d70707e2,"[""mechanism_500step""]",mechanism_500step,step_000500,raw_auc500,lower,loss_step,505.99235560931265,852.6982219481142,0.46417160000419244,853.1623935481184,,,
qwen,cmmlu,powerlaw_global_a03,1107,qwen__cmmlu__qv__powerlaw_global_a03__s1107__n500__gradlog,4ea09e338a03aebffbca9eacd5e146635c731c4aa1de783f5903c0ce72978aae,53f031560b7d9849fa0203f3e52761a1c8af3cd4f125e9652bb0a5132eba43f1,"[""mechanism_500step""]",mechanism_500step,step_000500,final_train_loss,lower,loss,0.7881188429892063,914.2130643229466,0.47040749300504103,914.6834718159516,,,
qwen,cmmlu,powerlaw_global_a03,1107,qwen__cmmlu__qv__powerlaw_global_a03__s1107__n500__gradlog,4ea09e338a03aebffbca9eacd5e146635c731c4aa1de783f5903c0ce72978aae,53f031560b7d9849fa0203f3e52761a1c8af3cd4f125e9652bb0a5132eba43f1,"[""mechanism_500step""]",mechanism_500step,step_000500,raw_auc500,lower,loss_step,509.01918142288923,914.2130643229466,0.47040749300504103,914.6834718159516,,,
qwen,cmmlu,powerlaw_global_a06,42,qwen__cmmlu__qv__powerlaw_global_a06__s42__n500__gradlog,3661da09ef1ae9ca630a25193e02ff38eb10ace7d4d74f41720e0d1bb071196d,802b60db8647bb143c985224bd41feb7e179e8b90513ba28eb6027072c7ad6cb,"[""mechanism_500step""]",mechanism_500step,step_000500,final_train_loss,lower,loss,1.0415718331933022,824.669813092929,0.43579830099770334,825.1056113939267,,,
qwen,cmmlu,powerlaw_global_a06,42,qwen__cmmlu__qv__powerlaw_global_a06__s42__n500__gradlog,3661da09ef1ae9ca630a25193e02ff38eb10ace7d4d74f41720e0d1bb071196d,802b60db8647bb143c985224bd41feb7e179e8b90513ba28eb6027072c7ad6cb,"[""mechanism_500step""]",mechanism_500step,step_000500,raw_auc500,lower,loss_step,509.4324439112097,824.669813092929,0.43579830099770334,825.1056113939267,,,
qwen,cmmlu,powerlaw_global_a06,123,qwen__cmmlu__qv__powerlaw_global_a06__s123__n500__gradlog,4a2c3f41c756cfd29834719737deb836410db814280b129da969b9b2f199f364,ad84b93f87034b20e00219e8cb15254cb0beb88a32f862d45cdb659d02d16953,"[""mechanism_500step""]",mechanism_500step,step_000500,final_train_loss,lower,loss,0.9529112465679646,828.1441894232412,0.460952924011508,828.6051423472527,,,
qwen,cmmlu,powerlaw_global_a06,123,qwen__cmmlu__qv__powerlaw_global_a06__s123__n500__gradlog,4a2c3f41c756cfd29834719737deb836410db814280b129da969b9b2f199f364,ad84b93f87034b20e00219e8cb15254cb0beb88a32f862d45cdb659d02d16953,"[""mechanism_500step""]",mechanism_500step,step_000500,raw_auc500,lower,loss_step,505.2669407296926,828.1441894232412,0.460952924011508,828.6051423472527,,,
qwen,cmmlu,powerlaw_global_a06,1107,qwen__cmmlu__qv__powerlaw_global_a06__s1107__n500__gradlog,d08f2fb77e9d08d6e3958abac2ae478100d56ada884df3b0f10c34203a637e4f,6db91836c6be7ac5656841aa4b745432c82086b5ddd2410cc56606f5ae497b5f,"[""mechanism_500step""]",mechanism_500step,step_000500,final_train_loss,lower,loss,0.7717181704938412,822.7558204179659,0.42836259900650475,823.1841830169724,,,
qwen,cmmlu,powerlaw_global_a06,1107,qwen__cmmlu__qv__powerlaw_global_a06__s1107__n500__gradlog,d08f2fb77e9d08d6e3958abac2ae478100d56ada884df3b0f10c34203a637e4f,6db91836c6be7ac5656841aa4b745432c82086b5ddd2410cc56606f5ae497b5f,"[""mechanism_500step""]",mechanism_500step,step_000500,raw_auc500,lower,loss_step,504.79808556474745,822.7558204179659,0.42836259900650475,823.1841830169724,,,
qwen,cmmlu,powerlaw_row_a06,42,qwen__cmmlu__qv__powerlaw_row_a06__s42__n500__gradlog,97bfe96de7547ff4fc5bfd701737c621e2ef29b48ae31d6d45211e25ab5ef49f,de7b55175436b3a7be0efb199aa14e0554ca120b45e20ce654f3646fee2530f7,"[""mechanism_500step""]",mechanism_500step,step_000500,final_train_loss,lower,loss,1.0465953648090363,822.0283208057808,0.6788580010033911,822.7071788067842,,,
qwen,cmmlu,powerlaw_row_a06,42,qwen__cmmlu__qv__powerlaw_row_a06__s42__n500__gradlog,97bfe96de7547ff4fc5bfd701737c621e2ef29b48ae31d6d45211e25ab5ef49f,de7b55175436b3a7be0efb199aa14e0554ca120b45e20ce654f3646fee2530f7,"[""mechanism_500step""]",mechanism_500step,step_000500,raw_auc500,lower,loss_step,508.28185574896634,822.0283208057808,0.6788580010033911,822.7071788067842,,,
qwen,cmmlu,powerlaw_row_a06,123,qwen__cmmlu__qv__powerlaw_row_a06__s123__n500__gradlog,35b5749261c31cd0faa03d18077aa5d5536560bfb3e1b30eee52377f91304227,14cf7e2dea7774fc5078f1172f2d5068e6b8a48a30cfc57ac46801b071e8af7b,"[""mechanism_500step""]",mechanism_500step,step_000500,final_train_loss,lower,loss,0.9389567971229553,820.6219057831331,0.6933838050026679,821.3152895881358,,,
qwen,cmmlu,powerlaw_row_a06,123,qwen__cmmlu__qv__powerlaw_row_a06__s123__n500__gradlog,35b5749261c31cd0faa03d18077aa5d5536560bfb3e1b30eee52377f91304227,14cf7e2dea7774fc5078f1172f2d5068e6b8a48a30cfc57ac46801b071e8af7b,"[""mechanism_500step""]",mechanism_500step,step_000500,raw_auc500,lower,loss_step,499.66456989198923,820.6219057831331,0.6933838050026679,821.3152895881358,,,
qwen,cmmlu,powerlaw_row_a06,1107,qwen__cmmlu__qv__powerlaw_row_a06__s1107__n500__gradlog,c7b486af18ecbe7a37663cddbb681c203023c2e6c72bb2e0b400b9a9b8183cf5,cd044cef403a366ef8656926c65cad04ae25cacdd57fd08075080ae80af45645,"[""mechanism_500step""]",mechanism_500step,step_000500,final_train_loss,lower,loss,0.7932320162653923,821.4296760951111,0.6809295999992173,822.1106056951103,,,
qwen,cmmlu,powerlaw_row_a06,1107,qwen__cmmlu__qv__powerlaw_row_a06__s1107__n500__gradlog,c7b486af18ecbe7a37663cddbb681c203023c2e6c72bb2e0b400b9a9b8183cf5,cd044cef403a366ef8656926c65cad04ae25cacdd57fd08075080ae80af45645,"[""mechanism_500step""]",mechanism_500step,step_000500,raw_auc500,lower,loss_step,508.1337397582829,821.4296760951111,0.6809295999992173,822.1106056951103,,,
qwen,cmmlu,powerlaw_shuffle_a06,42,qwen__cmmlu__qv__powerlaw_shuffle_a06__s42__n500__gradlog,ddde783ca875ef5185b676539ec9892d0902d5abf4ce5304aa7f8f2b1e1ded37,654968e4f4946fdcb3e533402470518ed2fe2f830b16680dd1975c3d1df2ce75,"[""mechanism_500step""]",mechanism_500step,step_000500,final_train_loss,lower,loss,1.0305370539426804,821.3445900648658,0.4889114000106929,821.8335014648765,,,
qwen,cmmlu,powerlaw_shuffle_a06,42,qwen__cmmlu__qv__powerlaw_shuffle_a06__s42__n500__gradlog,ddde783ca875ef5185b676539ec9892d0902d5abf4ce5304aa7f8f2b1e1ded37,654968e4f4946fdcb3e533402470518ed2fe2f830b16680dd1975c3d1df2ce75,"[""mechanism_500step""]",mechanism_500step,step_000500,raw_auc500,lower,loss_step,506.5439127795398,821.3445900648658,0.4889114000106929,821.8335014648765,,,
qwen,cmmlu,powerlaw_shuffle_a06,123,qwen__cmmlu__qv__powerlaw_shuffle_a06__s123__n500__gradlog,032824d4ca8cf22c6c50abd99fe57803b1888577c577bf21b53eb908da3d7249,5eece6e271c4ce868438cf39411457e2007086e094ebe34d1b64823e57d298c7,"[""mechanism_500step""]",mechanism_500step,step_000500,final_train_loss,lower,loss,0.9522626511752605,821.2614334171521,0.5278058959956979,821.7892393131478,,,
qwen,cmmlu,powerlaw_shuffle_a06,123,qwen__cmmlu__qv__powerlaw_shuffle_a06__s123__n500__gradlog,032824d4ca8cf22c6c50abd99fe57803b1888577c577bf21b53eb908da3d7249,5eece6e271c4ce868438cf39411457e2007086e094ebe34d1b64823e57d298c7,"[""mechanism_500step""]",mechanism_500step,step_000500,raw_auc500,lower,loss_step,505.8458272982389,821.2614334171521,0.5278058959956979,821.7892393131478,,,
qwen,cmmlu,powerlaw_shuffle_a06,1107,qwen__cmmlu__qv__powerlaw_shuffle_a06__s1107__n500__gradlog,3355413958cf0d4de1442951dbbbc35873f8eb1f0d476c8dc277f32052caab5c,b6c27e4402d1038af119c83331f51408f833bf145eae2daf8617155bac09c14e,"[""mechanism_500step""]",mechanism_500step,step_000500,final_train_loss,lower,loss,0.7648933306336403,824.5818508069497,0.5158830000000307,825.0977338069497,,,
qwen,cmmlu,powerlaw_shuffle_a06,1107,qwen__cmmlu__qv__powerlaw_shuffle_a06__s1107__n500__gradlog,3355413958cf0d4de1442951dbbbc35873f8eb1f0d476c8dc277f32052caab5c,b6c27e4402d1038af119c83331f51408f833bf145eae2daf8617155bac09c14e,"[""mechanism_500step""]",mechanism_500step,step_000500,raw_auc500,lower,loss_step,505.7041102312505,824.5818508069497,0.5158830000000307,825.0977338069497,,,
openpangu,cmmlu,iid_matched,42,openpangu__cmmlu__all_linear__iid_matched__s42__n2500,e1ee4af1f394b431972d392210af425215629f9cb026000cb421c7ec3ee542b9,3a55eecc2032a8fabf55d308c6455aac85b8d03850d111ce33d5762eefd5c7f9,"[""scope""]",scope_all_linear,step_000500,raw_auc500,lower,loss_step,506.89710510894656,1126.4598385310674,2.614530991006177,1129.0743695220735,,,
openpangu,cmmlu,iid_matched,42,openpangu__cmmlu__all_linear__iid_matched__s42__n2500,e1ee4af1f394b431972d392210af425215629f9cb026000cb421c7ec3ee542b9,3a55eecc2032a8fabf55d308c6455aac85b8d03850d111ce33d5762eefd5c7f9,"[""scope""]",scope_all_linear,step_002500,final_train_loss,lower,loss,0.173104552552104,5628.946788276313,2.614530991006177,5631.561319267319,,,
openpangu,cmmlu,iid_matched,42,openpangu__cmmlu__all_linear__iid_matched__s42__n2500,e1ee4af1f394b431972d392210af425215629f9cb026000cb421c7ec3ee542b9,3a55eecc2032a8fabf55d308c6455aac85b8d03850d111ce33d5762eefd5c7f9,"[""scope""]",scope_all_linear,step_002500,macro_accuracy,higher,score,0.5724003869704435,5628.946788276313,2.614530991006177,5631.561319267319,20900.470484538004,7d228ba44e1fbe920b46534e4e41409192502d83e5e6d067044d3cb0d28863de,2f801f47f36ff81d56379c2cf7f39f6c33d27be558f398f21b598c4d65f68a12
openpangu,cmmlu,iid_matched,123,openpangu__cmmlu__all_linear__iid_matched__s123__n2500,dc30c7feb9de5f36ed143fb9bcf632074eb95643e3c45a8baf23fd2aa9c3d789,6c32a20502ca5099bb7589374006057d8b84c6d5ba22dffac6063628c7fa6beb,"[""scope""]",scope_all_linear,step_000500,raw_auc500,lower,loss_step,491.9861350134015,1110.434746754734,2.516852567991009,1112.951599322725,,,
openpangu,cmmlu,iid_matched,123,openpangu__cmmlu__all_linear__iid_matched__s123__n2500,dc30c7feb9de5f36ed143fb9bcf632074eb95643e3c45a8baf23fd2aa9c3d789,6c32a20502ca5099bb7589374006057d8b84c6d5ba22dffac6063628c7fa6beb,"[""scope""]",scope_all_linear,step_002500,final_train_loss,lower,loss,0.1343919038772583,5564.665004317387,2.516852567991009,5567.181856885378,,,
openpangu,cmmlu,iid_matched,123,openpangu__cmmlu__all_linear__iid_matched__s123__n2500,dc30c7feb9de5f36ed143fb9bcf632074eb95643e3c45a8baf23fd2aa9c3d789,6c32a20502ca5099bb7589374006057d8b84c6d5ba22dffac6063628c7fa6beb,"[""scope""]",scope_all_linear,step_002500,macro_accuracy,higher,score,0.5781918462609139,5564.665004317387,2.516852567991009,5567.181856885378,20619.93964811298,2955c1507a2c2fa37e30d89a38cd1e0286cd137947e73b9462f7a03979384540,31ed02e0764aa637e72a4557682b41408e0684d457e7a05d6a7eb1368806989f
openpangu,cmmlu,iid_matched,1107,openpangu__cmmlu__all_linear__iid_matched__s1107__n2500,5333378816d274d62f8066d3025afefe4ab5726024d50e102be3967aafc8b08a,7ab4af0aeae7857601265c95302f0b0d7418a89ff737ed487b32ae7ee4066b40,"[""scope""]",scope_all_linear,step_000500,raw_auc500,lower,loss_step,501.5746684889309,1128.0278729629354,2.560439297987614,1130.588312260923,,,
openpangu,cmmlu,iid_matched,1107,openpangu__cmmlu__all_linear__iid_matched__s1107__n2500,5333378816d274d62f8066d3025afefe4ab5726024d50e102be3967aafc8b08a,7ab4af0aeae7857601265c95302f0b0d7418a89ff737ed487b32ae7ee4066b40,"[""scope""]",scope_all_linear,step_002500,final_train_loss,lower,loss,0.13177457265555859,5615.747780359816,2.560439297987614,5618.308219657803,,,
openpangu,cmmlu,iid_matched,1107,openpangu__cmmlu__all_linear__iid_matched__s1107__n2500,5333378816d274d62f8066d3025afefe4ab5726024d50e102be3967aafc8b08a,7ab4af0aeae7857601265c95302f0b0d7418a89ff737ed487b32ae7ee4066b40,"[""scope""]",scope_all_linear,step_002500,macro_accuracy,higher,score,0.5706060557001121,5615.747780359816,2.560439297987614,5618.308219657803,25612.454776417,baec7579a7ca7d69ab3d96e6cf77d101631855de5cb6b9d59576d6129499e421,0163b6f3829fe3f3cc51d18e80d7428b35a9612b776090ae94a5d5d542b7e690
openpangu,cmmlu,peft_default,42,openpangu__cmmlu__all_linear__peft_default__s42__n2500,f35d4730eb548dc9b5fa17122eaa24d07014cbc63a6491cfb5984ef1b0e9f460,23f4ffecfbc5d59018a543c63d50a12b89f74d797f915d99fb2f3f961a46f1a4,"[""scope""]",scope_all_linear,step_000500,raw_auc500,lower,loss_step,503.72356428485364,5711.815023077957,0.7303376979980385,5712.5453607759555,,,
openpangu,cmmlu,peft_default,42,openpangu__cmmlu__all_linear__peft_default__s42__n2500,f35d4730eb548dc9b5fa17122eaa24d07014cbc63a6491cfb5984ef1b0e9f460,23f4ffecfbc5d59018a543c63d50a12b89f74d797f915d99fb2f3f961a46f1a4,"[""scope""]",scope_all_linear,step_002500,final_train_loss,lower,loss,0.15984692238271236,10228.36046055636,0.7303376979980385,10229.090798254358,,,
openpangu,cmmlu,peft_default,42,openpangu__cmmlu__all_linear__peft_default__s42__n2500,f35d4730eb548dc9b5fa17122eaa24d07014cbc63a6491cfb5984ef1b0e9f460,23f4ffecfbc5d59018a543c63d50a12b89f74d797f915d99fb2f3f961a46f1a4,"[""scope""]",scope_all_linear,step_002500,macro_accuracy,higher,score,0.5826700000192183,10228.36046055636,0.7303376979980385,10229.090798254358,2263.2789618580136,c9047918ebf88e5572e37b9d8c1888d92c06bda81b2032a0c65029c35f02014b,78eab8f51f244af0d4b34461a17f4af1b88d10a5e9516bb3f9eb698dd75c2aa8
openpangu,cmmlu,peft_default,123,openpangu__cmmlu__all_linear__peft_default__s123__n2500,ec070ea5de3c835faca60676fca30ec0c65e51a917045f3cb861d06f6a41e07d,218560558cb4840b62e8f62d201f47b1143e2f19a02de401784ab95743c55344,"[""scope""]",scope_all_linear,step_000500,raw_auc500,lower,loss_step,550.1862720763311,8178.444863159893,1.0731458039954305,8179.518008963889,,,
openpangu,cmmlu,peft_default,123,openpangu__cmmlu__all_linear__peft_default__s123__n2500,ec070ea5de3c835faca60676fca30ec0c65e51a917045f3cb861d06f6a41e07d,218560558cb4840b62e8f62d201f47b1143e2f19a02de401784ab95743c55344,"[""scope""]",scope_all_linear,step_002500,final_train_loss,lower,loss,0.13505047373473644,29502.646331423268,1.0731458039954305,29503.719477227263,,,
openpangu,cmmlu,peft_default,123,openpangu__cmmlu__all_linear__peft_default__s123__n2500,ec070ea5de3c835faca60676fca30ec0c65e51a917045f3cb861d06f6a41e07d,218560558cb4840b62e8f62d201f47b1143e2f19a02de401784ab95743c55344,"[""scope""]",scope_all_linear,step_002500,macro_accuracy,higher,score,0.5620674005377907,29502.646331423268,1.0731458039954305,29503.719477227263,2236.086763660016,100cc09b79f1389b2108068e13a1042c150dfffa9999339b53c16607c088b8a8,e4ff34389201fdecb174041dbb0128641bba9693a8320594dc7bb919c31000f8
openpangu,cmmlu,peft_default,1107,openpangu__cmmlu__all_linear__peft_default__s1107__n2500,94f0b43d76df75ab031b1f55ff9d0773d2df95b5b856003d96af16514d46bbd0,312430fe1255c0f0adc58a9ab9af760ea9046c89fbc4666938632f30e1fe00e6,"[""scope""]",scope_all_linear,step_000500,raw_auc500,lower,loss_step,554.7691411837004,1174.3361030730593,0.887988499016501,1175.2240915720758,,,
openpangu,cmmlu,peft_default,1107,openpangu__cmmlu__all_linear__peft_default__s1107__n2500,94f0b43d76df75ab031b1f55ff9d0773d2df95b5b856003d96af16514d46bbd0,312430fe1255c0f0adc58a9ab9af760ea9046c89fbc4666938632f30e1fe00e6,"[""scope""]",scope_all_linear,step_002500,final_train_loss,lower,loss,0.13223047740757465,5800.919286484772,0.887988499016501,5801.807274983788,,,
openpangu,cmmlu,peft_default,1107,openpangu__cmmlu__all_linear__peft_default__s1107__n2500,94f0b43d76df75ab031b1f55ff9d0773d2df95b5b856003d96af16514d46bbd0,312430fe1255c0f0adc58a9ab9af760ea9046c89fbc4666938632f30e1fe00e6,"[""scope""]",scope_all_linear,step_002500,macro_accuracy,higher,score,0.5475098726489556,5800.919286484772,0.887988499016501,5801.807274983788,2261.3587345830165,677f6050a63b660ba187102b3117a94cc599588f90d4ac58b9be6e7b1a3882bc,260562a1ca3c079c3bf4552b97972bcc14836f530648930e16cdd349338e6ed6
openpangu,cmmlu,powerlaw_global_a06,42,openpangu__cmmlu__all_linear__powerlaw_global_a06__s42__n2500,00dd43079e7ac2ecb2972ab82e2925989532eb85ff8f9c6876345d0e7f70b463,5cac1f0639a80cfeb181bec1037275cb5a9649bca029d326754247062b4d6716,"[""scope""]",scope_all_linear,step_000500,raw_auc500,lower,loss_step,517.1809275504202,1136.1497858999937,1.9949026920075994,1138.1446885920013,,,
openpangu,cmmlu,powerlaw_global_a06,42,openpangu__cmmlu__all_linear__powerlaw_global_a06__s42__n2500,00dd43079e7ac2ecb2972ab82e2925989532eb85ff8f9c6876345d0e7f70b463,5cac1f0639a80cfeb181bec1037275cb5a9649bca029d326754247062b4d6716,"[""scope""]",scope_all_linear,step_002500,final_train_loss,lower,loss,0.15982257388532162,5711.3272469086805,1.9949026920075994,5713.322149600688,,,
openpangu,cmmlu,powerlaw_global_a06,42,openpangu__cmmlu__all_linear__powerlaw_global_a06__s42__n2500,00dd43079e7ac2ecb2972ab82e2925989532eb85ff8f9c6876345d0e7f70b463,5cac1f0639a80cfeb181bec1037275cb5a9649bca029d326754247062b4d6716,"[""scope""]",scope_all_linear,step_002500,macro_accuracy,higher,score,0.5743677373383209,5711.3272469086805,1.9949026920075994,5713.322149600688,2294.379975644988,40d2755ef1370a5b04b3c5de9b54531b501704b925c9cea46b203bc76ed0b435,629084c6024b2ba50f943e6b7f69e29d507cd78d22208511ecca831421291c36
openpangu,cmmlu,powerlaw_global_a06,123,openpangu__cmmlu__all_linear__powerlaw_global_a06__s123__n2500,9e7ef6b2a0782669f51084f2dacc6b0d5161ee7a91c6a9b51ba2b3ab3afcfaba,59cb5118c4026f8ba79706ab479e0679d5e508be8f9249aad825735698ba2a88,"[""scope""]",scope_all_linear,step_000500,raw_auc500,lower,loss_step,509.3186045093462,1116.106302320346,2.0350794960104395,1118.1413818163564,,,
openpangu,cmmlu,powerlaw_global_a06,123,openpangu__cmmlu__all_linear__powerlaw_global_a06__s123__n2500,9e7ef6b2a0782669f51084f2dacc6b0d5161ee7a91c6a9b51ba2b3ab3afcfaba,59cb5118c4026f8ba79706ab479e0679d5e508be8f9249aad825735698ba2a88,"[""scope""]",scope_all_linear,step_002500,final_train_loss,lower,loss,0.1366815399378538,5592.819849708321,2.0350794960104395,5594.854929204332,,,
openpangu,cmmlu,powerlaw_global_a06,123,openpangu__cmmlu__all_linear__powerlaw_global_a06__s123__n2500,9e7ef6b2a0782669f51084f2dacc6b0d5161ee7a91c6a9b51ba2b3ab3afcfaba,59cb5118c4026f8ba79706ab479e0679d5e508be8f9249aad825735698ba2a88,"[""scope""]",scope_all_linear,step_002500,macro_accuracy,higher,score,0.5682756712354914,5592.819849708321,2.0350794960104395,5594.854929204332,2269.723983548989,4da829c7d7e4abc897ad4e78770771d937e549f54efc3a6a394a177447db0e3f,c5aaa985fd85f41a0e95e73162ab0ff77dbe082c827dd63a06f40342c14eab2e
openpangu,cmmlu,powerlaw_global_a06,1107,openpangu__cmmlu__all_linear__powerlaw_global_a06__s1107__n2500,0fc40c9b1b6b1814d8fffaaa79f58ae100d2df0031a1732d5f1224df69dbee84,c43f12bda6b59527d025e0507662a7e9df49a7b8ea5e570d947f6354600d25b3,"[""scope""]",scope_all_linear,step_000500,raw_auc500,lower,loss_step,494.41134129231796,1116.9834003209253,2.1031061980174854,1119.0865065189428,,,
openpangu,cmmlu,powerlaw_global_a06,1107,openpangu__cmmlu__all_linear__powerlaw_global_a06__s1107__n2500,0fc40c9b1b6b1814d8fffaaa79f58ae100d2df0031a1732d5f1224df69dbee84,c43f12bda6b59527d025e0507662a7e9df49a7b8ea5e570d947f6354600d25b3,"[""scope""]",scope_all_linear,step_002500,final_train_loss,lower,loss,0.1286799293011427,5586.815192557784,2.1031061980174854,5588.9182987558015,,,
openpangu,cmmlu,powerlaw_global_a06,1107,openpangu__cmmlu__all_linear__powerlaw_global_a06__s1107__n2500,0fc40c9b1b6b1814d8fffaaa79f58ae100d2df0031a1732d5f1224df69dbee84,c43f12bda6b59527d025e0507662a7e9df49a7b8ea5e570d947f6354600d25b3,"[""scope""]",scope_all_linear,step_002500,macro_accuracy,higher,score,0.5735886095755801,5586.815192557784,2.1031061980174854,5588.9182987558015,2250.8453110640403,0bbb1f2c8bf812a5f6ce9c84a276feef068ea3605d4989d7961def8c3d77b701,bf6747b9525f815ff1d849abf22a5d905fcf05fad23d81375c935dbbf0672ac5
openpangu,cmmlu,iid_matched,1107,openpangu__cmmlu__qv__iid_matched__s1107__n10000,72da5320611f9f13ceac8a28aa3113a06fd6b39147ec3ac0c70f060e06b424f7,8341daa63d7bf17e441895f0d8b69258638b5562a8a9eced0860e876bf55848a,"[""scope""]",scope_long_run,step_000500,macro_accuracy,higher,score,0.5044510484328794,827.9580515089037,1.0774838959914632,829.0355354048952,1571.4006891649915,9de209d6ed24e9c31ec2fefc6991e35bee45c314f1eb56d2f1e62ddf35ad8c40,6934019b5f796199e4bbd7c78c42515fa921ef74aa7315150976ab7029bf4331
openpangu,cmmlu,iid_matched,1107,openpangu__cmmlu__qv__iid_matched__s1107__n10000,72da5320611f9f13ceac8a28aa3113a06fd6b39147ec3ac0c70f060e06b424f7,8341daa63d7bf17e441895f0d8b69258638b5562a8a9eced0860e876bf55848a,"[""scope""]",scope_long_run,step_000500,raw_auc500,lower,loss_step,940.7231606449932,827.9580515089037,1.0774838959914632,829.0355354048952,,,
openpangu,cmmlu,iid_matched,1107,openpangu__cmmlu__qv__iid_matched__s1107__n10000,72da5320611f9f13ceac8a28aa3113a06fd6b39147ec3ac0c70f060e06b424f7,8341daa63d7bf17e441895f0d8b69258638b5562a8a9eced0860e876bf55848a,"[""scope""]",scope_long_run,step_002500,macro_accuracy,higher,score,0.4985454892831422,4146.729463309777,1.0774838959914632,4147.806947205769,1632.5898253989872,8d654f845211169e693d11446c99cc10e29798ed651efbe04913b841a29e749f,f1aa623a60aa7803d712401852b357c3c8a0fbdfc24fb042f518cc07e3d20f73
openpangu,cmmlu,iid_matched,1107,openpangu__cmmlu__qv__iid_matched__s1107__n10000,72da5320611f9f13ceac8a28aa3113a06fd6b39147ec3ac0c70f060e06b424f7,8341daa63d7bf17e441895f0d8b69258638b5562a8a9eced0860e876bf55848a,"[""scope""]",scope_long_run,step_010000,final_train_loss,lower,loss,0.1434508804231882,16564.18049075565,1.0774838959914632,16565.257974651642,,,
openpangu,cmmlu,iid_matched,1107,openpangu__cmmlu__qv__iid_matched__s1107__n10000,72da5320611f9f13ceac8a28aa3113a06fd6b39147ec3ac0c70f060e06b424f7,8341daa63d7bf17e441895f0d8b69258638b5562a8a9eced0860e876bf55848a,"[""scope""]",scope_long_run,step_010000,macro_accuracy,higher,score,0.4964737725121845,16564.18049075565,1.0774838959914632,16565.257974651642,1582.8078229500097,33a47282e32b91c019e66be6ceec3e518a4e526d6a8848c9e861cdd2ba4e018a,62c17c7335f04d6071898b2a9d0f66e3d3acb613c68b70f112c73c094e31e7a2
openpangu,cmmlu,peft_default,1107,openpangu__cmmlu__qv__peft_default__s1107__n10000,7c7bcb15de97d7e00e097663c9ddd935294b56a35429f7cc8697e7e51dab6b7b,d6dcde5c157bc97aaf5005ce5f8227d4ca02e35f80abe28e19012cbc9c971a15,"[""scope""]",scope_long_run,step_000500,macro_accuracy,higher,score,0.5007613219802882,808.3699858559121,0.21359929998288862,808.583585155895,1629.7486619770061,0a92a03e17eb85470adcb6cf6405a62af5aa816ee3089d18d7886a9b2064c8a8,a90e12cac5f2c73dd23866b4391f1c502269f2ef1c742c02d8d40a26d9170878
openpangu,cmmlu,peft_default,1107,openpangu__cmmlu__qv__peft_default__s1107__n10000,7c7bcb15de97d7e00e097663c9ddd935294b56a35429f7cc8697e7e51dab6b7b,d6dcde5c157bc97aaf5005ce5f8227d4ca02e35f80abe28e19012cbc9c971a15,"[""scope""]",scope_long_run,step_000500,raw_auc500,lower,loss_step,1002.5123209021986,808.3699858559121,0.21359929998288862,808.583585155895,,,
openpangu,cmmlu,peft_default,1107,openpangu__cmmlu__qv__peft_default__s1107__n10000,7c7bcb15de97d7e00e097663c9ddd935294b56a35429f7cc8697e7e51dab6b7b,d6dcde5c157bc97aaf5005ce5f8227d4ca02e35f80abe28e19012cbc9c971a15,"[""scope""]",scope_long_run,step_002500,macro_accuracy,higher,score,0.46395023610043923,4157.548373766709,0.21359929998288862,4157.761973066692,1557.5035541550023,0032954599319bb6f099b35753373f7ecbb42d36b65acd6d9219ebc5577cd4d5,7ac505014da400e3904732dc3d2649ff9e758618117e61c9bcbad43c603c4899
openpangu,cmmlu,peft_default,1107,openpangu__cmmlu__qv__peft_default__s1107__n10000,7c7bcb15de97d7e00e097663c9ddd935294b56a35429f7cc8697e7e51dab6b7b,d6dcde5c157bc97aaf5005ce5f8227d4ca02e35f80abe28e19012cbc9c971a15,"[""scope""]",scope_long_run,step_010000,final_train_loss,lower,loss,0.14582046121358871,17793.586970000004,0.21359929998288862,17793.800569299987,,,
openpangu,cmmlu,peft_default,1107,openpangu__cmmlu__qv__peft_default__s1107__n10000,7c7bcb15de97d7e00e097663c9ddd935294b56a35429f7cc8697e7e51dab6b7b,d6dcde5c157bc97aaf5005ce5f8227d4ca02e35f80abe28e19012cbc9c971a15,"[""scope""]",scope_long_run,step_010000,macro_accuracy,higher,score,0.47416484078664595,17793.586970000004,0.21359929998288862,17793.800569299987,1610.4896165719838,3fd14a78663adf3dd9ae4f924545f2ff7337abb4c2ac60b4e7d7b4b834ec30c8,8f01c185a425fbec838bcbc0d8a304a0b7722c049247d37e903b979e2385e5bc
openpangu,cmmlu,powerlaw_global_a06,1107,openpangu__cmmlu__qv__powerlaw_global_a06__s1107__n10000,01c1b11f07a1c271bc8314920d172eb7a29e1c0935855a1f5238bbb89816fddd,fb648edc8ae76ef54d081c917cdee531b060b95316c07b09d6ab563ff73a8d6a,"[""scope""]",scope_long_run,step_000500,macro_accuracy,higher,score,0.4996456611174938,813.8721164036833,0.6689151000173297,814.5410315037007,1646.8109005010338,6bffcc13e80e71105c37b8d892c8f0cdcf940f89f2a0d817d99823888d569fbd,95d6764e48cb93cacf4e28d3911ebb6f309ea262d65a0d77dd7e2d1ae5464d46
openpangu,cmmlu,powerlaw_global_a06,1107,openpangu__cmmlu__qv__powerlaw_global_a06__s1107__n10000,01c1b11f07a1c271bc8314920d172eb7a29e1c0935855a1f5238bbb89816fddd,fb648edc8ae76ef54d081c917cdee531b060b95316c07b09d6ab563ff73a8d6a,"[""scope""]",scope_long_run,step_000500,raw_auc500,lower,loss_step,939.5861312747002,813.8721164036833,0.6689151000173297,814.5410315037007,,,
openpangu,cmmlu,powerlaw_global_a06,1107,openpangu__cmmlu__qv__powerlaw_global_a06__s1107__n10000,01c1b11f07a1c271bc8314920d172eb7a29e1c0935855a1f5238bbb89816fddd,fb648edc8ae76ef54d081c917cdee531b060b95316c07b09d6ab563ff73a8d6a,"[""scope""]",scope_long_run,step_002500,macro_accuracy,higher,score,0.505741546960816,4180.146117023367,0.6689151000173297,4180.815032123384,1636.7177791579743,f8d19ce322df46e51ea424b012a75b71bfae05e3c03ad85948e5a2be271d9bb3,260a5d0682135b7e7968749c227d39519a6b1dad0ea1f2d67dc3953bda8dbb4c
openpangu,cmmlu,powerlaw_global_a06,1107,openpangu__cmmlu__qv__powerlaw_global_a06__s1107__n10000,01c1b11f07a1c271bc8314920d172eb7a29e1c0935855a1f5238bbb89816fddd,fb648edc8ae76ef54d081c917cdee531b060b95316c07b09d6ab563ff73a8d6a,"[""scope""]",scope_long_run,step_010000,final_train_loss,lower,loss,0.14417725428938866,16491.602660834964,0.6689151000173297,16492.27157593498,,,
openpangu,cmmlu,powerlaw_global_a06,1107,openpangu__cmmlu__qv__powerlaw_global_a06__s1107__n10000,01c1b11f07a1c271bc8314920d172eb7a29e1c0935855a1f5238bbb89816fddd,fb648edc8ae76ef54d081c917cdee531b060b95316c07b09d6ab563ff73a8d6a,"[""scope""]",scope_long_run,step_010000,macro_accuracy,higher,score,0.5073770990532855,16491.602660834964,0.6689151000173297,16492.27157593498,1626.9497860979754,adf2702b2d3152e3ca3fef8b4a50bf05090813613c43d09728aa96789ef1cdd8,8ce421486853b884dbc6713a612fe5317b8caf0307eb674888b2739f9d39618c
