analysis_context,model,task,endpoint,metric,metric_direction,method,reference_method,seed,n_runs,value,reference_value,difference,favorable_difference,run_id,reference_run_id,metadata_sha256,reference_metadata_sha256
baseline_fairness_final,qwen,cmmlu,step_000500,raw_auc500,lower,dora,peft_default,42,3,358.4530683849007,506.6828713528812,-148.2298029679805,148.2298029679805,qwen__cmmlu__qv__dora__s42__n2500,qwen__cmmlu__qv__peft_default__s42__n2500,7cde8d5acb25b14e65e39f307ad02b5b912a3dfdb6edba742c12b27381ac9c93,b53dd876d8b973fad232a3dd293ffb1b48fe77c26c6f06a1f432a564ed05ec28
baseline_fairness_final,qwen,cmmlu,step_000500,raw_auc500,lower,dora,peft_default,123,3,358.4645816842094,505.89324237406254,-147.42866068985313,147.42866068985313,qwen__cmmlu__qv__dora__s123__n2500,qwen__cmmlu__qv__peft_default__s123__n2500,2e0831a7c26fd7fa026e30cc18200bb9bd40389a70949a2ba39c89ab30a32866,f953014b16896a15acf04f22e34663538d8a0418bd67a0ebea5de0c3d2da1cae
baseline_fairness_final,qwen,cmmlu,step_000500,raw_auc500,lower,dora,peft_default,1107,3,358.8951779231429,505.57390726171434,-146.67872933857143,146.67872933857143,qwen__cmmlu__qv__dora__s1107__n2500,qwen__cmmlu__qv__peft_default__s1107__n2500,416d8f4afe40dbafb4d1be517dc1a8ceb089a283354749123d33bfb38f79afd6,235d28f74daa7f28febb467fcce04b134801f7310a0ce59b397f44a2ea8eeb86
baseline_fairness_final,qwen,cmmlu,step_000500,raw_auc500,lower,lora_one,peft_default,42,3,519.6419560946524,506.6828713528812,12.959084741771221,-12.959084741771221,qwen__cmmlu__qv__lora_one__s42__n2500,qwen__cmmlu__qv__peft_default__s42__n2500,700d7986c5eb2e7fbced5446a308aaeae202b43bd45cafa826846936c8ab3536,b53dd876d8b973fad232a3dd293ffb1b48fe77c26c6f06a1f432a564ed05ec28
baseline_fairness_final,qwen,cmmlu,step_000500,raw_auc500,lower,lora_one,peft_default,123,3,519.3327817786485,505.89324237406254,13.439539404585958,-13.439539404585958,qwen__cmmlu__qv__lora_one__s123__n2500,qwen__cmmlu__qv__peft_default__s123__n2500,cb4de7630f425cb27ec7f97574a4fae6a39929ff15db572c4ea1675a715fc021,f953014b16896a15acf04f22e34663538d8a0418bd67a0ebea5de0c3d2da1cae
baseline_fairness_final,qwen,cmmlu,step_000500,raw_auc500,lower,lora_one,peft_default,1107,3,519.3691295403987,505.57390726171434,13.795222278684378,-13.795222278684378,qwen__cmmlu__qv__lora_one__s1107__n2500,qwen__cmmlu__qv__peft_default__s1107__n2500,b67c7b943923faa398565f24cf4ea8d37b3aa67de7e53f6d98faa6a60b022b4c,235d28f74daa7f28febb467fcce04b134801f7310a0ce59b397f44a2ea8eeb86
baseline_fairness_final,qwen,cmmlu,step_000500,raw_auc500,lower,pissa,peft_default,42,3,520.8899251986295,506.6828713528812,14.207053845748305,-14.207053845748305,qwen__cmmlu__qv__pissa__s42__n2500,qwen__cmmlu__qv__peft_default__s42__n2500,ee2177037fa61c00c3bfc4a027b22ca99afc7daad1ac671443ab746dc34f8e0c,b53dd876d8b973fad232a3dd293ffb1b48fe77c26c6f06a1f432a564ed05ec28
baseline_fairness_final,qwen,cmmlu,step_000500,raw_auc500,lower,pissa,peft_default,123,3,521.4622627831995,505.89324237406254,15.56902040913701,-15.56902040913701,qwen__cmmlu__qv__pissa__s123__n2500,qwen__cmmlu__qv__peft_default__s123__n2500,1517fa17a2218cc41e5bc2558e16193651b0428e4e6261b59f58dceed65da8ce,f953014b16896a15acf04f22e34663538d8a0418bd67a0ebea5de0c3d2da1cae
baseline_fairness_final,qwen,cmmlu,step_000500,raw_auc500,lower,pissa,peft_default,1107,3,520.4381140638143,505.57390726171434,14.864206802099943,-14.864206802099943,qwen__cmmlu__qv__pissa__s1107__n2500,qwen__cmmlu__qv__peft_default__s1107__n2500,459692f96ee9311f3d07b7b35a17bad3effe194c0103d31b8795d8369c2056ba,235d28f74daa7f28febb467fcce04b134801f7310a0ce59b397f44a2ea8eeb86
baseline_fairness_final,qwen,cmmlu,step_000500,raw_auc500,lower,validation_selected_proposed,peft_default,42,3,477.7207164131105,506.6828713528812,-28.9621549397707,28.9621549397707,qwen__cmmlu__qv__validation_selected_proposed__s42__n2500,qwen__cmmlu__qv__peft_default__s42__n2500,f67e67c9524f5bf250b0a989707d222cb5044145020c11243a9b86c1a7e59bf2,b53dd876d8b973fad232a3dd293ffb1b48fe77c26c6f06a1f432a564ed05ec28
baseline_fairness_final,qwen,cmmlu,step_000500,raw_auc500,lower,validation_selected_proposed,peft_default,123,3,476.8730741292238,505.89324237406254,-29.020168244838715,29.020168244838715,qwen__cmmlu__qv__validation_selected_proposed__s123__n2500,qwen__cmmlu__qv__peft_default__s123__n2500,9a8518554c735cf866ecaaaf6f450dfa2842f5f7b54b7a92cc797693bcc002e3,f953014b16896a15acf04f22e34663538d8a0418bd67a0ebea5de0c3d2da1cae
baseline_fairness_final,qwen,cmmlu,step_000500,raw_auc500,lower,validation_selected_proposed,peft_default,1107,3,480.0445741098374,505.57390726171434,-25.529333151876926,25.529333151876926,qwen__cmmlu__qv__validation_selected_proposed__s1107__n2500,qwen__cmmlu__qv__peft_default__s1107__n2500,577925d82f6cac4d2a9f49002f2e116de80c2ab01fbe3ae02bfe6ec3a57e79a0,235d28f74daa7f28febb467fcce04b134801f7310a0ce59b397f44a2ea8eeb86
baseline_fairness_final,qwen,cmmlu,step_002500,final_train_loss,lower,dora,peft_default,42,3,0.14810599386692047,0.18543951399624348,-0.037333520129323006,0.037333520129323006,qwen__cmmlu__qv__dora__s42__n2500,qwen__cmmlu__qv__peft_default__s42__n2500,7cde8d5acb25b14e65e39f307ad02b5b912a3dfdb6edba742c12b27381ac9c93,b53dd876d8b973fad232a3dd293ffb1b48fe77c26c6f06a1f432a564ed05ec28
baseline_fairness_final,qwen,cmmlu,step_002500,final_train_loss,lower,dora,peft_default,123,3,0.12803792115300894,0.21674705669283867,-0.08870913553982973,0.08870913553982973,qwen__cmmlu__qv__dora__s123__n2500,qwen__cmmlu__qv__peft_default__s123__n2500,2e0831a7c26fd7fa026e30cc18200bb9bd40389a70949a2ba39c89ab30a32866,f953014b16896a15acf04f22e34663538d8a0418bd67a0ebea5de0c3d2da1cae
baseline_fairness_final,qwen,cmmlu,step_002500,final_train_loss,lower,dora,peft_default,1107,3,0.126914594322443,0.14399175252765417,-0.017077158205211163,0.017077158205211163,qwen__cmmlu__qv__dora__s1107__n2500,qwen__cmmlu__qv__peft_default__s1107__n2500,416d8f4afe40dbafb4d1be517dc1a8ceb089a283354749123d33bfb38f79afd6,235d28f74daa7f28febb467fcce04b134801f7310a0ce59b397f44a2ea8eeb86
baseline_fairness_final,qwen,cmmlu,step_002500,final_train_loss,lower,lora_one,peft_default,42,3,0.19295846112072468,0.18543951399624348,0.007518947124481201,-0.007518947124481201,qwen__cmmlu__qv__lora_one__s42__n2500,qwen__cmmlu__qv__peft_default__s42__n2500,700d7986c5eb2e7fbced5446a308aaeae202b43bd45cafa826846936c8ab3536,b53dd876d8b973fad232a3dd293ffb1b48fe77c26c6f06a1f432a564ed05ec28
baseline_fairness_final,qwen,cmmlu,step_002500,final_train_loss,lower,lora_one,peft_default,123,3,0.348759301006794,0.21674705669283867,0.1320122443139553,-0.1320122443139553,qwen__cmmlu__qv__lora_one__s123__n2500,qwen__cmmlu__qv__peft_default__s123__n2500,cb4de7630f425cb27ec7f97574a4fae6a39929ff15db572c4ea1675a715fc021,f953014b16896a15acf04f22e34663538d8a0418bd67a0ebea5de0c3d2da1cae
baseline_fairness_final,qwen,cmmlu,step_002500,final_train_loss,lower,lora_one,peft_default,1107,3,0.2089481521397829,0.14399175252765417,0.06495639961212873,-0.06495639961212873,qwen__cmmlu__qv__lora_one__s1107__n2500,qwen__cmmlu__qv__peft_default__s1107__n2500,b67c7b943923faa398565f24cf4ea8d37b3aa67de7e53f6d98faa6a60b022b4c,235d28f74daa7f28febb467fcce04b134801f7310a0ce59b397f44a2ea8eeb86
baseline_fairness_final,qwen,cmmlu,step_002500,final_train_loss,lower,pissa,peft_default,42,3,0.40837526321411133,0.18543951399624348,0.22293574921786785,-0.22293574921786785,qwen__cmmlu__qv__pissa__s42__n2500,qwen__cmmlu__qv__peft_default__s42__n2500,ee2177037fa61c00c3bfc4a027b22ca99afc7daad1ac671443ab746dc34f8e0c,b53dd876d8b973fad232a3dd293ffb1b48fe77c26c6f06a1f432a564ed05ec28
baseline_fairness_final,qwen,cmmlu,step_002500,final_train_loss,lower,pissa,peft_default,123,3,0.4869649261236191,0.21674705669283867,0.2702178694307804,-0.2702178694307804,qwen__cmmlu__qv__pissa__s123__n2500,qwen__cmmlu__qv__peft_default__s123__n2500,1517fa17a2218cc41e5bc2558e16193651b0428e4e6261b59f58dceed65da8ce,f953014b16896a15acf04f22e34663538d8a0418bd67a0ebea5de0c3d2da1cae
baseline_fairness_final,qwen,cmmlu,step_002500,final_train_loss,lower,pissa,peft_default,1107,3,0.3786526005715132,0.14399175252765417,0.234660848043859,-0.234660848043859,qwen__cmmlu__qv__pissa__s1107__n2500,qwen__cmmlu__qv__peft_default__s1107__n2500,459692f96ee9311f3d07b7b35a17bad3effe194c0103d31b8795d8369c2056ba,235d28f74daa7f28febb467fcce04b134801f7310a0ce59b397f44a2ea8eeb86
baseline_fairness_final,qwen,cmmlu,step_002500,final_train_loss,lower,validation_selected_proposed,peft_default,42,3,0.17344429157674313,0.18543951399624348,-0.011995222419500351,0.011995222419500351,qwen__cmmlu__qv__validation_selected_proposed__s42__n2500,qwen__cmmlu__qv__peft_default__s42__n2500,f67e67c9524f5bf250b0a989707d222cb5044145020c11243a9b86c1a7e59bf2,b53dd876d8b973fad232a3dd293ffb1b48fe77c26c6f06a1f432a564ed05ec28
baseline_fairness_final,qwen,cmmlu,step_002500,final_train_loss,lower,validation_selected_proposed,peft_default,123,3,0.17393434327095747,0.21674705669283867,-0.0428127134218812,0.0428127134218812,qwen__cmmlu__qv__validation_selected_proposed__s123__n2500,qwen__cmmlu__qv__peft_default__s123__n2500,9a8518554c735cf866ecaaaf6f450dfa2842f5f7b54b7a92cc797693bcc002e3,f953014b16896a15acf04f22e34663538d8a0418bd67a0ebea5de0c3d2da1cae
baseline_fairness_final,qwen,cmmlu,step_002500,final_train_loss,lower,validation_selected_proposed,peft_default,1107,3,0.14133334625512362,0.14399175252765417,-0.0026584062725305557,0.0026584062725305557,qwen__cmmlu__qv__validation_selected_proposed__s1107__n2500,qwen__cmmlu__qv__peft_default__s1107__n2500,577925d82f6cac4d2a9f49002f2e116de80c2ab01fbe3ae02bfe6ec3a57e79a0,235d28f74daa7f28febb467fcce04b134801f7310a0ce59b397f44a2ea8eeb86
baseline_fairness_final,qwen,cmmlu,step_002500,macro_accuracy,higher,dora,peft_default,42,3,0.7565190134695984,0.7619391235163032,-0.00542011004670484,-0.00542011004670484,qwen__cmmlu__qv__dora__s42__n2500,qwen__cmmlu__qv__peft_default__s42__n2500,7cde8d5acb25b14e65e39f307ad02b5b912a3dfdb6edba742c12b27381ac9c93,b53dd876d8b973fad232a3dd293ffb1b48fe77c26c6f06a1f432a564ed05ec28
baseline_fairness_final,qwen,cmmlu,step_002500,macro_accuracy,higher,dora,peft_default,123,3,0.7524738940567132,0.7561909784012508,-0.003717084344537658,-0.003717084344537658,qwen__cmmlu__qv__dora__s123__n2500,qwen__cmmlu__qv__peft_default__s123__n2500,2e0831a7c26fd7fa026e30cc18200bb9bd40389a70949a2ba39c89ab30a32866,f953014b16896a15acf04f22e34663538d8a0418bd67a0ebea5de0c3d2da1cae
baseline_fairness_final,qwen,cmmlu,step_002500,macro_accuracy,higher,dora,peft_default,1107,3,0.753228365446726,0.7557170147599171,-0.002488649313191149,-0.002488649313191149,qwen__cmmlu__qv__dora__s1107__n2500,qwen__cmmlu__qv__peft_default__s1107__n2500,416d8f4afe40dbafb4d1be517dc1a8ceb089a283354749123d33bfb38f79afd6,235d28f74daa7f28febb467fcce04b134801f7310a0ce59b397f44a2ea8eeb86
baseline_fairness_final,qwen,cmmlu,step_002500,macro_accuracy,higher,lora_one,peft_default,42,3,0.7746549203008516,0.7619391235163032,0.012715796784548372,0.012715796784548372,qwen__cmmlu__qv__lora_one__s42__n2500,qwen__cmmlu__qv__peft_default__s42__n2500,700d7986c5eb2e7fbced5446a308aaeae202b43bd45cafa826846936c8ab3536,b53dd876d8b973fad232a3dd293ffb1b48fe77c26c6f06a1f432a564ed05ec28
baseline_fairness_final,qwen,cmmlu,step_002500,macro_accuracy,higher,lora_one,peft_default,123,3,0.7719612440949071,0.7561909784012508,0.01577026569365625,0.01577026569365625,qwen__cmmlu__qv__lora_one__s123__n2500,qwen__cmmlu__qv__peft_default__s123__n2500,cb4de7630f425cb27ec7f97574a4fae6a39929ff15db572c4ea1675a715fc021,f953014b16896a15acf04f22e34663538d8a0418bd67a0ebea5de0c3d2da1cae
baseline_fairness_final,qwen,cmmlu,step_002500,macro_accuracy,higher,lora_one,peft_default,1107,3,0.7734230111689235,0.7557170147599171,0.017705996409006386,0.017705996409006386,qwen__cmmlu__qv__lora_one__s1107__n2500,qwen__cmmlu__qv__peft_default__s1107__n2500,b67c7b943923faa398565f24cf4ea8d37b3aa67de7e53f6d98faa6a60b022b4c,235d28f74daa7f28febb467fcce04b134801f7310a0ce59b397f44a2ea8eeb86
baseline_fairness_final,qwen,cmmlu,step_002500,macro_accuracy,higher,pissa,peft_default,42,3,0.7740558530140493,0.7619391235163032,0.012116729497746115,0.012116729497746115,qwen__cmmlu__qv__pissa__s42__n2500,qwen__cmmlu__qv__peft_default__s42__n2500,ee2177037fa61c00c3bfc4a027b22ca99afc7daad1ac671443ab746dc34f8e0c,b53dd876d8b973fad232a3dd293ffb1b48fe77c26c6f06a1f432a564ed05ec28
baseline_fairness_final,qwen,cmmlu,step_002500,macro_accuracy,higher,pissa,peft_default,123,3,0.7729899771540116,0.7561909784012508,0.016798998752760808,0.016798998752760808,qwen__cmmlu__qv__pissa__s123__n2500,qwen__cmmlu__qv__peft_default__s123__n2500,1517fa17a2218cc41e5bc2558e16193651b0428e4e6261b59f58dceed65da8ce,f953014b16896a15acf04f22e34663538d8a0418bd67a0ebea5de0c3d2da1cae
baseline_fairness_final,qwen,cmmlu,step_002500,macro_accuracy,higher,pissa,peft_default,1107,3,0.7704391709492172,0.7557170147599171,0.014722156189300062,0.014722156189300062,qwen__cmmlu__qv__pissa__s1107__n2500,qwen__cmmlu__qv__peft_default__s1107__n2500,459692f96ee9311f3d07b7b35a17bad3effe194c0103d31b8795d8369c2056ba,235d28f74daa7f28febb467fcce04b134801f7310a0ce59b397f44a2ea8eeb86
baseline_fairness_final,qwen,cmmlu,step_002500,macro_accuracy,higher,validation_selected_proposed,peft_default,42,3,0.7638278644344254,0.7619391235163032,0.0018887409181221892,0.0018887409181221892,qwen__cmmlu__qv__validation_selected_proposed__s42__n2500,qwen__cmmlu__qv__peft_default__s42__n2500,f67e67c9524f5bf250b0a989707d222cb5044145020c11243a9b86c1a7e59bf2,b53dd876d8b973fad232a3dd293ffb1b48fe77c26c6f06a1f432a564ed05ec28
baseline_fairness_final,qwen,cmmlu,step_002500,macro_accuracy,higher,validation_selected_proposed,peft_default,123,3,0.7657424214932291,0.7561909784012508,0.009551443091978307,0.009551443091978307,qwen__cmmlu__qv__validation_selected_proposed__s123__n2500,qwen__cmmlu__qv__peft_default__s123__n2500,9a8518554c735cf866ecaaaf6f450dfa2842f5f7b54b7a92cc797693bcc002e3,f953014b16896a15acf04f22e34663538d8a0418bd67a0ebea5de0c3d2da1cae
baseline_fairness_final,qwen,cmmlu,step_002500,macro_accuracy,higher,validation_selected_proposed,peft_default,1107,3,0.760032783721176,0.7557170147599171,0.004315768961258848,0.004315768961258848,qwen__cmmlu__qv__validation_selected_proposed__s1107__n2500,qwen__cmmlu__qv__peft_default__s1107__n2500,577925d82f6cac4d2a9f49002f2e116de80c2ab01fbe3ae02bfe6ec3a57e79a0,235d28f74daa7f28febb467fcce04b134801f7310a0ce59b397f44a2ea8eeb86
core_500step,openpangu,cmmlu,step_000500,final_train_loss,lower,iid_matched,peft_default,42,3,1.2716775462031364,1.5182112157344818,-0.24653366953134537,0.24653366953134537,openpangu__cmmlu__qv__iid_matched__s42__n500,openpangu__cmmlu__qv__peft_default__s42__n500,2f543b7ac00cf50d58766765cd947d81bb2b6a7ae37f5474300219dd5802b8fa,be2cc718121aab66a434be02d561b7c37e4805d6e2f9cb7143e1f1b0f49cbbac
core_500step,openpangu,cmmlu,step_000500,final_train_loss,lower,iid_matched,peft_default,123,3,1.5252504423260689,1.6967882364988327,-0.17153779417276382,0.17153779417276382,openpangu__cmmlu__qv__iid_matched__s123__n500,openpangu__cmmlu__qv__peft_default__s123__n500,21974de3c45ef54f5024c6ddad79daa6c1385add1c7274053f4bbef96726b1f5,1a3008f4a51c65edcbcea6ca1612f9ba5a41d1b31821e4fcac4db9f54cbbdb8a
core_500step,openpangu,cmmlu,step_000500,final_train_loss,lower,iid_matched,peft_default,1107,3,1.2408293560147285,1.435215801000595,-0.19438644498586655,0.19438644498586655,openpangu__cmmlu__qv__iid_matched__s1107__n500,openpangu__cmmlu__qv__peft_default__s1107__n500,b3558912755da6f91d39a81e241c927f7ced1f2ac8d6bdf129c54d0f004a74f4,1776c99f5ca0d2ff3b3e3146e0311e0630e73799fd9376173d6b5e0161e28b7e
core_500step,openpangu,cmmlu,step_000500,final_train_loss,lower,powerlaw_global_a06,peft_default,42,3,1.2679665088653564,1.5182112157344818,-0.25024470686912537,0.25024470686912537,openpangu__cmmlu__qv__powerlaw_global_a06__s42__n500,openpangu__cmmlu__qv__peft_default__s42__n500,c2915edc055eeb56b7dbcd4df8f56c6ccb8198bdb62d7f5be13d7e36a7d4a0f9,be2cc718121aab66a434be02d561b7c37e4805d6e2f9cb7143e1f1b0f49cbbac
core_500step,openpangu,cmmlu,step_000500,final_train_loss,lower,powerlaw_global_a06,peft_default,123,3,1.4487196281552315,1.6967882364988327,-0.24806860834360123,0.24806860834360123,openpangu__cmmlu__qv__powerlaw_global_a06__s123__n500,openpangu__cmmlu__qv__peft_default__s123__n500,da8d26240f00d614ae7b0ede5bffac0366f4e7f922aef8a5163f05a7b9c03b12,1a3008f4a51c65edcbcea6ca1612f9ba5a41d1b31821e4fcac4db9f54cbbdb8a
core_500step,openpangu,cmmlu,step_000500,final_train_loss,lower,powerlaw_global_a06,peft_default,1107,3,1.3446708768606186,1.435215801000595,-0.0905449241399765,0.0905449241399765,openpangu__cmmlu__qv__powerlaw_global_a06__s1107__n500,openpangu__cmmlu__qv__peft_default__s1107__n500,5d7b911021772ae777cf562000dd7997354ebacb1571cb67ebc19eac0d0399bb,1776c99f5ca0d2ff3b3e3146e0311e0630e73799fd9376173d6b5e0161e28b7e
core_500step,openpangu,cmmlu,step_000500,final_train_loss,lower,powerlaw_shuffle_a06,peft_default,42,3,1.3161749318242073,1.5182112157344818,-0.2020362839102745,0.2020362839102745,openpangu__cmmlu__qv__powerlaw_shuffle_a06__s42__n500,openpangu__cmmlu__qv__peft_default__s42__n500,db1e2fc085df9f734fe847abe13d4050709bf18b12d6279c72dc088054659f05,be2cc718121aab66a434be02d561b7c37e4805d6e2f9cb7143e1f1b0f49cbbac
core_500step,openpangu,cmmlu,step_000500,final_train_loss,lower,powerlaw_shuffle_a06,peft_default,123,3,1.5013016164302826,1.6967882364988327,-0.1954866200685501,0.1954866200685501,openpangu__cmmlu__qv__powerlaw_shuffle_a06__s123__n500,openpangu__cmmlu__qv__peft_default__s123__n500,b30936541ed1652b4cf7ba30d7fdc2de17495a5ebd92f17f00519f67a17e609b,1a3008f4a51c65edcbcea6ca1612f9ba5a41d1b31821e4fcac4db9f54cbbdb8a
core_500step,openpangu,cmmlu,step_000500,final_train_loss,lower,powerlaw_shuffle_a06,peft_default,1107,3,1.2529070153832436,1.435215801000595,-0.18230878561735153,0.18230878561735153,openpangu__cmmlu__qv__powerlaw_shuffle_a06__s1107__n500,openpangu__cmmlu__qv__peft_default__s1107__n500,10970b49a877fc36293e8e482a2978c9669f78e8f8f62f8c2591251952774558,1776c99f5ca0d2ff3b3e3146e0311e0630e73799fd9376173d6b5e0161e28b7e
core_500step,openpangu,cmmlu,step_000500,final_train_loss,lower,peft_default,iid_matched,42,3,1.5182112157344818,1.2716775462031364,0.24653366953134537,-0.24653366953134537,openpangu__cmmlu__qv__peft_default__s42__n500,openpangu__cmmlu__qv__iid_matched__s42__n500,be2cc718121aab66a434be02d561b7c37e4805d6e2f9cb7143e1f1b0f49cbbac,2f543b7ac00cf50d58766765cd947d81bb2b6a7ae37f5474300219dd5802b8fa
core_500step,openpangu,cmmlu,step_000500,final_train_loss,lower,peft_default,iid_matched,123,3,1.6967882364988327,1.5252504423260689,0.17153779417276382,-0.17153779417276382,openpangu__cmmlu__qv__peft_default__s123__n500,openpangu__cmmlu__qv__iid_matched__s123__n500,1a3008f4a51c65edcbcea6ca1612f9ba5a41d1b31821e4fcac4db9f54cbbdb8a,21974de3c45ef54f5024c6ddad79daa6c1385add1c7274053f4bbef96726b1f5
core_500step,openpangu,cmmlu,step_000500,final_train_loss,lower,peft_default,iid_matched,1107,3,1.435215801000595,1.2408293560147285,0.19438644498586655,-0.19438644498586655,openpangu__cmmlu__qv__peft_default__s1107__n500,openpangu__cmmlu__qv__iid_matched__s1107__n500,1776c99f5ca0d2ff3b3e3146e0311e0630e73799fd9376173d6b5e0161e28b7e,b3558912755da6f91d39a81e241c927f7ced1f2ac8d6bdf129c54d0f004a74f4
core_500step,openpangu,cmmlu,step_000500,final_train_loss,lower,powerlaw_global_a06,iid_matched,42,3,1.2679665088653564,1.2716775462031364,-0.0037110373377799988,0.0037110373377799988,openpangu__cmmlu__qv__powerlaw_global_a06__s42__n500,openpangu__cmmlu__qv__iid_matched__s42__n500,c2915edc055eeb56b7dbcd4df8f56c6ccb8198bdb62d7f5be13d7e36a7d4a0f9,2f543b7ac00cf50d58766765cd947d81bb2b6a7ae37f5474300219dd5802b8fa
core_500step,openpangu,cmmlu,step_000500,final_train_loss,lower,powerlaw_global_a06,iid_matched,123,3,1.4487196281552315,1.5252504423260689,-0.0765308141708374,0.0765308141708374,openpangu__cmmlu__qv__powerlaw_global_a06__s123__n500,openpangu__cmmlu__qv__iid_matched__s123__n500,da8d26240f00d614ae7b0ede5bffac0366f4e7f922aef8a5163f05a7b9c03b12,21974de3c45ef54f5024c6ddad79daa6c1385add1c7274053f4bbef96726b1f5
core_500step,openpangu,cmmlu,step_000500,final_train_loss,lower,powerlaw_global_a06,iid_matched,1107,3,1.3446708768606186,1.2408293560147285,0.10384152084589005,-0.10384152084589005,openpangu__cmmlu__qv__powerlaw_global_a06__s1107__n500,openpangu__cmmlu__qv__iid_matched__s1107__n500,5d7b911021772ae777cf562000dd7997354ebacb1571cb67ebc19eac0d0399bb,b3558912755da6f91d39a81e241c927f7ced1f2ac8d6bdf129c54d0f004a74f4
core_500step,openpangu,cmmlu,step_000500,final_train_loss,lower,powerlaw_shuffle_a06,iid_matched,42,3,1.3161749318242073,1.2716775462031364,0.04449738562107086,-0.04449738562107086,openpangu__cmmlu__qv__powerlaw_shuffle_a06__s42__n500,openpangu__cmmlu__qv__iid_matched__s42__n500,db1e2fc085df9f734fe847abe13d4050709bf18b12d6279c72dc088054659f05,2f543b7ac00cf50d58766765cd947d81bb2b6a7ae37f5474300219dd5802b8fa
core_500step,openpangu,cmmlu,step_000500,final_train_loss,lower,powerlaw_shuffle_a06,iid_matched,123,3,1.5013016164302826,1.5252504423260689,-0.023948825895786285,0.023948825895786285,openpangu__cmmlu__qv__powerlaw_shuffle_a06__s123__n500,openpangu__cmmlu__qv__iid_matched__s123__n500,b30936541ed1652b4cf7ba30d7fdc2de17495a5ebd92f17f00519f67a17e609b,21974de3c45ef54f5024c6ddad79daa6c1385add1c7274053f4bbef96726b1f5
core_500step,openpangu,cmmlu,step_000500,final_train_loss,lower,powerlaw_shuffle_a06,iid_matched,1107,3,1.2529070153832436,1.2408293560147285,0.012077659368515015,-0.012077659368515015,openpangu__cmmlu__qv__powerlaw_shuffle_a06__s1107__n500,openpangu__cmmlu__qv__iid_matched__s1107__n500,10970b49a877fc36293e8e482a2978c9669f78e8f8f62f8c2591251952774558,b3558912755da6f91d39a81e241c927f7ced1f2ac8d6bdf129c54d0f004a74f4
core_500step,openpangu,cmmlu,step_000500,raw_auc500,lower,iid_matched,peft_default,42,3,968.2296874038875,1068.4208307489753,-100.19114334508777,100.19114334508777,openpangu__cmmlu__qv__iid_matched__s42__n500,openpangu__cmmlu__qv__peft_default__s42__n500,2f543b7ac00cf50d58766765cd947d81bb2b6a7ae37f5474300219dd5802b8fa,be2cc718121aab66a434be02d561b7c37e4805d6e2f9cb7143e1f1b0f49cbbac
core_500step,openpangu,cmmlu,step_000500,raw_auc500,lower,iid_matched,peft_default,123,3,1007.3367697000504,1067.749992147088,-60.4132224470377,60.4132224470377,openpangu__cmmlu__qv__iid_matched__s123__n500,openpangu__cmmlu__qv__peft_default__s123__n500,21974de3c45ef54f5024c6ddad79daa6c1385add1c7274053f4bbef96726b1f5,1a3008f4a51c65edcbcea6ca1612f9ba5a41d1b31821e4fcac4db9f54cbbdb8a
core_500step,openpangu,cmmlu,step_000500,raw_auc500,lower,iid_matched,peft_default,1107,3,953.0397673510015,1052.6774686574936,-99.63770130649209,99.63770130649209,openpangu__cmmlu__qv__iid_matched__s1107__n500,openpangu__cmmlu__qv__peft_default__s1107__n500,b3558912755da6f91d39a81e241c927f7ced1f2ac8d6bdf129c54d0f004a74f4,1776c99f5ca0d2ff3b3e3146e0311e0630e73799fd9376173d6b5e0161e28b7e
core_500step,openpangu,cmmlu,step_000500,raw_auc500,lower,powerlaw_global_a06,peft_default,42,3,985.8209882229567,1068.4208307489753,-82.59984252601862,82.59984252601862,openpangu__cmmlu__qv__powerlaw_global_a06__s42__n500,openpangu__cmmlu__qv__peft_default__s42__n500,c2915edc055eeb56b7dbcd4df8f56c6ccb8198bdb62d7f5be13d7e36a7d4a0f9,be2cc718121aab66a434be02d561b7c37e4805d6e2f9cb7143e1f1b0f49cbbac
core_500step,openpangu,cmmlu,step_000500,raw_auc500,lower,powerlaw_global_a06,peft_default,123,3,986.2047509178519,1067.749992147088,-81.54524122923613,81.54524122923613,openpangu__cmmlu__qv__powerlaw_global_a06__s123__n500,openpangu__cmmlu__qv__peft_default__s123__n500,da8d26240f00d614ae7b0ede5bffac0366f4e7f922aef8a5163f05a7b9c03b12,1a3008f4a51c65edcbcea6ca1612f9ba5a41d1b31821e4fcac4db9f54cbbdb8a
core_500step,openpangu,cmmlu,step_000500,raw_auc500,lower,powerlaw_global_a06,peft_default,1107,3,1003.3985354527831,1052.6774686574936,-49.27893320471048,49.27893320471048,openpangu__cmmlu__qv__powerlaw_global_a06__s1107__n500,openpangu__cmmlu__qv__peft_default__s1107__n500,5d7b911021772ae777cf562000dd7997354ebacb1571cb67ebc19eac0d0399bb,1776c99f5ca0d2ff3b3e3146e0311e0630e73799fd9376173d6b5e0161e28b7e
core_500step,openpangu,cmmlu,step_000500,raw_auc500,lower,powerlaw_shuffle_a06,peft_default,42,3,992.0729255490005,1068.4208307489753,-76.34790519997478,76.34790519997478,openpangu__cmmlu__qv__powerlaw_shuffle_a06__s42__n500,openpangu__cmmlu__qv__peft_default__s42__n500,db1e2fc085df9f734fe847abe13d4050709bf18b12d6279c72dc088054659f05,be2cc718121aab66a434be02d561b7c37e4805d6e2f9cb7143e1f1b0f49cbbac
core_500step,openpangu,cmmlu,step_000500,raw_auc500,lower,powerlaw_shuffle_a06,peft_default,123,3,996.3099684417248,1067.749992147088,-71.44002370536327,71.44002370536327,openpangu__cmmlu__qv__powerlaw_shuffle_a06__s123__n500,openpangu__cmmlu__qv__peft_default__s123__n500,b30936541ed1652b4cf7ba30d7fdc2de17495a5ebd92f17f00519f67a17e609b,1a3008f4a51c65edcbcea6ca1612f9ba5a41d1b31821e4fcac4db9f54cbbdb8a
core_500step,openpangu,cmmlu,step_000500,raw_auc500,lower,powerlaw_shuffle_a06,peft_default,1107,3,977.6902092471719,1052.6774686574936,-74.98725941032171,74.98725941032171,openpangu__cmmlu__qv__powerlaw_shuffle_a06__s1107__n500,openpangu__cmmlu__qv__peft_default__s1107__n500,10970b49a877fc36293e8e482a2978c9669f78e8f8f62f8c2591251952774558,1776c99f5ca0d2ff3b3e3146e0311e0630e73799fd9376173d6b5e0161e28b7e
core_500step,openpangu,cmmlu,step_000500,raw_auc500,lower,peft_default,iid_matched,42,3,1068.4208307489753,968.2296874038875,100.19114334508777,-100.19114334508777,openpangu__cmmlu__qv__peft_default__s42__n500,openpangu__cmmlu__qv__iid_matched__s42__n500,be2cc718121aab66a434be02d561b7c37e4805d6e2f9cb7143e1f1b0f49cbbac,2f543b7ac00cf50d58766765cd947d81bb2b6a7ae37f5474300219dd5802b8fa
core_500step,openpangu,cmmlu,step_000500,raw_auc500,lower,peft_default,iid_matched,123,3,1067.749992147088,1007.3367697000504,60.4132224470377,-60.4132224470377,openpangu__cmmlu__qv__peft_default__s123__n500,openpangu__cmmlu__qv__iid_matched__s123__n500,1a3008f4a51c65edcbcea6ca1612f9ba5a41d1b31821e4fcac4db9f54cbbdb8a,21974de3c45ef54f5024c6ddad79daa6c1385add1c7274053f4bbef96726b1f5
core_500step,openpangu,cmmlu,step_000500,raw_auc500,lower,peft_default,iid_matched,1107,3,1052.6774686574936,953.0397673510015,99.63770130649209,-99.63770130649209,openpangu__cmmlu__qv__peft_default__s1107__n500,openpangu__cmmlu__qv__iid_matched__s1107__n500,1776c99f5ca0d2ff3b3e3146e0311e0630e73799fd9376173d6b5e0161e28b7e,b3558912755da6f91d39a81e241c927f7ced1f2ac8d6bdf129c54d0f004a74f4
core_500step,openpangu,cmmlu,step_000500,raw_auc500,lower,powerlaw_global_a06,iid_matched,42,3,985.8209882229567,968.2296874038875,17.591300819069147,-17.591300819069147,openpangu__cmmlu__qv__powerlaw_global_a06__s42__n500,openpangu__cmmlu__qv__iid_matched__s42__n500,c2915edc055eeb56b7dbcd4df8f56c6ccb8198bdb62d7f5be13d7e36a7d4a0f9,2f543b7ac00cf50d58766765cd947d81bb2b6a7ae37f5474300219dd5802b8fa
core_500step,openpangu,cmmlu,step_000500,raw_auc500,lower,powerlaw_global_a06,iid_matched,123,3,986.2047509178519,1007.3367697000504,-21.13201878219843,21.13201878219843,openpangu__cmmlu__qv__powerlaw_global_a06__s123__n500,openpangu__cmmlu__qv__iid_matched__s123__n500,da8d26240f00d614ae7b0ede5bffac0366f4e7f922aef8a5163f05a7b9c03b12,21974de3c45ef54f5024c6ddad79daa6c1385add1c7274053f4bbef96726b1f5
core_500step,openpangu,cmmlu,step_000500,raw_auc500,lower,powerlaw_global_a06,iid_matched,1107,3,1003.3985354527831,953.0397673510015,50.35876810178161,-50.35876810178161,openpangu__cmmlu__qv__powerlaw_global_a06__s1107__n500,openpangu__cmmlu__qv__iid_matched__s1107__n500,5d7b911021772ae777cf562000dd7997354ebacb1571cb67ebc19eac0d0399bb,b3558912755da6f91d39a81e241c927f7ced1f2ac8d6bdf129c54d0f004a74f4
core_500step,openpangu,cmmlu,step_000500,raw_auc500,lower,powerlaw_shuffle_a06,iid_matched,42,3,992.0729255490005,968.2296874038875,23.84323814511299,-23.84323814511299,openpangu__cmmlu__qv__powerlaw_shuffle_a06__s42__n500,openpangu__cmmlu__qv__iid_matched__s42__n500,db1e2fc085df9f734fe847abe13d4050709bf18b12d6279c72dc088054659f05,2f543b7ac00cf50d58766765cd947d81bb2b6a7ae37f5474300219dd5802b8fa
core_500step,openpangu,cmmlu,step_000500,raw_auc500,lower,powerlaw_shuffle_a06,iid_matched,123,3,996.3099684417248,1007.3367697000504,-11.026801258325577,11.026801258325577,openpangu__cmmlu__qv__powerlaw_shuffle_a06__s123__n500,openpangu__cmmlu__qv__iid_matched__s123__n500,b30936541ed1652b4cf7ba30d7fdc2de17495a5ebd92f17f00519f67a17e609b,21974de3c45ef54f5024c6ddad79daa6c1385add1c7274053f4bbef96726b1f5
core_500step,openpangu,cmmlu,step_000500,raw_auc500,lower,powerlaw_shuffle_a06,iid_matched,1107,3,977.6902092471719,953.0397673510015,24.650441896170378,-24.650441896170378,openpangu__cmmlu__qv__powerlaw_shuffle_a06__s1107__n500,openpangu__cmmlu__qv__iid_matched__s1107__n500,10970b49a877fc36293e8e482a2978c9669f78e8f8f62f8c2591251952774558,b3558912755da6f91d39a81e241c927f7ced1f2ac8d6bdf129c54d0f004a74f4
core_500step,openpangu,gsm8k,step_000500,final_train_loss,lower,iid_matched,peft_default,42,3,1.2931239306926727,1.2999781593680382,-0.006854228675365448,0.006854228675365448,openpangu__gsm8k__qv__iid_matched__s42__n500,openpangu__gsm8k__qv__peft_default__s42__n500,56ab26e53ac5da03e785e13e433a143c0af3b96bd2320162d3ba3fe15e195812,5d9d4cc49e0c2d0dc5fcd99ec73762bde2b4bc7a1348271998e6daa9cadd4abd
core_500step,openpangu,gsm8k,step_000500,final_train_loss,lower,iid_matched,peft_default,123,3,1.2182727083563805,1.2765983939170837,-0.05832568556070328,0.05832568556070328,openpangu__gsm8k__qv__iid_matched__s123__n500,openpangu__gsm8k__qv__peft_default__s123__n500,bb4952ef7bbcdfc5acbf37f66779953bf3fc237df94aecb4d7ab210a1ca3fc87,8533f5b4a8d0cc65f958967374b1fe4d6cc2c073136555c339e8059cf358f34b
core_500step,openpangu,gsm8k,step_000500,final_train_loss,lower,iid_matched,peft_default,1107,3,1.066114641726017,1.0679179280996323,-0.001803286373615265,0.001803286373615265,openpangu__gsm8k__qv__iid_matched__s1107__n500,openpangu__gsm8k__qv__peft_default__s1107__n500,f72d0ed96525e6f78d23badf9cce1b89e8e89785e4643d395e1dd0bc0428226a,e7cd652d4bb5b160efbd87826e58bddd7f5070d0ea682a56834c91cbedc740f4
core_500step,openpangu,gsm8k,step_000500,final_train_loss,lower,powerlaw_global_a06,peft_default,42,3,1.323752999305725,1.2999781593680382,0.02377483993768692,-0.02377483993768692,openpangu__gsm8k__qv__powerlaw_global_a06__s42__n500,openpangu__gsm8k__qv__peft_default__s42__n500,8ce97a27bb082c9e84a940ff250c11cf24895f20894fa5158a9ccb7fb9030f13,5d9d4cc49e0c2d0dc5fcd99ec73762bde2b4bc7a1348271998e6daa9cadd4abd
core_500step,openpangu,gsm8k,step_000500,final_train_loss,lower,powerlaw_global_a06,peft_default,123,3,1.2640672028064728,1.2765983939170837,-0.012531191110610962,0.012531191110610962,openpangu__gsm8k__qv__powerlaw_global_a06__s123__n500,openpangu__gsm8k__qv__peft_default__s123__n500,efd41ce4dc2fc66526578368084ded25cd89b395bec34a0f4ed7286e251713fc,8533f5b4a8d0cc65f958967374b1fe4d6cc2c073136555c339e8059cf358f34b
core_500step,openpangu,gsm8k,step_000500,final_train_loss,lower,powerlaw_global_a06,peft_default,1107,3,1.0702728405594826,1.0679179280996323,0.0023549124598503113,-0.0023549124598503113,openpangu__gsm8k__qv__powerlaw_global_a06__s1107__n500,openpangu__gsm8k__qv__peft_default__s1107__n500,6a4850f9bf04634f8bc9a6c8f47601bd1c096a9ff3adb3456f0f1542f1034db9,e7cd652d4bb5b160efbd87826e58bddd7f5070d0ea682a56834c91cbedc740f4
core_500step,openpangu,gsm8k,step_000500,final_train_loss,lower,powerlaw_shuffle_a06,peft_default,42,3,1.3223129138350487,1.2999781593680382,0.022334754467010498,-0.022334754467010498,openpangu__gsm8k__qv__powerlaw_shuffle_a06__s42__n500,openpangu__gsm8k__qv__peft_default__s42__n500,af3a426cfc40675244ab99b3c74002435a55cafedfaf50f847cde5e2cc6d6eca,5d9d4cc49e0c2d0dc5fcd99ec73762bde2b4bc7a1348271998e6daa9cadd4abd
core_500step,openpangu,gsm8k,step_000500,final_train_loss,lower,powerlaw_shuffle_a06,peft_default,123,3,1.2686872333288193,1.2765983939170837,-0.007911160588264465,0.007911160588264465,openpangu__gsm8k__qv__powerlaw_shuffle_a06__s123__n500,openpangu__gsm8k__qv__peft_default__s123__n500,79d87fcaa430893a21e3488bb8b3df78250bcad97c6aebcc4e6492d50a5aedc9,8533f5b4a8d0cc65f958967374b1fe4d6cc2c073136555c339e8059cf358f34b
core_500step,openpangu,gsm8k,step_000500,final_train_loss,lower,powerlaw_shuffle_a06,peft_default,1107,3,1.033091276884079,1.0679179280996323,-0.034826651215553284,0.034826651215553284,openpangu__gsm8k__qv__powerlaw_shuffle_a06__s1107__n500,openpangu__gsm8k__qv__peft_default__s1107__n500,a840c456048c55441e690277989a1a2424badfee48b344c7704572e9a6caff94,e7cd652d4bb5b160efbd87826e58bddd7f5070d0ea682a56834c91cbedc740f4
core_500step,openpangu,gsm8k,step_000500,final_train_loss,lower,peft_default,iid_matched,42,3,1.2999781593680382,1.2931239306926727,0.006854228675365448,-0.006854228675365448,openpangu__gsm8k__qv__peft_default__s42__n500,openpangu__gsm8k__qv__iid_matched__s42__n500,5d9d4cc49e0c2d0dc5fcd99ec73762bde2b4bc7a1348271998e6daa9cadd4abd,56ab26e53ac5da03e785e13e433a143c0af3b96bd2320162d3ba3fe15e195812
core_500step,openpangu,gsm8k,step_000500,final_train_loss,lower,peft_default,iid_matched,123,3,1.2765983939170837,1.2182727083563805,0.05832568556070328,-0.05832568556070328,openpangu__gsm8k__qv__peft_default__s123__n500,openpangu__gsm8k__qv__iid_matched__s123__n500,8533f5b4a8d0cc65f958967374b1fe4d6cc2c073136555c339e8059cf358f34b,bb4952ef7bbcdfc5acbf37f66779953bf3fc237df94aecb4d7ab210a1ca3fc87
core_500step,openpangu,gsm8k,step_000500,final_train_loss,lower,peft_default,iid_matched,1107,3,1.0679179280996323,1.066114641726017,0.001803286373615265,-0.001803286373615265,openpangu__gsm8k__qv__peft_default__s1107__n500,openpangu__gsm8k__qv__iid_matched__s1107__n500,e7cd652d4bb5b160efbd87826e58bddd7f5070d0ea682a56834c91cbedc740f4,f72d0ed96525e6f78d23badf9cce1b89e8e89785e4643d395e1dd0bc0428226a
core_500step,openpangu,gsm8k,step_000500,final_train_loss,lower,powerlaw_global_a06,iid_matched,42,3,1.323752999305725,1.2931239306926727,0.030629068613052368,-0.030629068613052368,openpangu__gsm8k__qv__powerlaw_global_a06__s42__n500,openpangu__gsm8k__qv__iid_matched__s42__n500,8ce97a27bb082c9e84a940ff250c11cf24895f20894fa5158a9ccb7fb9030f13,56ab26e53ac5da03e785e13e433a143c0af3b96bd2320162d3ba3fe15e195812
core_500step,openpangu,gsm8k,step_000500,final_train_loss,lower,powerlaw_global_a06,iid_matched,123,3,1.2640672028064728,1.2182727083563805,0.045794494450092316,-0.045794494450092316,openpangu__gsm8k__qv__powerlaw_global_a06__s123__n500,openpangu__gsm8k__qv__iid_matched__s123__n500,efd41ce4dc2fc66526578368084ded25cd89b395bec34a0f4ed7286e251713fc,bb4952ef7bbcdfc5acbf37f66779953bf3fc237df94aecb4d7ab210a1ca3fc87
core_500step,openpangu,gsm8k,step_000500,final_train_loss,lower,powerlaw_global_a06,iid_matched,1107,3,1.0702728405594826,1.066114641726017,0.004158198833465576,-0.004158198833465576,openpangu__gsm8k__qv__powerlaw_global_a06__s1107__n500,openpangu__gsm8k__qv__iid_matched__s1107__n500,6a4850f9bf04634f8bc9a6c8f47601bd1c096a9ff3adb3456f0f1542f1034db9,f72d0ed96525e6f78d23badf9cce1b89e8e89785e4643d395e1dd0bc0428226a
core_500step,openpangu,gsm8k,step_000500,final_train_loss,lower,powerlaw_shuffle_a06,iid_matched,42,3,1.3223129138350487,1.2931239306926727,0.029188983142375946,-0.029188983142375946,openpangu__gsm8k__qv__powerlaw_shuffle_a06__s42__n500,openpangu__gsm8k__qv__iid_matched__s42__n500,af3a426cfc40675244ab99b3c74002435a55cafedfaf50f847cde5e2cc6d6eca,56ab26e53ac5da03e785e13e433a143c0af3b96bd2320162d3ba3fe15e195812
core_500step,openpangu,gsm8k,step_000500,final_train_loss,lower,powerlaw_shuffle_a06,iid_matched,123,3,1.2686872333288193,1.2182727083563805,0.05041452497243881,-0.05041452497243881,openpangu__gsm8k__qv__powerlaw_shuffle_a06__s123__n500,openpangu__gsm8k__qv__iid_matched__s123__n500,79d87fcaa430893a21e3488bb8b3df78250bcad97c6aebcc4e6492d50a5aedc9,bb4952ef7bbcdfc5acbf37f66779953bf3fc237df94aecb4d7ab210a1ca3fc87
core_500step,openpangu,gsm8k,step_000500,final_train_loss,lower,powerlaw_shuffle_a06,iid_matched,1107,3,1.033091276884079,1.066114641726017,-0.03302336484193802,0.03302336484193802,openpangu__gsm8k__qv__powerlaw_shuffle_a06__s1107__n500,openpangu__gsm8k__qv__iid_matched__s1107__n500,a840c456048c55441e690277989a1a2424badfee48b344c7704572e9a6caff94,f72d0ed96525e6f78d23badf9cce1b89e8e89785e4643d395e1dd0bc0428226a
core_500step,openpangu,gsm8k,step_000500,raw_auc500,lower,iid_matched,peft_default,42,3,677.955697260797,707.8145488239825,-29.858851563185453,29.858851563185453,openpangu__gsm8k__qv__iid_matched__s42__n500,openpangu__gsm8k__qv__peft_default__s42__n500,56ab26e53ac5da03e785e13e433a143c0af3b96bd2320162d3ba3fe15e195812,5d9d4cc49e0c2d0dc5fcd99ec73762bde2b4bc7a1348271998e6daa9cadd4abd
core_500step,openpangu,gsm8k,step_000500,raw_auc500,lower,iid_matched,peft_default,123,3,683.8060391955078,715.1073744222522,-31.301335226744413,31.301335226744413,openpangu__gsm8k__qv__iid_matched__s123__n500,openpangu__gsm8k__qv__peft_default__s123__n500,bb4952ef7bbcdfc5acbf37f66779953bf3fc237df94aecb4d7ab210a1ca3fc87,8533f5b4a8d0cc65f958967374b1fe4d6cc2c073136555c339e8059cf358f34b
core_500step,openpangu,gsm8k,step_000500,raw_auc500,lower,iid_matched,peft_default,1107,3,694.8628866747022,710.6426748372614,-15.77978816255927,15.77978816255927,openpangu__gsm8k__qv__iid_matched__s1107__n500,openpangu__gsm8k__qv__peft_default__s1107__n500,f72d0ed96525e6f78d23badf9cce1b89e8e89785e4643d395e1dd0bc0428226a,e7cd652d4bb5b160efbd87826e58bddd7f5070d0ea682a56834c91cbedc740f4
core_500step,openpangu,gsm8k,step_000500,raw_auc500,lower,powerlaw_global_a06,peft_default,42,3,692.5004273466766,707.8145488239825,-15.31412147730589,15.31412147730589,openpangu__gsm8k__qv__powerlaw_global_a06__s42__n500,openpangu__gsm8k__qv__peft_default__s42__n500,8ce97a27bb082c9e84a940ff250c11cf24895f20894fa5158a9ccb7fb9030f13,5d9d4cc49e0c2d0dc5fcd99ec73762bde2b4bc7a1348271998e6daa9cadd4abd
core_500step,openpangu,gsm8k,step_000500,raw_auc500,lower,powerlaw_global_a06,peft_default,123,3,695.3500596359372,715.1073744222522,-19.757314786314964,19.757314786314964,openpangu__gsm8k__qv__powerlaw_global_a06__s123__n500,openpangu__gsm8k__qv__peft_default__s123__n500,efd41ce4dc2fc66526578368084ded25cd89b395bec34a0f4ed7286e251713fc,8533f5b4a8d0cc65f958967374b1fe4d6cc2c073136555c339e8059cf358f34b
core_500step,openpangu,gsm8k,step_000500,raw_auc500,lower,powerlaw_global_a06,peft_default,1107,3,694.2589408531785,710.6426748372614,-16.383733984082937,16.383733984082937,openpangu__gsm8k__qv__powerlaw_global_a06__s1107__n500,openpangu__gsm8k__qv__peft_default__s1107__n500,6a4850f9bf04634f8bc9a6c8f47601bd1c096a9ff3adb3456f0f1542f1034db9,e7cd652d4bb5b160efbd87826e58bddd7f5070d0ea682a56834c91cbedc740f4
core_500step,openpangu,gsm8k,step_000500,raw_auc500,lower,powerlaw_shuffle_a06,peft_default,42,3,690.7939393445849,707.8145488239825,-17.020609479397535,17.020609479397535,openpangu__gsm8k__qv__powerlaw_shuffle_a06__s42__n500,openpangu__gsm8k__qv__peft_default__s42__n500,af3a426cfc40675244ab99b3c74002435a55cafedfaf50f847cde5e2cc6d6eca,5d9d4cc49e0c2d0dc5fcd99ec73762bde2b4bc7a1348271998e6daa9cadd4abd
core_500step,openpangu,gsm8k,step_000500,raw_auc500,lower,powerlaw_shuffle_a06,peft_default,123,3,700.514369495213,715.1073744222522,-14.593004927039146,14.593004927039146,openpangu__gsm8k__qv__powerlaw_shuffle_a06__s123__n500,openpangu__gsm8k__qv__peft_default__s123__n500,79d87fcaa430893a21e3488bb8b3df78250bcad97c6aebcc4e6492d50a5aedc9,8533f5b4a8d0cc65f958967374b1fe4d6cc2c073136555c339e8059cf358f34b
core_500step,openpangu,gsm8k,step_000500,raw_auc500,lower,powerlaw_shuffle_a06,peft_default,1107,3,688.5153098925948,710.6426748372614,-22.127364944666624,22.127364944666624,openpangu__gsm8k__qv__powerlaw_shuffle_a06__s1107__n500,openpangu__gsm8k__qv__peft_default__s1107__n500,a840c456048c55441e690277989a1a2424badfee48b344c7704572e9a6caff94,e7cd652d4bb5b160efbd87826e58bddd7f5070d0ea682a56834c91cbedc740f4
core_500step,openpangu,gsm8k,step_000500,raw_auc500,lower,peft_default,iid_matched,42,3,707.8145488239825,677.955697260797,29.858851563185453,-29.858851563185453,openpangu__gsm8k__qv__peft_default__s42__n500,openpangu__gsm8k__qv__iid_matched__s42__n500,5d9d4cc49e0c2d0dc5fcd99ec73762bde2b4bc7a1348271998e6daa9cadd4abd,56ab26e53ac5da03e785e13e433a143c0af3b96bd2320162d3ba3fe15e195812
core_500step,openpangu,gsm8k,step_000500,raw_auc500,lower,peft_default,iid_matched,123,3,715.1073744222522,683.8060391955078,31.301335226744413,-31.301335226744413,openpangu__gsm8k__qv__peft_default__s123__n500,openpangu__gsm8k__qv__iid_matched__s123__n500,8533f5b4a8d0cc65f958967374b1fe4d6cc2c073136555c339e8059cf358f34b,bb4952ef7bbcdfc5acbf37f66779953bf3fc237df94aecb4d7ab210a1ca3fc87
core_500step,openpangu,gsm8k,step_000500,raw_auc500,lower,peft_default,iid_matched,1107,3,710.6426748372614,694.8628866747022,15.77978816255927,-15.77978816255927,openpangu__gsm8k__qv__peft_default__s1107__n500,openpangu__gsm8k__qv__iid_matched__s1107__n500,e7cd652d4bb5b160efbd87826e58bddd7f5070d0ea682a56834c91cbedc740f4,f72d0ed96525e6f78d23badf9cce1b89e8e89785e4643d395e1dd0bc0428226a
core_500step,openpangu,gsm8k,step_000500,raw_auc500,lower,powerlaw_global_a06,iid_matched,42,3,692.5004273466766,677.955697260797,14.544730085879564,-14.544730085879564,openpangu__gsm8k__qv__powerlaw_global_a06__s42__n500,openpangu__gsm8k__qv__iid_matched__s42__n500,8ce97a27bb082c9e84a940ff250c11cf24895f20894fa5158a9ccb7fb9030f13,56ab26e53ac5da03e785e13e433a143c0af3b96bd2320162d3ba3fe15e195812
core_500step,openpangu,gsm8k,step_000500,raw_auc500,lower,powerlaw_global_a06,iid_matched,123,3,695.3500596359372,683.8060391955078,11.544020440429449,-11.544020440429449,openpangu__gsm8k__qv__powerlaw_global_a06__s123__n500,openpangu__gsm8k__qv__iid_matched__s123__n500,efd41ce4dc2fc66526578368084ded25cd89b395bec34a0f4ed7286e251713fc,bb4952ef7bbcdfc5acbf37f66779953bf3fc237df94aecb4d7ab210a1ca3fc87
core_500step,openpangu,gsm8k,step_000500,raw_auc500,lower,powerlaw_global_a06,iid_matched,1107,3,694.2589408531785,694.8628866747022,-0.6039458215236664,0.6039458215236664,openpangu__gsm8k__qv__powerlaw_global_a06__s1107__n500,openpangu__gsm8k__qv__iid_matched__s1107__n500,6a4850f9bf04634f8bc9a6c8f47601bd1c096a9ff3adb3456f0f1542f1034db9,f72d0ed96525e6f78d23badf9cce1b89e8e89785e4643d395e1dd0bc0428226a
core_500step,openpangu,gsm8k,step_000500,raw_auc500,lower,powerlaw_shuffle_a06,iid_matched,42,3,690.7939393445849,677.955697260797,12.838242083787918,-12.838242083787918,openpangu__gsm8k__qv__powerlaw_shuffle_a06__s42__n500,openpangu__gsm8k__qv__iid_matched__s42__n500,af3a426cfc40675244ab99b3c74002435a55cafedfaf50f847cde5e2cc6d6eca,56ab26e53ac5da03e785e13e433a143c0af3b96bd2320162d3ba3fe15e195812
core_500step,openpangu,gsm8k,step_000500,raw_auc500,lower,powerlaw_shuffle_a06,iid_matched,123,3,700.514369495213,683.8060391955078,16.708330299705267,-16.708330299705267,openpangu__gsm8k__qv__powerlaw_shuffle_a06__s123__n500,openpangu__gsm8k__qv__iid_matched__s123__n500,79d87fcaa430893a21e3488bb8b3df78250bcad97c6aebcc4e6492d50a5aedc9,bb4952ef7bbcdfc5acbf37f66779953bf3fc237df94aecb4d7ab210a1ca3fc87
core_500step,openpangu,gsm8k,step_000500,raw_auc500,lower,powerlaw_shuffle_a06,iid_matched,1107,3,688.5153098925948,694.8628866747022,-6.347576782107353,6.347576782107353,openpangu__gsm8k__qv__powerlaw_shuffle_a06__s1107__n500,openpangu__gsm8k__qv__iid_matched__s1107__n500,a840c456048c55441e690277989a1a2424badfee48b344c7704572e9a6caff94,f72d0ed96525e6f78d23badf9cce1b89e8e89785e4643d395e1dd0bc0428226a
core_500step,openpangu,mbpp,step_000500,final_train_loss,lower,iid_matched,peft_default,42,3,0.7478105127811432,0.8093283325433731,-0.06151781976222992,0.06151781976222992,openpangu__mbpp__qv__iid_matched__s42__n500,openpangu__mbpp__qv__peft_default__s42__n500,6ba3e0ffe6052bab630a876e65cc902601c4a5857ea897688f3b4f5984978fa1,4534d4607d41936f5367481fa4cc55815fb5cae1d455e586e27ec1a642c39fa5
core_500step,openpangu,mbpp,step_000500,final_train_loss,lower,iid_matched,peft_default,123,3,0.8654309213161469,0.9628310315310955,-0.09740011021494865,0.09740011021494865,openpangu__mbpp__qv__iid_matched__s123__n500,openpangu__mbpp__qv__peft_default__s123__n500,031f3aa4db28c211b79ff4a430625b95df107e3551d03fe70a11559136b98ae9,020874281bdb659b6d09399e002cfa0c618bd9cded2bd609368e3902e8c80e93
core_500step,openpangu,mbpp,step_000500,final_train_loss,lower,iid_matched,peft_default,1107,3,0.9983697012066841,1.0498580783605576,-0.051488377153873444,0.051488377153873444,openpangu__mbpp__qv__iid_matched__s1107__n500,openpangu__mbpp__qv__peft_default__s1107__n500,559050dc48581ef404b996f7214d508311ad0d7c29cc1596c06308a07baf5cba,3fed568ccd55853cf580b1d229061986eb130054b3d71d7399aef31a056a5aaf
core_500step,openpangu,mbpp,step_000500,final_train_loss,lower,powerlaw_global_a06,peft_default,42,3,0.7975674867630005,0.8093283325433731,-0.01176084578037262,0.01176084578037262,openpangu__mbpp__qv__powerlaw_global_a06__s42__n500,openpangu__mbpp__qv__peft_default__s42__n500,8fc9e3b09696be40cbc1edd175de6df79d6961d7266efb4dc70de7b97f0c9c2a,4534d4607d41936f5367481fa4cc55815fb5cae1d455e586e27ec1a642c39fa5
core_500step,openpangu,mbpp,step_000500,final_train_loss,lower,powerlaw_global_a06,peft_default,123,3,0.8675957880914211,0.9628310315310955,-0.09523524343967438,0.09523524343967438,openpangu__mbpp__qv__powerlaw_global_a06__s123__n500,openpangu__mbpp__qv__peft_default__s123__n500,d69522d90cc60312f0e1c12c4a8714b8c2a0740077441b2f71b9c27c2826d47f,020874281bdb659b6d09399e002cfa0c618bd9cded2bd609368e3902e8c80e93
core_500step,openpangu,mbpp,step_000500,final_train_loss,lower,powerlaw_global_a06,peft_default,1107,3,1.010593205690384,1.0498580783605576,-0.039264872670173645,0.039264872670173645,openpangu__mbpp__qv__powerlaw_global_a06__s1107__n500,openpangu__mbpp__qv__peft_default__s1107__n500,87c3e3fd00cc3a151e37fdfcdde77fe03c0da542ae86d687e2a6168538c0a8b9,3fed568ccd55853cf580b1d229061986eb130054b3d71d7399aef31a056a5aaf
core_500step,openpangu,mbpp,step_000500,final_train_loss,lower,powerlaw_shuffle_a06,peft_default,42,3,0.7571273595094681,0.8093283325433731,-0.05220097303390503,0.05220097303390503,openpangu__mbpp__qv__powerlaw_shuffle_a06__s42__n500,openpangu__mbpp__qv__peft_default__s42__n500,a3769be2011ef74ef5451c58c0165ffba1fb48db60ff51d2e6eba68f837cf4fd,4534d4607d41936f5367481fa4cc55815fb5cae1d455e586e27ec1a642c39fa5
core_500step,openpangu,mbpp,step_000500,final_train_loss,lower,powerlaw_shuffle_a06,peft_default,123,3,0.8817658759653568,0.9628310315310955,-0.08106515556573868,0.08106515556573868,openpangu__mbpp__qv__powerlaw_shuffle_a06__s123__n500,openpangu__mbpp__qv__peft_default__s123__n500,33834e0388d787b8d836eda8ab0e57c6324d302a30ec2ce7dffba184957a7b20,020874281bdb659b6d09399e002cfa0c618bd9cded2bd609368e3902e8c80e93
core_500step,openpangu,mbpp,step_000500,final_train_loss,lower,powerlaw_shuffle_a06,peft_default,1107,3,0.9494223743677139,1.0498580783605576,-0.10043570399284363,0.10043570399284363,openpangu__mbpp__qv__powerlaw_shuffle_a06__s1107__n500,openpangu__mbpp__qv__peft_default__s1107__n500,8e56a2343ffd46a2f4dfa0a1db3a3c29e3b4b9b1217ef87a606d38914d12a99b,3fed568ccd55853cf580b1d229061986eb130054b3d71d7399aef31a056a5aaf
core_500step,openpangu,mbpp,step_000500,final_train_loss,lower,peft_default,iid_matched,42,3,0.8093283325433731,0.7478105127811432,0.06151781976222992,-0.06151781976222992,openpangu__mbpp__qv__peft_default__s42__n500,openpangu__mbpp__qv__iid_matched__s42__n500,4534d4607d41936f5367481fa4cc55815fb5cae1d455e586e27ec1a642c39fa5,6ba3e0ffe6052bab630a876e65cc902601c4a5857ea897688f3b4f5984978fa1
core_500step,openpangu,mbpp,step_000500,final_train_loss,lower,peft_default,iid_matched,123,3,0.9628310315310955,0.8654309213161469,0.09740011021494865,-0.09740011021494865,openpangu__mbpp__qv__peft_default__s123__n500,openpangu__mbpp__qv__iid_matched__s123__n500,020874281bdb659b6d09399e002cfa0c618bd9cded2bd609368e3902e8c80e93,031f3aa4db28c211b79ff4a430625b95df107e3551d03fe70a11559136b98ae9
core_500step,openpangu,mbpp,step_000500,final_train_loss,lower,peft_default,iid_matched,1107,3,1.0498580783605576,0.9983697012066841,0.051488377153873444,-0.051488377153873444,openpangu__mbpp__qv__peft_default__s1107__n500,openpangu__mbpp__qv__iid_matched__s1107__n500,3fed568ccd55853cf580b1d229061986eb130054b3d71d7399aef31a056a5aaf,559050dc48581ef404b996f7214d508311ad0d7c29cc1596c06308a07baf5cba
core_500step,openpangu,mbpp,step_000500,final_train_loss,lower,powerlaw_global_a06,iid_matched,42,3,0.7975674867630005,0.7478105127811432,0.0497569739818573,-0.0497569739818573,openpangu__mbpp__qv__powerlaw_global_a06__s42__n500,openpangu__mbpp__qv__iid_matched__s42__n500,8fc9e3b09696be40cbc1edd175de6df79d6961d7266efb4dc70de7b97f0c9c2a,6ba3e0ffe6052bab630a876e65cc902601c4a5857ea897688f3b4f5984978fa1
core_500step,openpangu,mbpp,step_000500,final_train_loss,lower,powerlaw_global_a06,iid_matched,123,3,0.8675957880914211,0.8654309213161469,0.0021648667752742767,-0.0021648667752742767,openpangu__mbpp__qv__powerlaw_global_a06__s123__n500,openpangu__mbpp__qv__iid_matched__s123__n500,d69522d90cc60312f0e1c12c4a8714b8c2a0740077441b2f71b9c27c2826d47f,031f3aa4db28c211b79ff4a430625b95df107e3551d03fe70a11559136b98ae9
core_500step,openpangu,mbpp,step_000500,final_train_loss,lower,powerlaw_global_a06,iid_matched,1107,3,1.010593205690384,0.9983697012066841,0.012223504483699799,-0.012223504483699799,openpangu__mbpp__qv__powerlaw_global_a06__s1107__n500,openpangu__mbpp__qv__iid_matched__s1107__n500,87c3e3fd00cc3a151e37fdfcdde77fe03c0da542ae86d687e2a6168538c0a8b9,559050dc48581ef404b996f7214d508311ad0d7c29cc1596c06308a07baf5cba
core_500step,openpangu,mbpp,step_000500,final_train_loss,lower,powerlaw_shuffle_a06,iid_matched,42,3,0.7571273595094681,0.7478105127811432,0.00931684672832489,-0.00931684672832489,openpangu__mbpp__qv__powerlaw_shuffle_a06__s42__n500,openpangu__mbpp__qv__iid_matched__s42__n500,a3769be2011ef74ef5451c58c0165ffba1fb48db60ff51d2e6eba68f837cf4fd,6ba3e0ffe6052bab630a876e65cc902601c4a5857ea897688f3b4f5984978fa1
core_500step,openpangu,mbpp,step_000500,final_train_loss,lower,powerlaw_shuffle_a06,iid_matched,123,3,0.8817658759653568,0.8654309213161469,0.016334954649209976,-0.016334954649209976,openpangu__mbpp__qv__powerlaw_shuffle_a06__s123__n500,openpangu__mbpp__qv__iid_matched__s123__n500,33834e0388d787b8d836eda8ab0e57c6324d302a30ec2ce7dffba184957a7b20,031f3aa4db28c211b79ff4a430625b95df107e3551d03fe70a11559136b98ae9
core_500step,openpangu,mbpp,step_000500,final_train_loss,lower,powerlaw_shuffle_a06,iid_matched,1107,3,0.9494223743677139,0.9983697012066841,-0.048947326838970184,0.048947326838970184,openpangu__mbpp__qv__powerlaw_shuffle_a06__s1107__n500,openpangu__mbpp__qv__iid_matched__s1107__n500,8e56a2343ffd46a2f4dfa0a1db3a3c29e3b4b9b1217ef87a606d38914d12a99b,559050dc48581ef404b996f7214d508311ad0d7c29cc1596c06308a07baf5cba
core_500step,openpangu,mbpp,step_000500,raw_auc500,lower,iid_matched,peft_default,42,3,689.7176444679499,733.6278385743499,-43.91019410640001,43.91019410640001,openpangu__mbpp__qv__iid_matched__s42__n500,openpangu__mbpp__qv__peft_default__s42__n500,6ba3e0ffe6052bab630a876e65cc902601c4a5857ea897688f3b4f5984978fa1,4534d4607d41936f5367481fa4cc55815fb5cae1d455e586e27ec1a642c39fa5
core_500step,openpangu,mbpp,step_000500,raw_auc500,lower,iid_matched,peft_default,123,3,708.4026573374867,735.0182444583625,-26.615587120875716,26.615587120875716,openpangu__mbpp__qv__iid_matched__s123__n500,openpangu__mbpp__qv__peft_default__s123__n500,031f3aa4db28c211b79ff4a430625b95df107e3551d03fe70a11559136b98ae9,020874281bdb659b6d09399e002cfa0c618bd9cded2bd609368e3902e8c80e93
core_500step,openpangu,mbpp,step_000500,raw_auc500,lower,iid_matched,peft_default,1107,3,710.9522930569947,731.8284840583801,-20.87619100138545,20.87619100138545,openpangu__mbpp__qv__iid_matched__s1107__n500,openpangu__mbpp__qv__peft_default__s1107__n500,559050dc48581ef404b996f7214d508311ad0d7c29cc1596c06308a07baf5cba,3fed568ccd55853cf580b1d229061986eb130054b3d71d7399aef31a056a5aaf
core_500step,openpangu,mbpp,step_000500,raw_auc500,lower,powerlaw_global_a06,peft_default,42,3,705.9415507540107,733.6278385743499,-27.686287820339203,27.686287820339203,openpangu__mbpp__qv__powerlaw_global_a06__s42__n500,openpangu__mbpp__qv__peft_default__s42__n500,8fc9e3b09696be40cbc1edd175de6df79d6961d7266efb4dc70de7b97f0c9c2a,4534d4607d41936f5367481fa4cc55815fb5cae1d455e586e27ec1a642c39fa5
core_500step,openpangu,mbpp,step_000500,raw_auc500,lower,powerlaw_global_a06,peft_default,123,3,700.3282101769,735.0182444583625,-34.69003428146243,34.69003428146243,openpangu__mbpp__qv__powerlaw_global_a06__s123__n500,openpangu__mbpp__qv__peft_default__s123__n500,d69522d90cc60312f0e1c12c4a8714b8c2a0740077441b2f71b9c27c2826d47f,020874281bdb659b6d09399e002cfa0c618bd9cded2bd609368e3902e8c80e93
core_500step,openpangu,mbpp,step_000500,raw_auc500,lower,powerlaw_global_a06,peft_default,1107,3,723.1452038921416,731.8284840583801,-8.683280166238546,8.683280166238546,openpangu__mbpp__qv__powerlaw_global_a06__s1107__n500,openpangu__mbpp__qv__peft_default__s1107__n500,87c3e3fd00cc3a151e37fdfcdde77fe03c0da542ae86d687e2a6168538c0a8b9,3fed568ccd55853cf580b1d229061986eb130054b3d71d7399aef31a056a5aaf
core_500step,openpangu,mbpp,step_000500,raw_auc500,lower,powerlaw_shuffle_a06,peft_default,42,3,706.3034989386797,733.6278385743499,-27.324339635670185,27.324339635670185,openpangu__mbpp__qv__powerlaw_shuffle_a06__s42__n500,openpangu__mbpp__qv__peft_default__s42__n500,a3769be2011ef74ef5451c58c0165ffba1fb48db60ff51d2e6eba68f837cf4fd,4534d4607d41936f5367481fa4cc55815fb5cae1d455e586e27ec1a642c39fa5
core_500step,openpangu,mbpp,step_000500,raw_auc500,lower,powerlaw_shuffle_a06,peft_default,123,3,707.6269945185632,735.0182444583625,-27.39124993979931,27.39124993979931,openpangu__mbpp__qv__powerlaw_shuffle_a06__s123__n500,openpangu__mbpp__qv__peft_default__s123__n500,33834e0388d787b8d836eda8ab0e57c6324d302a30ec2ce7dffba184957a7b20,020874281bdb659b6d09399e002cfa0c618bd9cded2bd609368e3902e8c80e93
core_500step,openpangu,mbpp,step_000500,raw_auc500,lower,powerlaw_shuffle_a06,peft_default,1107,3,706.2955091968179,731.8284840583801,-25.532974861562252,25.532974861562252,openpangu__mbpp__qv__powerlaw_shuffle_a06__s1107__n500,openpangu__mbpp__qv__peft_default__s1107__n500,8e56a2343ffd46a2f4dfa0a1db3a3c29e3b4b9b1217ef87a606d38914d12a99b,3fed568ccd55853cf580b1d229061986eb130054b3d71d7399aef31a056a5aaf
core_500step,openpangu,mbpp,step_000500,raw_auc500,lower,peft_default,iid_matched,42,3,733.6278385743499,689.7176444679499,43.91019410640001,-43.91019410640001,openpangu__mbpp__qv__peft_default__s42__n500,openpangu__mbpp__qv__iid_matched__s42__n500,4534d4607d41936f5367481fa4cc55815fb5cae1d455e586e27ec1a642c39fa5,6ba3e0ffe6052bab630a876e65cc902601c4a5857ea897688f3b4f5984978fa1
core_500step,openpangu,mbpp,step_000500,raw_auc500,lower,peft_default,iid_matched,123,3,735.0182444583625,708.4026573374867,26.615587120875716,-26.615587120875716,openpangu__mbpp__qv__peft_default__s123__n500,openpangu__mbpp__qv__iid_matched__s123__n500,020874281bdb659b6d09399e002cfa0c618bd9cded2bd609368e3902e8c80e93,031f3aa4db28c211b79ff4a430625b95df107e3551d03fe70a11559136b98ae9
core_500step,openpangu,mbpp,step_000500,raw_auc500,lower,peft_default,iid_matched,1107,3,731.8284840583801,710.9522930569947,20.87619100138545,-20.87619100138545,openpangu__mbpp__qv__peft_default__s1107__n500,openpangu__mbpp__qv__iid_matched__s1107__n500,3fed568ccd55853cf580b1d229061986eb130054b3d71d7399aef31a056a5aaf,559050dc48581ef404b996f7214d508311ad0d7c29cc1596c06308a07baf5cba
core_500step,openpangu,mbpp,step_000500,raw_auc500,lower,powerlaw_global_a06,iid_matched,42,3,705.9415507540107,689.7176444679499,16.22390628606081,-16.22390628606081,openpangu__mbpp__qv__powerlaw_global_a06__s42__n500,openpangu__mbpp__qv__iid_matched__s42__n500,8fc9e3b09696be40cbc1edd175de6df79d6961d7266efb4dc70de7b97f0c9c2a,6ba3e0ffe6052bab630a876e65cc902601c4a5857ea897688f3b4f5984978fa1
core_500step,openpangu,mbpp,step_000500,raw_auc500,lower,powerlaw_global_a06,iid_matched,123,3,700.3282101769,708.4026573374867,-8.074447160586715,8.074447160586715,openpangu__mbpp__qv__powerlaw_global_a06__s123__n500,openpangu__mbpp__qv__iid_matched__s123__n500,d69522d90cc60312f0e1c12c4a8714b8c2a0740077441b2f71b9c27c2826d47f,031f3aa4db28c211b79ff4a430625b95df107e3551d03fe70a11559136b98ae9
core_500step,openpangu,mbpp,step_000500,raw_auc500,lower,powerlaw_global_a06,iid_matched,1107,3,723.1452038921416,710.9522930569947,12.192910835146904,-12.192910835146904,openpangu__mbpp__qv__powerlaw_global_a06__s1107__n500,openpangu__mbpp__qv__iid_matched__s1107__n500,87c3e3fd00cc3a151e37fdfcdde77fe03c0da542ae86d687e2a6168538c0a8b9,559050dc48581ef404b996f7214d508311ad0d7c29cc1596c06308a07baf5cba
core_500step,openpangu,mbpp,step_000500,raw_auc500,lower,powerlaw_shuffle_a06,iid_matched,42,3,706.3034989386797,689.7176444679499,16.585854470729828,-16.585854470729828,openpangu__mbpp__qv__powerlaw_shuffle_a06__s42__n500,openpangu__mbpp__qv__iid_matched__s42__n500,a3769be2011ef74ef5451c58c0165ffba1fb48db60ff51d2e6eba68f837cf4fd,6ba3e0ffe6052bab630a876e65cc902601c4a5857ea897688f3b4f5984978fa1
core_500step,openpangu,mbpp,step_000500,raw_auc500,lower,powerlaw_shuffle_a06,iid_matched,123,3,707.6269945185632,708.4026573374867,-0.7756628189235926,0.7756628189235926,openpangu__mbpp__qv__powerlaw_shuffle_a06__s123__n500,openpangu__mbpp__qv__iid_matched__s123__n500,33834e0388d787b8d836eda8ab0e57c6324d302a30ec2ce7dffba184957a7b20,031f3aa4db28c211b79ff4a430625b95df107e3551d03fe70a11559136b98ae9
core_500step,openpangu,mbpp,step_000500,raw_auc500,lower,powerlaw_shuffle_a06,iid_matched,1107,3,706.2955091968179,710.9522930569947,-4.656783860176802,4.656783860176802,openpangu__mbpp__qv__powerlaw_shuffle_a06__s1107__n500,openpangu__mbpp__qv__iid_matched__s1107__n500,8e56a2343ffd46a2f4dfa0a1db3a3c29e3b4b9b1217ef87a606d38914d12a99b,559050dc48581ef404b996f7214d508311ad0d7c29cc1596c06308a07baf5cba
core_500step,openpangu,sharegpt,step_000500,final_train_loss,lower,iid_matched,peft_default,42,3,1.2781193852424622,1.286697693169117,-0.008578307926654816,0.008578307926654816,openpangu__sharegpt__qv__iid_matched__s42__n500,openpangu__sharegpt__qv__peft_default__s42__n500,14c3d6390ea312c67d05b5ce143de683140709fdd78fa8ce0fc983d2c7aa9066,bde8c6d542a2b60a5ed418414a1327da9a894fed758d4bba89bb6455869f13f9
core_500step,openpangu,sharegpt,step_000500,final_train_loss,lower,iid_matched,peft_default,123,3,1.2203398123383522,1.2357170656323433,-0.015377253293991089,0.015377253293991089,openpangu__sharegpt__qv__iid_matched__s123__n500,openpangu__sharegpt__qv__peft_default__s123__n500,a51c2ddaa58a66e7d4168340c261b086b0d854887ecd27c8e2027d51a175b0c6,f19f8eb2b8a29adf2a4c3c4fbeebe2bb54cd0855e31fea7a5234c302b0f8240e
core_500step,openpangu,sharegpt,step_000500,final_train_loss,lower,iid_matched,peft_default,1107,3,1.394765093922615,1.4013167321681976,-0.006551638245582581,0.006551638245582581,openpangu__sharegpt__qv__iid_matched__s1107__n500,openpangu__sharegpt__qv__peft_default__s1107__n500,fa69834a2fec21cf482213dfbd6a29b40df1177b8c39ba580ba485312ee56de1,455b2a1cf16b9499832ad09f8940110e8e8fbaf7a7956ae97fdc843a8f8e3072
core_500step,openpangu,sharegpt,step_000500,final_train_loss,lower,powerlaw_global_a06,peft_default,42,3,1.2800626680254936,1.286697693169117,-0.006635025143623352,0.006635025143623352,openpangu__sharegpt__qv__powerlaw_global_a06__s42__n500,openpangu__sharegpt__qv__peft_default__s42__n500,5bd7f13c3b47ed3604e92b7bd3ceee5f8813f0a615400a0fd7a1b02b55e7400e,bde8c6d542a2b60a5ed418414a1327da9a894fed758d4bba89bb6455869f13f9
core_500step,openpangu,sharegpt,step_000500,final_train_loss,lower,powerlaw_global_a06,peft_default,123,3,1.2176953554153442,1.2357170656323433,-0.018021710216999054,0.018021710216999054,openpangu__sharegpt__qv__powerlaw_global_a06__s123__n500,openpangu__sharegpt__qv__peft_default__s123__n500,eaabbd23753ac3ac6347433b03825e95d5b4e75b0c3537ff472bd980122a7507,f19f8eb2b8a29adf2a4c3c4fbeebe2bb54cd0855e31fea7a5234c302b0f8240e
core_500step,openpangu,sharegpt,step_000500,final_train_loss,lower,powerlaw_global_a06,peft_default,1107,3,1.3959071040153503,1.4013167321681976,-0.00540962815284729,0.00540962815284729,openpangu__sharegpt__qv__powerlaw_global_a06__s1107__n500,openpangu__sharegpt__qv__peft_default__s1107__n500,6c82e0a682f777ca5a3925d63f8567cd26a83f45000f10c451f28d8d54e25c63,455b2a1cf16b9499832ad09f8940110e8e8fbaf7a7956ae97fdc843a8f8e3072
core_500step,openpangu,sharegpt,step_000500,final_train_loss,lower,powerlaw_shuffle_a06,peft_default,42,3,1.2775226160883904,1.286697693169117,-0.009175077080726624,0.009175077080726624,openpangu__sharegpt__qv__powerlaw_shuffle_a06__s42__n500,openpangu__sharegpt__qv__peft_default__s42__n500,c0424be8459133bff0ba32b740c307fd7df22a86ebd8e4cd6d7f87acba555dab,bde8c6d542a2b60a5ed418414a1327da9a894fed758d4bba89bb6455869f13f9
core_500step,openpangu,sharegpt,step_000500,final_train_loss,lower,powerlaw_shuffle_a06,peft_default,123,3,1.2243341356515884,1.2357170656323433,-0.011382929980754852,0.011382929980754852,openpangu__sharegpt__qv__powerlaw_shuffle_a06__s123__n500,openpangu__sharegpt__qv__peft_default__s123__n500,1d233f3a80ad3580e54270012e9510bf1036f26b5c73b787775246f4aa1fd0c3,f19f8eb2b8a29adf2a4c3c4fbeebe2bb54cd0855e31fea7a5234c302b0f8240e
core_500step,openpangu,sharegpt,step_000500,final_train_loss,lower,powerlaw_shuffle_a06,peft_default,1107,3,1.3935266360640526,1.4013167321681976,-0.00779009610414505,0.00779009610414505,openpangu__sharegpt__qv__powerlaw_shuffle_a06__s1107__n500,openpangu__sharegpt__qv__peft_default__s1107__n500,400766f223bfa3fdade78e0c9eb2c74e28cbb21b35d5719cf9b4759cfd39b932,455b2a1cf16b9499832ad09f8940110e8e8fbaf7a7956ae97fdc843a8f8e3072
core_500step,openpangu,sharegpt,step_000500,final_train_loss,lower,peft_default,iid_matched,42,3,1.286697693169117,1.2781193852424622,0.008578307926654816,-0.008578307926654816,openpangu__sharegpt__qv__peft_default__s42__n500,openpangu__sharegpt__qv__iid_matched__s42__n500,bde8c6d542a2b60a5ed418414a1327da9a894fed758d4bba89bb6455869f13f9,14c3d6390ea312c67d05b5ce143de683140709fdd78fa8ce0fc983d2c7aa9066
core_500step,openpangu,sharegpt,step_000500,final_train_loss,lower,peft_default,iid_matched,123,3,1.2357170656323433,1.2203398123383522,0.015377253293991089,-0.015377253293991089,openpangu__sharegpt__qv__peft_default__s123__n500,openpangu__sharegpt__qv__iid_matched__s123__n500,f19f8eb2b8a29adf2a4c3c4fbeebe2bb54cd0855e31fea7a5234c302b0f8240e,a51c2ddaa58a66e7d4168340c261b086b0d854887ecd27c8e2027d51a175b0c6
core_500step,openpangu,sharegpt,step_000500,final_train_loss,lower,peft_default,iid_matched,1107,3,1.4013167321681976,1.394765093922615,0.006551638245582581,-0.006551638245582581,openpangu__sharegpt__qv__peft_default__s1107__n500,openpangu__sharegpt__qv__iid_matched__s1107__n500,455b2a1cf16b9499832ad09f8940110e8e8fbaf7a7956ae97fdc843a8f8e3072,fa69834a2fec21cf482213dfbd6a29b40df1177b8c39ba580ba485312ee56de1
core_500step,openpangu,sharegpt,step_000500,final_train_loss,lower,powerlaw_global_a06,iid_matched,42,3,1.2800626680254936,1.2781193852424622,0.0019432827830314636,-0.0019432827830314636,openpangu__sharegpt__qv__powerlaw_global_a06__s42__n500,openpangu__sharegpt__qv__iid_matched__s42__n500,5bd7f13c3b47ed3604e92b7bd3ceee5f8813f0a615400a0fd7a1b02b55e7400e,14c3d6390ea312c67d05b5ce143de683140709fdd78fa8ce0fc983d2c7aa9066
core_500step,openpangu,sharegpt,step_000500,final_train_loss,lower,powerlaw_global_a06,iid_matched,123,3,1.2176953554153442,1.2203398123383522,-0.002644456923007965,0.002644456923007965,openpangu__sharegpt__qv__powerlaw_global_a06__s123__n500,openpangu__sharegpt__qv__iid_matched__s123__n500,eaabbd23753ac3ac6347433b03825e95d5b4e75b0c3537ff472bd980122a7507,a51c2ddaa58a66e7d4168340c261b086b0d854887ecd27c8e2027d51a175b0c6
core_500step,openpangu,sharegpt,step_000500,final_train_loss,lower,powerlaw_global_a06,iid_matched,1107,3,1.3959071040153503,1.394765093922615,0.0011420100927352905,-0.0011420100927352905,openpangu__sharegpt__qv__powerlaw_global_a06__s1107__n500,openpangu__sharegpt__qv__iid_matched__s1107__n500,6c82e0a682f777ca5a3925d63f8567cd26a83f45000f10c451f28d8d54e25c63,fa69834a2fec21cf482213dfbd6a29b40df1177b8c39ba580ba485312ee56de1
core_500step,openpangu,sharegpt,step_000500,final_train_loss,lower,powerlaw_shuffle_a06,iid_matched,42,3,1.2775226160883904,1.2781193852424622,-0.0005967691540718079,0.0005967691540718079,openpangu__sharegpt__qv__powerlaw_shuffle_a06__s42__n500,openpangu__sharegpt__qv__iid_matched__s42__n500,c0424be8459133bff0ba32b740c307fd7df22a86ebd8e4cd6d7f87acba555dab,14c3d6390ea312c67d05b5ce143de683140709fdd78fa8ce0fc983d2c7aa9066
core_500step,openpangu,sharegpt,step_000500,final_train_loss,lower,powerlaw_shuffle_a06,iid_matched,123,3,1.2243341356515884,1.2203398123383522,0.003994323313236237,-0.003994323313236237,openpangu__sharegpt__qv__powerlaw_shuffle_a06__s123__n500,openpangu__sharegpt__qv__iid_matched__s123__n500,1d233f3a80ad3580e54270012e9510bf1036f26b5c73b787775246f4aa1fd0c3,a51c2ddaa58a66e7d4168340c261b086b0d854887ecd27c8e2027d51a175b0c6
core_500step,openpangu,sharegpt,step_000500,final_train_loss,lower,powerlaw_shuffle_a06,iid_matched,1107,3,1.3935266360640526,1.394765093922615,-0.0012384578585624695,0.0012384578585624695,openpangu__sharegpt__qv__powerlaw_shuffle_a06__s1107__n500,openpangu__sharegpt__qv__iid_matched__s1107__n500,400766f223bfa3fdade78e0c9eb2c74e28cbb21b35d5719cf9b4759cfd39b932,fa69834a2fec21cf482213dfbd6a29b40df1177b8c39ba580ba485312ee56de1
core_500step,openpangu,sharegpt,step_000500,raw_auc500,lower,iid_matched,peft_default,42,3,712.8318316452205,729.7130205370486,-16.88118889182806,16.88118889182806,openpangu__sharegpt__qv__iid_matched__s42__n500,openpangu__sharegpt__qv__peft_default__s42__n500,14c3d6390ea312c67d05b5ce143de683140709fdd78fa8ce0fc983d2c7aa9066,bde8c6d542a2b60a5ed418414a1327da9a894fed758d4bba89bb6455869f13f9
core_500step,openpangu,sharegpt,step_000500,raw_auc500,lower,iid_matched,peft_default,123,3,715.1028854213655,725.651787571609,-10.54890215024352,10.54890215024352,openpangu__sharegpt__qv__iid_matched__s123__n500,openpangu__sharegpt__qv__peft_default__s123__n500,a51c2ddaa58a66e7d4168340c261b086b0d854887ecd27c8e2027d51a175b0c6,f19f8eb2b8a29adf2a4c3c4fbeebe2bb54cd0855e31fea7a5234c302b0f8240e
core_500step,openpangu,sharegpt,step_000500,raw_auc500,lower,iid_matched,peft_default,1107,3,724.1447617560625,734.4618202261627,-10.317058470100164,10.317058470100164,openpangu__sharegpt__qv__iid_matched__s1107__n500,openpangu__sharegpt__qv__peft_default__s1107__n500,fa69834a2fec21cf482213dfbd6a29b40df1177b8c39ba580ba485312ee56de1,455b2a1cf16b9499832ad09f8940110e8e8fbaf7a7956ae97fdc843a8f8e3072
core_500step,openpangu,sharegpt,step_000500,raw_auc500,lower,powerlaw_global_a06,peft_default,42,3,716.2968966215849,729.7130205370486,-13.416123915463686,13.416123915463686,openpangu__sharegpt__qv__powerlaw_global_a06__s42__n500,openpangu__sharegpt__qv__peft_default__s42__n500,5bd7f13c3b47ed3604e92b7bd3ceee5f8813f0a615400a0fd7a1b02b55e7400e,bde8c6d542a2b60a5ed418414a1327da9a894fed758d4bba89bb6455869f13f9
core_500step,openpangu,sharegpt,step_000500,raw_auc500,lower,powerlaw_global_a06,peft_default,123,3,712.1850255075842,725.651787571609,-13.466762064024806,13.466762064024806,openpangu__sharegpt__qv__powerlaw_global_a06__s123__n500,openpangu__sharegpt__qv__peft_default__s123__n500,eaabbd23753ac3ac6347433b03825e95d5b4e75b0c3537ff472bd980122a7507,f19f8eb2b8a29adf2a4c3c4fbeebe2bb54cd0855e31fea7a5234c302b0f8240e
core_500step,openpangu,sharegpt,step_000500,raw_auc500,lower,powerlaw_global_a06,peft_default,1107,3,724.4162374138832,734.4618202261627,-10.045582812279463,10.045582812279463,openpangu__sharegpt__qv__powerlaw_global_a06__s1107__n500,openpangu__sharegpt__qv__peft_default__s1107__n500,6c82e0a682f777ca5a3925d63f8567cd26a83f45000f10c451f28d8d54e25c63,455b2a1cf16b9499832ad09f8940110e8e8fbaf7a7956ae97fdc843a8f8e3072
core_500step,openpangu,sharegpt,step_000500,raw_auc500,lower,powerlaw_shuffle_a06,peft_default,42,3,716.2020785659552,729.7130205370486,-13.510941971093416,13.510941971093416,openpangu__sharegpt__qv__powerlaw_shuffle_a06__s42__n500,openpangu__sharegpt__qv__peft_default__s42__n500,c0424be8459133bff0ba32b740c307fd7df22a86ebd8e4cd6d7f87acba555dab,bde8c6d542a2b60a5ed418414a1327da9a894fed758d4bba89bb6455869f13f9
core_500step,openpangu,sharegpt,step_000500,raw_auc500,lower,powerlaw_shuffle_a06,peft_default,123,3,714.3662378303707,725.651787571609,-11.285549741238356,11.285549741238356,openpangu__sharegpt__qv__powerlaw_shuffle_a06__s123__n500,openpangu__sharegpt__qv__peft_default__s123__n500,1d233f3a80ad3580e54270012e9510bf1036f26b5c73b787775246f4aa1fd0c3,f19f8eb2b8a29adf2a4c3c4fbeebe2bb54cd0855e31fea7a5234c302b0f8240e
core_500step,openpangu,sharegpt,step_000500,raw_auc500,lower,powerlaw_shuffle_a06,peft_default,1107,3,721.6381783634424,734.4618202261627,-12.823641862720251,12.823641862720251,openpangu__sharegpt__qv__powerlaw_shuffle_a06__s1107__n500,openpangu__sharegpt__qv__peft_default__s1107__n500,400766f223bfa3fdade78e0c9eb2c74e28cbb21b35d5719cf9b4759cfd39b932,455b2a1cf16b9499832ad09f8940110e8e8fbaf7a7956ae97fdc843a8f8e3072
core_500step,openpangu,sharegpt,step_000500,raw_auc500,lower,peft_default,iid_matched,42,3,729.7130205370486,712.8318316452205,16.88118889182806,-16.88118889182806,openpangu__sharegpt__qv__peft_default__s42__n500,openpangu__sharegpt__qv__iid_matched__s42__n500,bde8c6d542a2b60a5ed418414a1327da9a894fed758d4bba89bb6455869f13f9,14c3d6390ea312c67d05b5ce143de683140709fdd78fa8ce0fc983d2c7aa9066
core_500step,openpangu,sharegpt,step_000500,raw_auc500,lower,peft_default,iid_matched,123,3,725.651787571609,715.1028854213655,10.54890215024352,-10.54890215024352,openpangu__sharegpt__qv__peft_default__s123__n500,openpangu__sharegpt__qv__iid_matched__s123__n500,f19f8eb2b8a29adf2a4c3c4fbeebe2bb54cd0855e31fea7a5234c302b0f8240e,a51c2ddaa58a66e7d4168340c261b086b0d854887ecd27c8e2027d51a175b0c6
core_500step,openpangu,sharegpt,step_000500,raw_auc500,lower,peft_default,iid_matched,1107,3,734.4618202261627,724.1447617560625,10.317058470100164,-10.317058470100164,openpangu__sharegpt__qv__peft_default__s1107__n500,openpangu__sharegpt__qv__iid_matched__s1107__n500,455b2a1cf16b9499832ad09f8940110e8e8fbaf7a7956ae97fdc843a8f8e3072,fa69834a2fec21cf482213dfbd6a29b40df1177b8c39ba580ba485312ee56de1
core_500step,openpangu,sharegpt,step_000500,raw_auc500,lower,powerlaw_global_a06,iid_matched,42,3,716.2968966215849,712.8318316452205,3.465064976364374,-3.465064976364374,openpangu__sharegpt__qv__powerlaw_global_a06__s42__n500,openpangu__sharegpt__qv__iid_matched__s42__n500,5bd7f13c3b47ed3604e92b7bd3ceee5f8813f0a615400a0fd7a1b02b55e7400e,14c3d6390ea312c67d05b5ce143de683140709fdd78fa8ce0fc983d2c7aa9066
core_500step,openpangu,sharegpt,step_000500,raw_auc500,lower,powerlaw_global_a06,iid_matched,123,3,712.1850255075842,715.1028854213655,-2.9178599137812853,2.9178599137812853,openpangu__sharegpt__qv__powerlaw_global_a06__s123__n500,openpangu__sharegpt__qv__iid_matched__s123__n500,eaabbd23753ac3ac6347433b03825e95d5b4e75b0c3537ff472bd980122a7507,a51c2ddaa58a66e7d4168340c261b086b0d854887ecd27c8e2027d51a175b0c6
core_500step,openpangu,sharegpt,step_000500,raw_auc500,lower,powerlaw_global_a06,iid_matched,1107,3,724.4162374138832,724.1447617560625,0.2714756578207016,-0.2714756578207016,openpangu__sharegpt__qv__powerlaw_global_a06__s1107__n500,openpangu__sharegpt__qv__iid_matched__s1107__n500,6c82e0a682f777ca5a3925d63f8567cd26a83f45000f10c451f28d8d54e25c63,fa69834a2fec21cf482213dfbd6a29b40df1177b8c39ba580ba485312ee56de1
core_500step,openpangu,sharegpt,step_000500,raw_auc500,lower,powerlaw_shuffle_a06,iid_matched,42,3,716.2020785659552,712.8318316452205,3.370246920734644,-3.370246920734644,openpangu__sharegpt__qv__powerlaw_shuffle_a06__s42__n500,openpangu__sharegpt__qv__iid_matched__s42__n500,c0424be8459133bff0ba32b740c307fd7df22a86ebd8e4cd6d7f87acba555dab,14c3d6390ea312c67d05b5ce143de683140709fdd78fa8ce0fc983d2c7aa9066
core_500step,openpangu,sharegpt,step_000500,raw_auc500,lower,powerlaw_shuffle_a06,iid_matched,123,3,714.3662378303707,715.1028854213655,-0.7366475909948349,0.7366475909948349,openpangu__sharegpt__qv__powerlaw_shuffle_a06__s123__n500,openpangu__sharegpt__qv__iid_matched__s123__n500,1d233f3a80ad3580e54270012e9510bf1036f26b5c73b787775246f4aa1fd0c3,a51c2ddaa58a66e7d4168340c261b086b0d854887ecd27c8e2027d51a175b0c6
core_500step,openpangu,sharegpt,step_000500,raw_auc500,lower,powerlaw_shuffle_a06,iid_matched,1107,3,721.6381783634424,724.1447617560625,-2.5065833926200867,2.5065833926200867,openpangu__sharegpt__qv__powerlaw_shuffle_a06__s1107__n500,openpangu__sharegpt__qv__iid_matched__s1107__n500,400766f223bfa3fdade78e0c9eb2c74e28cbb21b35d5719cf9b4759cfd39b932,fa69834a2fec21cf482213dfbd6a29b40df1177b8c39ba580ba485312ee56de1
downstream_2500step,openpangu,cmmlu,step_000100,macro_accuracy,higher,powerlaw_global_a06,peft_default,1107,1,0.5694891729431445,0.5640399205483408,0.00544925239480365,0.00544925239480365,openpangu__cmmlu__qv__powerlaw_global_a06__s1107__n2500,openpangu__cmmlu__qv__peft_default__s1107__n2500,133bc4a880a53cfb3f4291127135cc9a63ef7009fcfe9e2ada21fd70d80161bc,5fdda4e1bd770474c99c16e0cb4339f4f4f919cef9da7475f7c3c4b650ccaa6b
downstream_2500step,openpangu,cmmlu,step_000500,macro_accuracy,higher,powerlaw_global_a06,peft_default,1107,1,0.49908748784590623,0.4951226793569552,0.003964808488951033,0.003964808488951033,openpangu__cmmlu__qv__powerlaw_global_a06__s1107__n2500,openpangu__cmmlu__qv__peft_default__s1107__n2500,133bc4a880a53cfb3f4291127135cc9a63ef7009fcfe9e2ada21fd70d80161bc,5fdda4e1bd770474c99c16e0cb4339f4f4f919cef9da7475f7c3c4b650ccaa6b
downstream_2500step,openpangu,cmmlu,step_000500,raw_auc500,lower,iid_matched,peft_default,42,3,907.1540130935609,1005.7731955386698,-98.61918244510889,98.61918244510889,openpangu__cmmlu__qv__iid_matched__s42__n2500,openpangu__cmmlu__qv__peft_default__s42__n2500,92c2b240841bdcfde9f9ff3bf5c241ffeb5554b7b913ce22b6b2fa06658c4203,3827c6e28882f95c995c7b977857f361cf74c313bfc1e736ea1e8e097305ffac
downstream_2500step,openpangu,cmmlu,step_000500,raw_auc500,lower,iid_matched,peft_default,123,3,939.2201319988817,1002.4987349845469,-63.2786029856652,63.2786029856652,openpangu__cmmlu__qv__iid_matched__s123__n2500,openpangu__cmmlu__qv__peft_default__s123__n2500,0174b61e821f792867905ba733666b2c3ce83c51c6d5ad49a38d2313d6a179ac,0411c72d731d6f3cde78abc672a8c24be394e5e6803e39c0fd5c87d810946946
downstream_2500step,openpangu,cmmlu,step_000500,raw_auc500,lower,iid_matched,peft_default,1107,3,933.2346882112324,999.1537210717797,-65.9190328605473,65.9190328605473,openpangu__cmmlu__qv__iid_matched__s1107__n2500,openpangu__cmmlu__qv__peft_default__s1107__n2500,545d7f37ef7c3a7a20766fe07074582b8e7121749f7173c13f299d1f6deff04b,5fdda4e1bd770474c99c16e0cb4339f4f4f919cef9da7475f7c3c4b650ccaa6b
downstream_2500step,openpangu,cmmlu,step_000500,raw_auc500,lower,powerlaw_global_a06,peft_default,42,3,923.2031580004841,1005.7731955386698,-82.57003753818572,82.57003753818572,openpangu__cmmlu__qv__powerlaw_global_a06__s42__n2500,openpangu__cmmlu__qv__peft_default__s42__n2500,6cc762f27a6ad25f9b11cebc547a548871f3daa3de44af9e557523e4843df880,3827c6e28882f95c995c7b977857f361cf74c313bfc1e736ea1e8e097305ffac
downstream_2500step,openpangu,cmmlu,step_000500,raw_auc500,lower,powerlaw_global_a06,peft_default,123,3,926.5790955983102,1002.4987349845469,-75.91963938623667,75.91963938623667,openpangu__cmmlu__qv__powerlaw_global_a06__s123__n2500,openpangu__cmmlu__qv__peft_default__s123__n2500,63388a13df29c064ea996c052eaf88c9c21cc1c62ac78011878450b10158e52c,0411c72d731d6f3cde78abc672a8c24be394e5e6803e39c0fd5c87d810946946
downstream_2500step,openpangu,cmmlu,step_000500,raw_auc500,lower,powerlaw_global_a06,peft_default,1107,3,934.0531484298408,999.1537210717797,-65.10057264193892,65.10057264193892,openpangu__cmmlu__qv__powerlaw_global_a06__s1107__n2500,openpangu__cmmlu__qv__peft_default__s1107__n2500,133bc4a880a53cfb3f4291127135cc9a63ef7009fcfe9e2ada21fd70d80161bc,5fdda4e1bd770474c99c16e0cb4339f4f4f919cef9da7475f7c3c4b650ccaa6b
downstream_2500step,openpangu,cmmlu,step_000500,raw_auc500,lower,peft_default,iid_matched,42,3,1005.7731955386698,907.1540130935609,98.61918244510889,-98.61918244510889,openpangu__cmmlu__qv__peft_default__s42__n2500,openpangu__cmmlu__qv__iid_matched__s42__n2500,3827c6e28882f95c995c7b977857f361cf74c313bfc1e736ea1e8e097305ffac,92c2b240841bdcfde9f9ff3bf5c241ffeb5554b7b913ce22b6b2fa06658c4203
downstream_2500step,openpangu,cmmlu,step_000500,raw_auc500,lower,peft_default,iid_matched,123,3,1002.4987349845469,939.2201319988817,63.2786029856652,-63.2786029856652,openpangu__cmmlu__qv__peft_default__s123__n2500,openpangu__cmmlu__qv__iid_matched__s123__n2500,0411c72d731d6f3cde78abc672a8c24be394e5e6803e39c0fd5c87d810946946,0174b61e821f792867905ba733666b2c3ce83c51c6d5ad49a38d2313d6a179ac
downstream_2500step,openpangu,cmmlu,step_000500,raw_auc500,lower,peft_default,iid_matched,1107,3,999.1537210717797,933.2346882112324,65.9190328605473,-65.9190328605473,openpangu__cmmlu__qv__peft_default__s1107__n2500,openpangu__cmmlu__qv__iid_matched__s1107__n2500,5fdda4e1bd770474c99c16e0cb4339f4f4f919cef9da7475f7c3c4b650ccaa6b,545d7f37ef7c3a7a20766fe07074582b8e7121749f7173c13f299d1f6deff04b
downstream_2500step,openpangu,cmmlu,step_000500,raw_auc500,lower,powerlaw_global_a06,iid_matched,42,3,923.2031580004841,907.1540130935609,16.049144906923175,-16.049144906923175,openpangu__cmmlu__qv__powerlaw_global_a06__s42__n2500,openpangu__cmmlu__qv__iid_matched__s42__n2500,6cc762f27a6ad25f9b11cebc547a548871f3daa3de44af9e557523e4843df880,92c2b240841bdcfde9f9ff3bf5c241ffeb5554b7b913ce22b6b2fa06658c4203
downstream_2500step,openpangu,cmmlu,step_000500,raw_auc500,lower,powerlaw_global_a06,iid_matched,123,3,926.5790955983102,939.2201319988817,-12.641036400571465,12.641036400571465,openpangu__cmmlu__qv__powerlaw_global_a06__s123__n2500,openpangu__cmmlu__qv__iid_matched__s123__n2500,63388a13df29c064ea996c052eaf88c9c21cc1c62ac78011878450b10158e52c,0174b61e821f792867905ba733666b2c3ce83c51c6d5ad49a38d2313d6a179ac
downstream_2500step,openpangu,cmmlu,step_000500,raw_auc500,lower,powerlaw_global_a06,iid_matched,1107,3,934.0531484298408,933.2346882112324,0.8184602186083794,-0.8184602186083794,openpangu__cmmlu__qv__powerlaw_global_a06__s1107__n2500,openpangu__cmmlu__qv__iid_matched__s1107__n2500,133bc4a880a53cfb3f4291127135cc9a63ef7009fcfe9e2ada21fd70d80161bc,545d7f37ef7c3a7a20766fe07074582b8e7121749f7173c13f299d1f6deff04b
downstream_2500step,openpangu,cmmlu,step_001500,macro_accuracy,higher,powerlaw_global_a06,peft_default,1107,1,0.49454310011784636,0.46276034116157416,0.031782758956272195,0.031782758956272195,openpangu__cmmlu__qv__powerlaw_global_a06__s1107__n2500,openpangu__cmmlu__qv__peft_default__s1107__n2500,133bc4a880a53cfb3f4291127135cc9a63ef7009fcfe9e2ada21fd70d80161bc,5fdda4e1bd770474c99c16e0cb4339f4f4f919cef9da7475f7c3c4b650ccaa6b
downstream_2500step,openpangu,cmmlu,step_002500,final_train_loss,lower,iid_matched,peft_default,42,3,0.31736852042376995,0.3749463725835085,-0.05757785215973854,0.05757785215973854,openpangu__cmmlu__qv__iid_matched__s42__n2500,openpangu__cmmlu__qv__peft_default__s42__n2500,92c2b240841bdcfde9f9ff3bf5c241ffeb5554b7b913ce22b6b2fa06658c4203,3827c6e28882f95c995c7b977857f361cf74c313bfc1e736ea1e8e097305ffac
downstream_2500step,openpangu,cmmlu,step_002500,final_train_loss,lower,iid_matched,peft_default,123,3,0.22157105058431625,0.2252323478460312,-0.0036612972617149353,0.0036612972617149353,openpangu__cmmlu__qv__iid_matched__s123__n2500,openpangu__cmmlu__qv__peft_default__s123__n2500,0174b61e821f792867905ba733666b2c3ce83c51c6d5ad49a38d2313d6a179ac,0411c72d731d6f3cde78abc672a8c24be394e5e6803e39c0fd5c87d810946946
downstream_2500step,openpangu,cmmlu,step_002500,final_train_loss,lower,iid_matched,peft_default,1107,3,0.22932766564190388,0.24162092059850693,-0.01229325495660305,0.01229325495660305,openpangu__cmmlu__qv__iid_matched__s1107__n2500,openpangu__cmmlu__qv__peft_default__s1107__n2500,545d7f37ef7c3a7a20766fe07074582b8e7121749f7173c13f299d1f6deff04b,5fdda4e1bd770474c99c16e0cb4339f4f4f919cef9da7475f7c3c4b650ccaa6b
downstream_2500step,openpangu,cmmlu,step_002500,final_train_loss,lower,powerlaw_global_a06,peft_default,42,3,0.320524238049984,0.3749463725835085,-0.05442213453352451,0.05442213453352451,openpangu__cmmlu__qv__powerlaw_global_a06__s42__n2500,openpangu__cmmlu__qv__peft_default__s42__n2500,6cc762f27a6ad25f9b11cebc547a548871f3daa3de44af9e557523e4843df880,3827c6e28882f95c995c7b977857f361cf74c313bfc1e736ea1e8e097305ffac
downstream_2500step,openpangu,cmmlu,step_002500,final_train_loss,lower,powerlaw_global_a06,peft_default,123,3,0.22180276177823544,0.2252323478460312,-0.0034295860677957535,0.0034295860677957535,openpangu__cmmlu__qv__powerlaw_global_a06__s123__n2500,openpangu__cmmlu__qv__peft_default__s123__n2500,63388a13df29c064ea996c052eaf88c9c21cc1c62ac78011878450b10158e52c,0411c72d731d6f3cde78abc672a8c24be394e5e6803e39c0fd5c87d810946946
downstream_2500step,openpangu,cmmlu,step_002500,final_train_loss,lower,powerlaw_global_a06,peft_default,1107,3,0.23603550530970097,0.24162092059850693,-0.005585415288805962,0.005585415288805962,openpangu__cmmlu__qv__powerlaw_global_a06__s1107__n2500,openpangu__cmmlu__qv__peft_default__s1107__n2500,133bc4a880a53cfb3f4291127135cc9a63ef7009fcfe9e2ada21fd70d80161bc,5fdda4e1bd770474c99c16e0cb4339f4f4f919cef9da7475f7c3c4b650ccaa6b
downstream_2500step,openpangu,cmmlu,step_002500,final_train_loss,lower,peft_default,iid_matched,42,3,0.3749463725835085,0.31736852042376995,0.05757785215973854,-0.05757785215973854,openpangu__cmmlu__qv__peft_default__s42__n2500,openpangu__cmmlu__qv__iid_matched__s42__n2500,3827c6e28882f95c995c7b977857f361cf74c313bfc1e736ea1e8e097305ffac,92c2b240841bdcfde9f9ff3bf5c241ffeb5554b7b913ce22b6b2fa06658c4203
downstream_2500step,openpangu,cmmlu,step_002500,final_train_loss,lower,peft_default,iid_matched,123,3,0.2252323478460312,0.22157105058431625,0.0036612972617149353,-0.0036612972617149353,openpangu__cmmlu__qv__peft_default__s123__n2500,openpangu__cmmlu__qv__iid_matched__s123__n2500,0411c72d731d6f3cde78abc672a8c24be394e5e6803e39c0fd5c87d810946946,0174b61e821f792867905ba733666b2c3ce83c51c6d5ad49a38d2313d6a179ac
downstream_2500step,openpangu,cmmlu,step_002500,final_train_loss,lower,peft_default,iid_matched,1107,3,0.24162092059850693,0.22932766564190388,0.01229325495660305,-0.01229325495660305,openpangu__cmmlu__qv__peft_default__s1107__n2500,openpangu__cmmlu__qv__iid_matched__s1107__n2500,5fdda4e1bd770474c99c16e0cb4339f4f4f919cef9da7475f7c3c4b650ccaa6b,545d7f37ef7c3a7a20766fe07074582b8e7121749f7173c13f299d1f6deff04b
downstream_2500step,openpangu,cmmlu,step_002500,final_train_loss,lower,powerlaw_global_a06,iid_matched,42,3,0.320524238049984,0.31736852042376995,0.0031557176262140274,-0.0031557176262140274,openpangu__cmmlu__qv__powerlaw_global_a06__s42__n2500,openpangu__cmmlu__qv__iid_matched__s42__n2500,6cc762f27a6ad25f9b11cebc547a548871f3daa3de44af9e557523e4843df880,92c2b240841bdcfde9f9ff3bf5c241ffeb5554b7b913ce22b6b2fa06658c4203
downstream_2500step,openpangu,cmmlu,step_002500,final_train_loss,lower,powerlaw_global_a06,iid_matched,123,3,0.22180276177823544,0.22157105058431625,0.00023171119391918182,-0.00023171119391918182,openpangu__cmmlu__qv__powerlaw_global_a06__s123__n2500,openpangu__cmmlu__qv__iid_matched__s123__n2500,63388a13df29c064ea996c052eaf88c9c21cc1c62ac78011878450b10158e52c,0174b61e821f792867905ba733666b2c3ce83c51c6d5ad49a38d2313d6a179ac
downstream_2500step,openpangu,cmmlu,step_002500,final_train_loss,lower,powerlaw_global_a06,iid_matched,1107,3,0.23603550530970097,0.22932766564190388,0.006707839667797089,-0.006707839667797089,openpangu__cmmlu__qv__powerlaw_global_a06__s1107__n2500,openpangu__cmmlu__qv__iid_matched__s1107__n2500,133bc4a880a53cfb3f4291127135cc9a63ef7009fcfe9e2ada21fd70d80161bc,545d7f37ef7c3a7a20766fe07074582b8e7121749f7173c13f299d1f6deff04b
downstream_2500step,openpangu,cmmlu,step_002500,macro_accuracy,higher,iid_matched,peft_default,42,3,0.4799337705222204,0.4723239782600626,0.0076097922621578,0.0076097922621578,openpangu__cmmlu__qv__iid_matched__s42__n2500,openpangu__cmmlu__qv__peft_default__s42__n2500,92c2b240841bdcfde9f9ff3bf5c241ffeb5554b7b913ce22b6b2fa06658c4203,3827c6e28882f95c995c7b977857f361cf74c313bfc1e736ea1e8e097305ffac
downstream_2500step,openpangu,cmmlu,step_002500,macro_accuracy,higher,iid_matched,peft_default,123,3,0.48664718158656006,0.46610196105385304,0.02054522053270702,0.02054522053270702,openpangu__cmmlu__qv__iid_matched__s123__n2500,openpangu__cmmlu__qv__peft_default__s123__n2500,0174b61e821f792867905ba733666b2c3ce83c51c6d5ad49a38d2313d6a179ac,0411c72d731d6f3cde78abc672a8c24be394e5e6803e39c0fd5c87d810946946
downstream_2500step,openpangu,cmmlu,step_002500,macro_accuracy,higher,iid_matched,peft_default,1107,3,0.466592654359183,0.46674132178596867,-0.0001486674267856536,-0.0001486674267856536,openpangu__cmmlu__qv__iid_matched__s1107__n2500,openpangu__cmmlu__qv__peft_default__s1107__n2500,545d7f37ef7c3a7a20766fe07074582b8e7121749f7173c13f299d1f6deff04b,5fdda4e1bd770474c99c16e0cb4339f4f4f919cef9da7475f7c3c4b650ccaa6b
downstream_2500step,openpangu,cmmlu,step_002500,macro_accuracy,higher,powerlaw_global_a06,peft_default,42,3,0.4841346635640418,0.4723239782600626,0.011810685303979163,0.011810685303979163,openpangu__cmmlu__qv__powerlaw_global_a06__s42__n2500,openpangu__cmmlu__qv__peft_default__s42__n2500,6cc762f27a6ad25f9b11cebc547a548871f3daa3de44af9e557523e4843df880,3827c6e28882f95c995c7b977857f361cf74c313bfc1e736ea1e8e097305ffac
downstream_2500step,openpangu,cmmlu,step_002500,macro_accuracy,higher,powerlaw_global_a06,peft_default,123,3,0.4935716671238917,0.46610196105385304,0.02746970607003868,0.02746970607003868,openpangu__cmmlu__qv__powerlaw_global_a06__s123__n2500,openpangu__cmmlu__qv__peft_default__s123__n2500,63388a13df29c064ea996c052eaf88c9c21cc1c62ac78011878450b10158e52c,0411c72d731d6f3cde78abc672a8c24be394e5e6803e39c0fd5c87d810946946
downstream_2500step,openpangu,cmmlu,step_002500,macro_accuracy,higher,powerlaw_global_a06,peft_default,1107,3,0.4933365070002684,0.46674132178596867,0.02659518521429971,0.02659518521429971,openpangu__cmmlu__qv__powerlaw_global_a06__s1107__n2500,openpangu__cmmlu__qv__peft_default__s1107__n2500,133bc4a880a53cfb3f4291127135cc9a63ef7009fcfe9e2ada21fd70d80161bc,5fdda4e1bd770474c99c16e0cb4339f4f4f919cef9da7475f7c3c4b650ccaa6b
downstream_2500step,openpangu,cmmlu,step_002500,macro_accuracy,higher,peft_default,iid_matched,42,3,0.4723239782600626,0.4799337705222204,-0.0076097922621578,-0.0076097922621578,openpangu__cmmlu__qv__peft_default__s42__n2500,openpangu__cmmlu__qv__iid_matched__s42__n2500,3827c6e28882f95c995c7b977857f361cf74c313bfc1e736ea1e8e097305ffac,92c2b240841bdcfde9f9ff3bf5c241ffeb5554b7b913ce22b6b2fa06658c4203
downstream_2500step,openpangu,cmmlu,step_002500,macro_accuracy,higher,peft_default,iid_matched,123,3,0.46610196105385304,0.48664718158656006,-0.02054522053270702,-0.02054522053270702,openpangu__cmmlu__qv__peft_default__s123__n2500,openpangu__cmmlu__qv__iid_matched__s123__n2500,0411c72d731d6f3cde78abc672a8c24be394e5e6803e39c0fd5c87d810946946,0174b61e821f792867905ba733666b2c3ce83c51c6d5ad49a38d2313d6a179ac
downstream_2500step,openpangu,cmmlu,step_002500,macro_accuracy,higher,peft_default,iid_matched,1107,3,0.46674132178596867,0.466592654359183,0.0001486674267856536,0.0001486674267856536,openpangu__cmmlu__qv__peft_default__s1107__n2500,openpangu__cmmlu__qv__iid_matched__s1107__n2500,5fdda4e1bd770474c99c16e0cb4339f4f4f919cef9da7475f7c3c4b650ccaa6b,545d7f37ef7c3a7a20766fe07074582b8e7121749f7173c13f299d1f6deff04b
downstream_2500step,openpangu,cmmlu,step_002500,macro_accuracy,higher,powerlaw_global_a06,iid_matched,42,3,0.4841346635640418,0.4799337705222204,0.004200893041821363,0.004200893041821363,openpangu__cmmlu__qv__powerlaw_global_a06__s42__n2500,openpangu__cmmlu__qv__iid_matched__s42__n2500,6cc762f27a6ad25f9b11cebc547a548871f3daa3de44af9e557523e4843df880,92c2b240841bdcfde9f9ff3bf5c241ffeb5554b7b913ce22b6b2fa06658c4203
downstream_2500step,openpangu,cmmlu,step_002500,macro_accuracy,higher,powerlaw_global_a06,iid_matched,123,3,0.4935716671238917,0.48664718158656006,0.006924485537331659,0.006924485537331659,openpangu__cmmlu__qv__powerlaw_global_a06__s123__n2500,openpangu__cmmlu__qv__iid_matched__s123__n2500,63388a13df29c064ea996c052eaf88c9c21cc1c62ac78011878450b10158e52c,0174b61e821f792867905ba733666b2c3ce83c51c6d5ad49a38d2313d6a179ac
downstream_2500step,openpangu,cmmlu,step_002500,macro_accuracy,higher,powerlaw_global_a06,iid_matched,1107,3,0.4933365070002684,0.466592654359183,0.026743852641085364,0.026743852641085364,openpangu__cmmlu__qv__powerlaw_global_a06__s1107__n2500,openpangu__cmmlu__qv__iid_matched__s1107__n2500,133bc4a880a53cfb3f4291127135cc9a63ef7009fcfe9e2ada21fd70d80161bc,545d7f37ef7c3a7a20766fe07074582b8e7121749f7173c13f299d1f6deff04b
downstream_2500step,openpangu,gsm8k,step_000500,raw_auc500,lower,iid_matched,peft_default,42,3,675.9705996178091,710.0892084464431,-34.118608828634024,34.118608828634024,openpangu__gsm8k__qv__iid_matched__s42__n2500,openpangu__gsm8k__qv__peft_default__s42__n2500,db52557bdde6e67e380ce8835a69f95f616a302b6e25bbf084b7eda7896dee75,90b3e4845d5410fb3b579d7622b785e5e7ee648f52224f522c5405561116c333
downstream_2500step,openpangu,gsm8k,step_000500,raw_auc500,lower,iid_matched,peft_default,123,3,684.5108327232301,707.9358329065144,-23.425000183284283,23.425000183284283,openpangu__gsm8k__qv__iid_matched__s123__n2500,openpangu__gsm8k__qv__peft_default__s123__n2500,cf3b2908aa3966255af678a1f886431db0cdaa8a288279422f6f3623b58a1a3b,d2aa5af1673c4e573420809db8e5040ea2bbe73c233b1a3f69e030ba48c73a12
downstream_2500step,openpangu,gsm8k,step_000500,raw_auc500,lower,iid_matched,peft_default,1107,3,686.5759503915906,699.3857198543847,-12.809769462794065,12.809769462794065,openpangu__gsm8k__qv__iid_matched__s1107__n2500,openpangu__gsm8k__qv__peft_default__s1107__n2500,ca907596f316b4da60a9284527a2809b8a393159c66d150cfdcfa9d94ae4930e,813b66f6dfc8bea032d319d3965fa3a0fbaeda12f0a6089ce0b8e49ba62f508d
downstream_2500step,openpangu,gsm8k,step_000500,raw_auc500,lower,powerlaw_global_a06,peft_default,42,3,677.3118998110294,710.0892084464431,-32.77730863541365,32.77730863541365,openpangu__gsm8k__qv__powerlaw_global_a06__s42__n2500,openpangu__gsm8k__qv__peft_default__s42__n2500,35dc32f4d8abc380c28453c851c0909c85822a7e58722a230940b2b597d6ea10,90b3e4845d5410fb3b579d7622b785e5e7ee648f52224f522c5405561116c333
downstream_2500step,openpangu,gsm8k,step_000500,raw_auc500,lower,powerlaw_global_a06,peft_default,123,3,686.9819249846041,707.9358329065144,-20.953907921910286,20.953907921910286,openpangu__gsm8k__qv__powerlaw_global_a06__s123__n2500,openpangu__gsm8k__qv__peft_default__s123__n2500,ee92014287e446325d019aa162c3ba3039ddb958fdb191871aa4292405141430,d2aa5af1673c4e573420809db8e5040ea2bbe73c233b1a3f69e030ba48c73a12
downstream_2500step,openpangu,gsm8k,step_000500,raw_auc500,lower,powerlaw_global_a06,peft_default,1107,3,695.0401321388781,699.3857198543847,-4.345587715506554,4.345587715506554,openpangu__gsm8k__qv__powerlaw_global_a06__s1107__n2500,openpangu__gsm8k__qv__peft_default__s1107__n2500,077a30e3d9e32875e700fa52dd9e87d6fe4496e096f580ccb7bc2f28c8bae227,813b66f6dfc8bea032d319d3965fa3a0fbaeda12f0a6089ce0b8e49ba62f508d
downstream_2500step,openpangu,gsm8k,step_000500,raw_auc500,lower,peft_default,iid_matched,42,3,710.0892084464431,675.9705996178091,34.118608828634024,-34.118608828634024,openpangu__gsm8k__qv__peft_default__s42__n2500,openpangu__gsm8k__qv__iid_matched__s42__n2500,90b3e4845d5410fb3b579d7622b785e5e7ee648f52224f522c5405561116c333,db52557bdde6e67e380ce8835a69f95f616a302b6e25bbf084b7eda7896dee75
downstream_2500step,openpangu,gsm8k,step_000500,raw_auc500,lower,peft_default,iid_matched,123,3,707.9358329065144,684.5108327232301,23.425000183284283,-23.425000183284283,openpangu__gsm8k__qv__peft_default__s123__n2500,openpangu__gsm8k__qv__iid_matched__s123__n2500,d2aa5af1673c4e573420809db8e5040ea2bbe73c233b1a3f69e030ba48c73a12,cf3b2908aa3966255af678a1f886431db0cdaa8a288279422f6f3623b58a1a3b
downstream_2500step,openpangu,gsm8k,step_000500,raw_auc500,lower,peft_default,iid_matched,1107,3,699.3857198543847,686.5759503915906,12.809769462794065,-12.809769462794065,openpangu__gsm8k__qv__peft_default__s1107__n2500,openpangu__gsm8k__qv__iid_matched__s1107__n2500,813b66f6dfc8bea032d319d3965fa3a0fbaeda12f0a6089ce0b8e49ba62f508d,ca907596f316b4da60a9284527a2809b8a393159c66d150cfdcfa9d94ae4930e
downstream_2500step,openpangu,gsm8k,step_000500,raw_auc500,lower,powerlaw_global_a06,iid_matched,42,3,677.3118998110294,675.9705996178091,1.341300193220377,-1.341300193220377,openpangu__gsm8k__qv__powerlaw_global_a06__s42__n2500,openpangu__gsm8k__qv__iid_matched__s42__n2500,35dc32f4d8abc380c28453c851c0909c85822a7e58722a230940b2b597d6ea10,db52557bdde6e67e380ce8835a69f95f616a302b6e25bbf084b7eda7896dee75
downstream_2500step,openpangu,gsm8k,step_000500,raw_auc500,lower,powerlaw_global_a06,iid_matched,123,3,686.9819249846041,684.5108327232301,2.4710922613739967,-2.4710922613739967,openpangu__gsm8k__qv__powerlaw_global_a06__s123__n2500,openpangu__gsm8k__qv__iid_matched__s123__n2500,ee92014287e446325d019aa162c3ba3039ddb958fdb191871aa4292405141430,cf3b2908aa3966255af678a1f886431db0cdaa8a288279422f6f3623b58a1a3b
downstream_2500step,openpangu,gsm8k,step_000500,raw_auc500,lower,powerlaw_global_a06,iid_matched,1107,3,695.0401321388781,686.5759503915906,8.464181747287512,-8.464181747287512,openpangu__gsm8k__qv__powerlaw_global_a06__s1107__n2500,openpangu__gsm8k__qv__iid_matched__s1107__n2500,077a30e3d9e32875e700fa52dd9e87d6fe4496e096f580ccb7bc2f28c8bae227,ca907596f316b4da60a9284527a2809b8a393159c66d150cfdcfa9d94ae4930e
downstream_2500step,openpangu,gsm8k,step_001500,exact_match,higher,powerlaw_global_a06,peft_default,1107,1,0.6611068991660348,0.6550416982562547,0.006065200909780133,0.006065200909780133,openpangu__gsm8k__qv__powerlaw_global_a06__s1107__n2500,openpangu__gsm8k__qv__peft_default__s1107__n2500,077a30e3d9e32875e700fa52dd9e87d6fe4496e096f580ccb7bc2f28c8bae227,813b66f6dfc8bea032d319d3965fa3a0fbaeda12f0a6089ce0b8e49ba62f508d
downstream_2500step,openpangu,gsm8k,step_002500,exact_match,higher,powerlaw_global_a06,peft_default,42,3,0.6679302501895376,0.6444275966641395,0.023502653525398043,0.023502653525398043,openpangu__gsm8k__qv__powerlaw_global_a06__s42__n2500,openpangu__gsm8k__qv__peft_default__s42__n2500,35dc32f4d8abc380c28453c851c0909c85822a7e58722a230940b2b597d6ea10,90b3e4845d5410fb3b579d7622b785e5e7ee648f52224f522c5405561116c333
downstream_2500step,openpangu,gsm8k,step_002500,exact_match,higher,powerlaw_global_a06,peft_default,123,3,0.6550416982562547,0.6497346474601972,0.005307050796057533,0.005307050796057533,openpangu__gsm8k__qv__powerlaw_global_a06__s123__n2500,openpangu__gsm8k__qv__peft_default__s123__n2500,ee92014287e446325d019aa162c3ba3039ddb958fdb191871aa4292405141430,d2aa5af1673c4e573420809db8e5040ea2bbe73c233b1a3f69e030ba48c73a12
downstream_2500step,openpangu,gsm8k,step_002500,exact_match,higher,powerlaw_global_a06,peft_default,1107,3,0.6755117513267627,0.6641394996209249,0.011372251705837777,0.011372251705837777,openpangu__gsm8k__qv__powerlaw_global_a06__s1107__n2500,openpangu__gsm8k__qv__peft_default__s1107__n2500,077a30e3d9e32875e700fa52dd9e87d6fe4496e096f580ccb7bc2f28c8bae227,813b66f6dfc8bea032d319d3965fa3a0fbaeda12f0a6089ce0b8e49ba62f508d
downstream_2500step,openpangu,gsm8k,step_002500,final_train_loss,lower,iid_matched,peft_default,42,3,0.9567319974303246,0.9618488848209381,-0.005116887390613556,0.005116887390613556,openpangu__gsm8k__qv__iid_matched__s42__n2500,openpangu__gsm8k__qv__peft_default__s42__n2500,db52557bdde6e67e380ce8835a69f95f616a302b6e25bbf084b7eda7896dee75,90b3e4845d5410fb3b579d7622b785e5e7ee648f52224f522c5405561116c333
downstream_2500step,openpangu,gsm8k,step_002500,final_train_loss,lower,iid_matched,peft_default,123,3,1.0623369812965393,1.079907864332199,-0.01757088303565979,0.01757088303565979,openpangu__gsm8k__qv__iid_matched__s123__n2500,openpangu__gsm8k__qv__peft_default__s123__n2500,cf3b2908aa3966255af678a1f886431db0cdaa8a288279422f6f3623b58a1a3b,d2aa5af1673c4e573420809db8e5040ea2bbe73c233b1a3f69e030ba48c73a12
downstream_2500step,openpangu,gsm8k,step_002500,final_train_loss,lower,iid_matched,peft_default,1107,3,1.071286328136921,1.0755861476063728,-0.004299819469451904,0.004299819469451904,openpangu__gsm8k__qv__iid_matched__s1107__n2500,openpangu__gsm8k__qv__peft_default__s1107__n2500,ca907596f316b4da60a9284527a2809b8a393159c66d150cfdcfa9d94ae4930e,813b66f6dfc8bea032d319d3965fa3a0fbaeda12f0a6089ce0b8e49ba62f508d
downstream_2500step,openpangu,gsm8k,step_002500,final_train_loss,lower,powerlaw_global_a06,peft_default,42,3,0.9580414071679115,0.9618488848209381,-0.003807477653026581,0.003807477653026581,openpangu__gsm8k__qv__powerlaw_global_a06__s42__n2500,openpangu__gsm8k__qv__peft_default__s42__n2500,35dc32f4d8abc380c28453c851c0909c85822a7e58722a230940b2b597d6ea10,90b3e4845d5410fb3b579d7622b785e5e7ee648f52224f522c5405561116c333
downstream_2500step,openpangu,gsm8k,step_002500,final_train_loss,lower,powerlaw_global_a06,peft_default,123,3,1.0679630264639854,1.079907864332199,-0.011944837868213654,0.011944837868213654,openpangu__gsm8k__qv__powerlaw_global_a06__s123__n2500,openpangu__gsm8k__qv__peft_default__s123__n2500,ee92014287e446325d019aa162c3ba3039ddb958fdb191871aa4292405141430,d2aa5af1673c4e573420809db8e5040ea2bbe73c233b1a3f69e030ba48c73a12
downstream_2500step,openpangu,gsm8k,step_002500,final_train_loss,lower,powerlaw_global_a06,peft_default,1107,3,1.0597341507673264,1.0755861476063728,-0.01585199683904648,0.01585199683904648,openpangu__gsm8k__qv__powerlaw_global_a06__s1107__n2500,openpangu__gsm8k__qv__peft_default__s1107__n2500,077a30e3d9e32875e700fa52dd9e87d6fe4496e096f580ccb7bc2f28c8bae227,813b66f6dfc8bea032d319d3965fa3a0fbaeda12f0a6089ce0b8e49ba62f508d
downstream_2500step,openpangu,gsm8k,step_002500,final_train_loss,lower,peft_default,iid_matched,42,3,0.9618488848209381,0.9567319974303246,0.005116887390613556,-0.005116887390613556,openpangu__gsm8k__qv__peft_default__s42__n2500,openpangu__gsm8k__qv__iid_matched__s42__n2500,90b3e4845d5410fb3b579d7622b785e5e7ee648f52224f522c5405561116c333,db52557bdde6e67e380ce8835a69f95f616a302b6e25bbf084b7eda7896dee75
downstream_2500step,openpangu,gsm8k,step_002500,final_train_loss,lower,peft_default,iid_matched,123,3,1.079907864332199,1.0623369812965393,0.01757088303565979,-0.01757088303565979,openpangu__gsm8k__qv__peft_default__s123__n2500,openpangu__gsm8k__qv__iid_matched__s123__n2500,d2aa5af1673c4e573420809db8e5040ea2bbe73c233b1a3f69e030ba48c73a12,cf3b2908aa3966255af678a1f886431db0cdaa8a288279422f6f3623b58a1a3b
downstream_2500step,openpangu,gsm8k,step_002500,final_train_loss,lower,peft_default,iid_matched,1107,3,1.0755861476063728,1.071286328136921,0.004299819469451904,-0.004299819469451904,openpangu__gsm8k__qv__peft_default__s1107__n2500,openpangu__gsm8k__qv__iid_matched__s1107__n2500,813b66f6dfc8bea032d319d3965fa3a0fbaeda12f0a6089ce0b8e49ba62f508d,ca907596f316b4da60a9284527a2809b8a393159c66d150cfdcfa9d94ae4930e
downstream_2500step,openpangu,gsm8k,step_002500,final_train_loss,lower,powerlaw_global_a06,iid_matched,42,3,0.9580414071679115,0.9567319974303246,0.001309409737586975,-0.001309409737586975,openpangu__gsm8k__qv__powerlaw_global_a06__s42__n2500,openpangu__gsm8k__qv__iid_matched__s42__n2500,35dc32f4d8abc380c28453c851c0909c85822a7e58722a230940b2b597d6ea10,db52557bdde6e67e380ce8835a69f95f616a302b6e25bbf084b7eda7896dee75
downstream_2500step,openpangu,gsm8k,step_002500,final_train_loss,lower,powerlaw_global_a06,iid_matched,123,3,1.0679630264639854,1.0623369812965393,0.0056260451674461365,-0.0056260451674461365,openpangu__gsm8k__qv__powerlaw_global_a06__s123__n2500,openpangu__gsm8k__qv__iid_matched__s123__n2500,ee92014287e446325d019aa162c3ba3039ddb958fdb191871aa4292405141430,cf3b2908aa3966255af678a1f886431db0cdaa8a288279422f6f3623b58a1a3b
downstream_2500step,openpangu,gsm8k,step_002500,final_train_loss,lower,powerlaw_global_a06,iid_matched,1107,3,1.0597341507673264,1.071286328136921,-0.011552177369594574,0.011552177369594574,openpangu__gsm8k__qv__powerlaw_global_a06__s1107__n2500,openpangu__gsm8k__qv__iid_matched__s1107__n2500,077a30e3d9e32875e700fa52dd9e87d6fe4496e096f580ccb7bc2f28c8bae227,ca907596f316b4da60a9284527a2809b8a393159c66d150cfdcfa9d94ae4930e
downstream_2500step,openpangu,mbpp,step_000100,pass_at_1,higher,powerlaw_global_a06,peft_default,1107,1,0.28609625668449196,0.2727272727272727,0.01336898395721925,0.01336898395721925,openpangu__mbpp__qv__powerlaw_global_a06__s1107__n2500,openpangu__mbpp__qv__peft_default__s1107__n2500,44f8414c99ceff8d11ddd033d7f26467966c67f7cc8c8b3e7602e67d0347c092,c2a19dd50d2665e8d7850bcd105e23f76bb72a39560a7c7be8b7669b6b32808b
downstream_2500step,openpangu,mbpp,step_000500,pass_at_1,higher,powerlaw_global_a06,peft_default,1107,1,0.2700534759358289,0.2727272727272727,-0.0026737967914438054,-0.0026737967914438054,openpangu__mbpp__qv__powerlaw_global_a06__s1107__n2500,openpangu__mbpp__qv__peft_default__s1107__n2500,44f8414c99ceff8d11ddd033d7f26467966c67f7cc8c8b3e7602e67d0347c092,c2a19dd50d2665e8d7850bcd105e23f76bb72a39560a7c7be8b7669b6b32808b
downstream_2500step,openpangu,mbpp,step_000500,raw_auc500,lower,iid_matched,peft_default,42,3,677.4914405588061,709.3533774036914,-31.86193684488535,31.86193684488535,openpangu__mbpp__qv__iid_matched__s42__n2500,openpangu__mbpp__qv__peft_default__s42__n2500,da984dad475c64519b1ada1ddf2617e03d83e05e1536a717c46209fa1de9b5b9,d491c5ff7bc11aa74cdeac09d1519f1b358cba6e12c83b04d408cc0c5c73d843
downstream_2500step,openpangu,mbpp,step_000500,raw_auc500,lower,iid_matched,peft_default,123,3,683.152432333678,697.9934715162963,-14.84103918261826,14.84103918261826,openpangu__mbpp__qv__iid_matched__s123__n2500,openpangu__mbpp__qv__peft_default__s123__n2500,5e6f845bffadabff10386046be2e7b7428810b05628cc72761068d93ef563b6b,bb4e0d84f10b0a35ce06da97ad7da5f5088c9f558aa467d937cc4dba6073b96d
downstream_2500step,openpangu,mbpp,step_000500,raw_auc500,lower,iid_matched,peft_default,1107,3,691.2029408849776,703.4026061967015,-12.199665311723948,12.199665311723948,openpangu__mbpp__qv__iid_matched__s1107__n2500,openpangu__mbpp__qv__peft_default__s1107__n2500,181d71e4a4c79f74c8b9c2a9463cb78a7d882f7079f7921c9b1c17daa5e67e12,c2a19dd50d2665e8d7850bcd105e23f76bb72a39560a7c7be8b7669b6b32808b
downstream_2500step,openpangu,mbpp,step_000500,raw_auc500,lower,powerlaw_global_a06,peft_default,42,3,691.5956868045032,709.3533774036914,-17.75769059918821,17.75769059918821,openpangu__mbpp__qv__powerlaw_global_a06__s42__n2500,openpangu__mbpp__qv__peft_default__s42__n2500,6e637cd99a716ffb19ff4b0306381832f78a3bf4776e556ef3b9d1ee180cae62,d491c5ff7bc11aa74cdeac09d1519f1b358cba6e12c83b04d408cc0c5c73d843
downstream_2500step,openpangu,mbpp,step_000500,raw_auc500,lower,powerlaw_global_a06,peft_default,123,3,681.9174031317234,697.9934715162963,-16.076068384572864,16.076068384572864,openpangu__mbpp__qv__powerlaw_global_a06__s123__n2500,openpangu__mbpp__qv__peft_default__s123__n2500,ec6b65868ef9897a9173d2ca0f99e42c0962bfe52525e6c97dfb54fe87deda1d,bb4e0d84f10b0a35ce06da97ad7da5f5088c9f558aa467d937cc4dba6073b96d
downstream_2500step,openpangu,mbpp,step_000500,raw_auc500,lower,powerlaw_global_a06,peft_default,1107,3,686.9177938122302,703.4026061967015,-16.484812384471297,16.484812384471297,openpangu__mbpp__qv__powerlaw_global_a06__s1107__n2500,openpangu__mbpp__qv__peft_default__s1107__n2500,44f8414c99ceff8d11ddd033d7f26467966c67f7cc8c8b3e7602e67d0347c092,c2a19dd50d2665e8d7850bcd105e23f76bb72a39560a7c7be8b7669b6b32808b
downstream_2500step,openpangu,mbpp,step_000500,raw_auc500,lower,peft_default,iid_matched,42,3,709.3533774036914,677.4914405588061,31.86193684488535,-31.86193684488535,openpangu__mbpp__qv__peft_default__s42__n2500,openpangu__mbpp__qv__iid_matched__s42__n2500,d491c5ff7bc11aa74cdeac09d1519f1b358cba6e12c83b04d408cc0c5c73d843,da984dad475c64519b1ada1ddf2617e03d83e05e1536a717c46209fa1de9b5b9
downstream_2500step,openpangu,mbpp,step_000500,raw_auc500,lower,peft_default,iid_matched,123,3,697.9934715162963,683.152432333678,14.84103918261826,-14.84103918261826,openpangu__mbpp__qv__peft_default__s123__n2500,openpangu__mbpp__qv__iid_matched__s123__n2500,bb4e0d84f10b0a35ce06da97ad7da5f5088c9f558aa467d937cc4dba6073b96d,5e6f845bffadabff10386046be2e7b7428810b05628cc72761068d93ef563b6b
downstream_2500step,openpangu,mbpp,step_000500,raw_auc500,lower,peft_default,iid_matched,1107,3,703.4026061967015,691.2029408849776,12.199665311723948,-12.199665311723948,openpangu__mbpp__qv__peft_default__s1107__n2500,openpangu__mbpp__qv__iid_matched__s1107__n2500,c2a19dd50d2665e8d7850bcd105e23f76bb72a39560a7c7be8b7669b6b32808b,181d71e4a4c79f74c8b9c2a9463cb78a7d882f7079f7921c9b1c17daa5e67e12
downstream_2500step,openpangu,mbpp,step_000500,raw_auc500,lower,powerlaw_global_a06,iid_matched,42,3,691.5956868045032,677.4914405588061,14.10424624569714,-14.10424624569714,openpangu__mbpp__qv__powerlaw_global_a06__s42__n2500,openpangu__mbpp__qv__iid_matched__s42__n2500,6e637cd99a716ffb19ff4b0306381832f78a3bf4776e556ef3b9d1ee180cae62,da984dad475c64519b1ada1ddf2617e03d83e05e1536a717c46209fa1de9b5b9
downstream_2500step,openpangu,mbpp,step_000500,raw_auc500,lower,powerlaw_global_a06,iid_matched,123,3,681.9174031317234,683.152432333678,-1.2350292019546032,1.2350292019546032,openpangu__mbpp__qv__powerlaw_global_a06__s123__n2500,openpangu__mbpp__qv__iid_matched__s123__n2500,ec6b65868ef9897a9173d2ca0f99e42c0962bfe52525e6c97dfb54fe87deda1d,5e6f845bffadabff10386046be2e7b7428810b05628cc72761068d93ef563b6b
downstream_2500step,openpangu,mbpp,step_000500,raw_auc500,lower,powerlaw_global_a06,iid_matched,1107,3,686.9177938122302,691.2029408849776,-4.28514707274735,4.28514707274735,openpangu__mbpp__qv__powerlaw_global_a06__s1107__n2500,openpangu__mbpp__qv__iid_matched__s1107__n2500,44f8414c99ceff8d11ddd033d7f26467966c67f7cc8c8b3e7602e67d0347c092,181d71e4a4c79f74c8b9c2a9463cb78a7d882f7079f7921c9b1c17daa5e67e12
downstream_2500step,openpangu,mbpp,step_001500,pass_at_1,higher,powerlaw_global_a06,peft_default,1107,1,0.22192513368983957,0.19518716577540107,0.0267379679144385,0.0267379679144385,openpangu__mbpp__qv__powerlaw_global_a06__s1107__n2500,openpangu__mbpp__qv__peft_default__s1107__n2500,44f8414c99ceff8d11ddd033d7f26467966c67f7cc8c8b3e7602e67d0347c092,c2a19dd50d2665e8d7850bcd105e23f76bb72a39560a7c7be8b7669b6b32808b
downstream_2500step,openpangu,mbpp,step_002500,final_train_loss,lower,iid_matched,peft_default,42,3,0.09881101176142693,0.10096781421452761,-0.0021568024531006813,0.0021568024531006813,openpangu__mbpp__qv__iid_matched__s42__n2500,openpangu__mbpp__qv__peft_default__s42__n2500,da984dad475c64519b1ada1ddf2617e03d83e05e1536a717c46209fa1de9b5b9,d491c5ff7bc11aa74cdeac09d1519f1b358cba6e12c83b04d408cc0c5c73d843
downstream_2500step,openpangu,mbpp,step_002500,final_train_loss,lower,iid_matched,peft_default,123,3,0.11347521608695388,0.1260249661281705,-0.012549750041216612,0.012549750041216612,openpangu__mbpp__qv__iid_matched__s123__n2500,openpangu__mbpp__qv__peft_default__s123__n2500,5e6f845bffadabff10386046be2e7b7428810b05628cc72761068d93ef563b6b,bb4e0d84f10b0a35ce06da97ad7da5f5088c9f558aa467d937cc4dba6073b96d
downstream_2500step,openpangu,mbpp,step_002500,final_train_loss,lower,iid_matched,peft_default,1107,3,0.12512091547250748,0.1319414647296071,-0.0068205492570996284,0.0068205492570996284,openpangu__mbpp__qv__iid_matched__s1107__n2500,openpangu__mbpp__qv__peft_default__s1107__n2500,181d71e4a4c79f74c8b9c2a9463cb78a7d882f7079f7921c9b1c17daa5e67e12,c2a19dd50d2665e8d7850bcd105e23f76bb72a39560a7c7be8b7669b6b32808b
downstream_2500step,openpangu,mbpp,step_002500,final_train_loss,lower,powerlaw_global_a06,peft_default,42,3,0.09947715001180768,0.10096781421452761,-0.0014906642027199268,0.0014906642027199268,openpangu__mbpp__qv__powerlaw_global_a06__s42__n2500,openpangu__mbpp__qv__peft_default__s42__n2500,6e637cd99a716ffb19ff4b0306381832f78a3bf4776e556ef3b9d1ee180cae62,d491c5ff7bc11aa74cdeac09d1519f1b358cba6e12c83b04d408cc0c5c73d843
downstream_2500step,openpangu,mbpp,step_002500,final_train_loss,lower,powerlaw_global_a06,peft_default,123,3,0.1151706874370575,0.1260249661281705,-0.010854278691112995,0.010854278691112995,openpangu__mbpp__qv__powerlaw_global_a06__s123__n2500,openpangu__mbpp__qv__peft_default__s123__n2500,ec6b65868ef9897a9173d2ca0f99e42c0962bfe52525e6c97dfb54fe87deda1d,bb4e0d84f10b0a35ce06da97ad7da5f5088c9f558aa467d937cc4dba6073b96d
downstream_2500step,openpangu,mbpp,step_002500,final_train_loss,lower,powerlaw_global_a06,peft_default,1107,3,0.12545330822467804,0.1319414647296071,-0.006488156504929066,0.006488156504929066,openpangu__mbpp__qv__powerlaw_global_a06__s1107__n2500,openpangu__mbpp__qv__peft_default__s1107__n2500,44f8414c99ceff8d11ddd033d7f26467966c67f7cc8c8b3e7602e67d0347c092,c2a19dd50d2665e8d7850bcd105e23f76bb72a39560a7c7be8b7669b6b32808b
downstream_2500step,openpangu,mbpp,step_002500,final_train_loss,lower,peft_default,iid_matched,42,3,0.10096781421452761,0.09881101176142693,0.0021568024531006813,-0.0021568024531006813,openpangu__mbpp__qv__peft_default__s42__n2500,openpangu__mbpp__qv__iid_matched__s42__n2500,d491c5ff7bc11aa74cdeac09d1519f1b358cba6e12c83b04d408cc0c5c73d843,da984dad475c64519b1ada1ddf2617e03d83e05e1536a717c46209fa1de9b5b9
downstream_2500step,openpangu,mbpp,step_002500,final_train_loss,lower,peft_default,iid_matched,123,3,0.1260249661281705,0.11347521608695388,0.012549750041216612,-0.012549750041216612,openpangu__mbpp__qv__peft_default__s123__n2500,openpangu__mbpp__qv__iid_matched__s123__n2500,bb4e0d84f10b0a35ce06da97ad7da5f5088c9f558aa467d937cc4dba6073b96d,5e6f845bffadabff10386046be2e7b7428810b05628cc72761068d93ef563b6b
downstream_2500step,openpangu,mbpp,step_002500,final_train_loss,lower,peft_default,iid_matched,1107,3,0.1319414647296071,0.12512091547250748,0.0068205492570996284,-0.0068205492570996284,openpangu__mbpp__qv__peft_default__s1107__n2500,openpangu__mbpp__qv__iid_matched__s1107__n2500,c2a19dd50d2665e8d7850bcd105e23f76bb72a39560a7c7be8b7669b6b32808b,181d71e4a4c79f74c8b9c2a9463cb78a7d882f7079f7921c9b1c17daa5e67e12
downstream_2500step,openpangu,mbpp,step_002500,final_train_loss,lower,powerlaw_global_a06,iid_matched,42,3,0.09947715001180768,0.09881101176142693,0.0006661382503807545,-0.0006661382503807545,openpangu__mbpp__qv__powerlaw_global_a06__s42__n2500,openpangu__mbpp__qv__iid_matched__s42__n2500,6e637cd99a716ffb19ff4b0306381832f78a3bf4776e556ef3b9d1ee180cae62,da984dad475c64519b1ada1ddf2617e03d83e05e1536a717c46209fa1de9b5b9
downstream_2500step,openpangu,mbpp,step_002500,final_train_loss,lower,powerlaw_global_a06,iid_matched,123,3,0.1151706874370575,0.11347521608695388,0.0016954713501036167,-0.0016954713501036167,openpangu__mbpp__qv__powerlaw_global_a06__s123__n2500,openpangu__mbpp__qv__iid_matched__s123__n2500,ec6b65868ef9897a9173d2ca0f99e42c0962bfe52525e6c97dfb54fe87deda1d,5e6f845bffadabff10386046be2e7b7428810b05628cc72761068d93ef563b6b
downstream_2500step,openpangu,mbpp,step_002500,final_train_loss,lower,powerlaw_global_a06,iid_matched,1107,3,0.12545330822467804,0.12512091547250748,0.00033239275217056274,-0.00033239275217056274,openpangu__mbpp__qv__powerlaw_global_a06__s1107__n2500,openpangu__mbpp__qv__iid_matched__s1107__n2500,44f8414c99ceff8d11ddd033d7f26467966c67f7cc8c8b3e7602e67d0347c092,181d71e4a4c79f74c8b9c2a9463cb78a7d882f7079f7921c9b1c17daa5e67e12
downstream_2500step,openpangu,mbpp,step_002500,pass_at_1,higher,powerlaw_global_a06,peft_default,42,3,0.21657754010695188,0.16310160427807488,0.053475935828877,0.053475935828877,openpangu__mbpp__qv__powerlaw_global_a06__s42__n2500,openpangu__mbpp__qv__peft_default__s42__n2500,6e637cd99a716ffb19ff4b0306381832f78a3bf4776e556ef3b9d1ee180cae62,d491c5ff7bc11aa74cdeac09d1519f1b358cba6e12c83b04d408cc0c5c73d843
downstream_2500step,openpangu,mbpp,step_002500,pass_at_1,higher,powerlaw_global_a06,peft_default,123,3,0.18449197860962566,0.21657754010695188,-0.03208556149732622,-0.03208556149732622,openpangu__mbpp__qv__powerlaw_global_a06__s123__n2500,openpangu__mbpp__qv__peft_default__s123__n2500,ec6b65868ef9897a9173d2ca0f99e42c0962bfe52525e6c97dfb54fe87deda1d,bb4e0d84f10b0a35ce06da97ad7da5f5088c9f558aa467d937cc4dba6073b96d
downstream_2500step,openpangu,mbpp,step_002500,pass_at_1,higher,powerlaw_global_a06,peft_default,1107,3,0.24064171122994651,0.1925133689839572,0.0481283422459893,0.0481283422459893,openpangu__mbpp__qv__powerlaw_global_a06__s1107__n2500,openpangu__mbpp__qv__peft_default__s1107__n2500,44f8414c99ceff8d11ddd033d7f26467966c67f7cc8c8b3e7602e67d0347c092,c2a19dd50d2665e8d7850bcd105e23f76bb72a39560a7c7be8b7669b6b32808b
downstream_2500step,openpangu,sharegpt,step_000500,raw_auc500,lower,iid_matched,peft_default,42,3,710.5151397325099,727.529932115227,-17.014792382717133,17.014792382717133,openpangu__sharegpt__qv__iid_matched__s42__n2500,openpangu__sharegpt__qv__peft_default__s42__n2500,d7f6779c20e10df691015687a2c4da533200f6391db563d47d91290013808127,0f9c9e482f332fd83dba99df4323c48c19b2ee644a13d3a20021a8234326ca25
downstream_2500step,openpangu,sharegpt,step_000500,raw_auc500,lower,iid_matched,peft_default,123,3,713.4120789840817,723.4912674799562,-10.079188495874405,10.079188495874405,openpangu__sharegpt__qv__iid_matched__s123__n2500,openpangu__sharegpt__qv__peft_default__s123__n2500,46e2ad200bd316a8e7693f188315b7cd86272c95ae8479ac048a99e574494cd5,21d3cf4e606aa27a69baa96beb35da9d383f87d5e288f83006ac5e9474e995f1
downstream_2500step,openpangu,sharegpt,step_000500,raw_auc500,lower,iid_matched,peft_default,1107,3,722.0140389241278,732.003179397434,-9.989140473306179,9.989140473306179,openpangu__sharegpt__qv__iid_matched__s1107__n2500,openpangu__sharegpt__qv__peft_default__s1107__n2500,4354692c99a463ece65281c316f62d02a55249db97376113dee8d43816e8ac2b,71557c61a16ad7c75f7fb6479b7a097bd4187366bd0f1a79715b648ddffe8c73
downstream_2500step,openpangu,sharegpt,step_000500,raw_auc500,lower,powerlaw_global_a06,peft_default,42,3,713.6388376317918,727.529932115227,-13.891094483435154,13.891094483435154,openpangu__sharegpt__qv__powerlaw_global_a06__s42__n2500,openpangu__sharegpt__qv__peft_default__s42__n2500,2faae1bddaec761efd37b07339fce081387c2308a0fe6e2f648dee74e2582887,0f9c9e482f332fd83dba99df4323c48c19b2ee644a13d3a20021a8234326ca25
downstream_2500step,openpangu,sharegpt,step_000500,raw_auc500,lower,powerlaw_global_a06,peft_default,123,3,710.2338837571442,723.4912674799562,-13.257383722811937,13.257383722811937,openpangu__sharegpt__qv__powerlaw_global_a06__s123__n2500,openpangu__sharegpt__qv__peft_default__s123__n2500,1393ba34b629d90571bae1a60cded69912fab6e3c599a546b8d790672983a54c,21d3cf4e606aa27a69baa96beb35da9d383f87d5e288f83006ac5e9474e995f1
downstream_2500step,openpangu,sharegpt,step_000500,raw_auc500,lower,powerlaw_global_a06,peft_default,1107,3,722.6885148137808,732.003179397434,-9.314664583653212,9.314664583653212,openpangu__sharegpt__qv__powerlaw_global_a06__s1107__n2500,openpangu__sharegpt__qv__peft_default__s1107__n2500,dd486ca7ebfe8bbe08fa8b5be4ddf2572165462865820addf870a6683fa467ac,71557c61a16ad7c75f7fb6479b7a097bd4187366bd0f1a79715b648ddffe8c73
downstream_2500step,openpangu,sharegpt,step_000500,raw_auc500,lower,peft_default,iid_matched,42,3,727.529932115227,710.5151397325099,17.014792382717133,-17.014792382717133,openpangu__sharegpt__qv__peft_default__s42__n2500,openpangu__sharegpt__qv__iid_matched__s42__n2500,0f9c9e482f332fd83dba99df4323c48c19b2ee644a13d3a20021a8234326ca25,d7f6779c20e10df691015687a2c4da533200f6391db563d47d91290013808127
downstream_2500step,openpangu,sharegpt,step_000500,raw_auc500,lower,peft_default,iid_matched,123,3,723.4912674799562,713.4120789840817,10.079188495874405,-10.079188495874405,openpangu__sharegpt__qv__peft_default__s123__n2500,openpangu__sharegpt__qv__iid_matched__s123__n2500,21d3cf4e606aa27a69baa96beb35da9d383f87d5e288f83006ac5e9474e995f1,46e2ad200bd316a8e7693f188315b7cd86272c95ae8479ac048a99e574494cd5
downstream_2500step,openpangu,sharegpt,step_000500,raw_auc500,lower,peft_default,iid_matched,1107,3,732.003179397434,722.0140389241278,9.989140473306179,-9.989140473306179,openpangu__sharegpt__qv__peft_default__s1107__n2500,openpangu__sharegpt__qv__iid_matched__s1107__n2500,71557c61a16ad7c75f7fb6479b7a097bd4187366bd0f1a79715b648ddffe8c73,4354692c99a463ece65281c316f62d02a55249db97376113dee8d43816e8ac2b
downstream_2500step,openpangu,sharegpt,step_000500,raw_auc500,lower,powerlaw_global_a06,iid_matched,42,3,713.6388376317918,710.5151397325099,3.1236978992819786,-3.1236978992819786,openpangu__sharegpt__qv__powerlaw_global_a06__s42__n2500,openpangu__sharegpt__qv__iid_matched__s42__n2500,2faae1bddaec761efd37b07339fce081387c2308a0fe6e2f648dee74e2582887,d7f6779c20e10df691015687a2c4da533200f6391db563d47d91290013808127
downstream_2500step,openpangu,sharegpt,step_000500,raw_auc500,lower,powerlaw_global_a06,iid_matched,123,3,710.2338837571442,713.4120789840817,-3.1781952269375324,3.1781952269375324,openpangu__sharegpt__qv__powerlaw_global_a06__s123__n2500,openpangu__sharegpt__qv__iid_matched__s123__n2500,1393ba34b629d90571bae1a60cded69912fab6e3c599a546b8d790672983a54c,46e2ad200bd316a8e7693f188315b7cd86272c95ae8479ac048a99e574494cd5
downstream_2500step,openpangu,sharegpt,step_000500,raw_auc500,lower,powerlaw_global_a06,iid_matched,1107,3,722.6885148137808,722.0140389241278,0.6744758896529675,-0.6744758896529675,openpangu__sharegpt__qv__powerlaw_global_a06__s1107__n2500,openpangu__sharegpt__qv__iid_matched__s1107__n2500,dd486ca7ebfe8bbe08fa8b5be4ddf2572165462865820addf870a6683fa467ac,4354692c99a463ece65281c316f62d02a55249db97376113dee8d43816e8ac2b
downstream_2500step,openpangu,sharegpt,step_002500,final_train_loss,lower,iid_matched,peft_default,42,3,0.8206335604190826,0.8277228027582169,-0.007089242339134216,0.007089242339134216,openpangu__sharegpt__qv__iid_matched__s42__n2500,openpangu__sharegpt__qv__peft_default__s42__n2500,d7f6779c20e10df691015687a2c4da533200f6391db563d47d91290013808127,0f9c9e482f332fd83dba99df4323c48c19b2ee644a13d3a20021a8234326ca25
downstream_2500step,openpangu,sharegpt,step_002500,final_train_loss,lower,iid_matched,peft_default,123,3,1.4269234091043472,1.4407464563846588,-0.013823047280311584,0.013823047280311584,openpangu__sharegpt__qv__iid_matched__s123__n2500,openpangu__sharegpt__qv__peft_default__s123__n2500,46e2ad200bd316a8e7693f188315b7cd86272c95ae8479ac048a99e574494cd5,21d3cf4e606aa27a69baa96beb35da9d383f87d5e288f83006ac5e9474e995f1
downstream_2500step,openpangu,sharegpt,step_002500,final_train_loss,lower,iid_matched,peft_default,1107,3,1.3815981894731522,1.3895593583583832,-0.007961168885231018,0.007961168885231018,openpangu__sharegpt__qv__iid_matched__s1107__n2500,openpangu__sharegpt__qv__peft_default__s1107__n2500,4354692c99a463ece65281c316f62d02a55249db97376113dee8d43816e8ac2b,71557c61a16ad7c75f7fb6479b7a097bd4187366bd0f1a79715b648ddffe8c73
downstream_2500step,openpangu,sharegpt,step_002500,final_train_loss,lower,powerlaw_global_a06,peft_default,42,3,0.8102511316537857,0.8277228027582169,-0.017471671104431152,0.017471671104431152,openpangu__sharegpt__qv__powerlaw_global_a06__s42__n2500,openpangu__sharegpt__qv__peft_default__s42__n2500,2faae1bddaec761efd37b07339fce081387c2308a0fe6e2f648dee74e2582887,0f9c9e482f332fd83dba99df4323c48c19b2ee644a13d3a20021a8234326ca25
downstream_2500step,openpangu,sharegpt,step_002500,final_train_loss,lower,powerlaw_global_a06,peft_default,123,3,1.4236613884568214,1.4407464563846588,-0.017085067927837372,0.017085067927837372,openpangu__sharegpt__qv__powerlaw_global_a06__s123__n2500,openpangu__sharegpt__qv__peft_default__s123__n2500,1393ba34b629d90571bae1a60cded69912fab6e3c599a546b8d790672983a54c,21d3cf4e606aa27a69baa96beb35da9d383f87d5e288f83006ac5e9474e995f1
downstream_2500step,openpangu,sharegpt,step_002500,final_train_loss,lower,powerlaw_global_a06,peft_default,1107,3,1.374922513961792,1.3895593583583832,-0.014636844396591187,0.014636844396591187,openpangu__sharegpt__qv__powerlaw_global_a06__s1107__n2500,openpangu__sharegpt__qv__peft_default__s1107__n2500,dd486ca7ebfe8bbe08fa8b5be4ddf2572165462865820addf870a6683fa467ac,71557c61a16ad7c75f7fb6479b7a097bd4187366bd0f1a79715b648ddffe8c73
downstream_2500step,openpangu,sharegpt,step_002500,final_train_loss,lower,peft_default,iid_matched,42,3,0.8277228027582169,0.8206335604190826,0.007089242339134216,-0.007089242339134216,openpangu__sharegpt__qv__peft_default__s42__n2500,openpangu__sharegpt__qv__iid_matched__s42__n2500,0f9c9e482f332fd83dba99df4323c48c19b2ee644a13d3a20021a8234326ca25,d7f6779c20e10df691015687a2c4da533200f6391db563d47d91290013808127
downstream_2500step,openpangu,sharegpt,step_002500,final_train_loss,lower,peft_default,iid_matched,123,3,1.4407464563846588,1.4269234091043472,0.013823047280311584,-0.013823047280311584,openpangu__sharegpt__qv__peft_default__s123__n2500,openpangu__sharegpt__qv__iid_matched__s123__n2500,21d3cf4e606aa27a69baa96beb35da9d383f87d5e288f83006ac5e9474e995f1,46e2ad200bd316a8e7693f188315b7cd86272c95ae8479ac048a99e574494cd5
downstream_2500step,openpangu,sharegpt,step_002500,final_train_loss,lower,peft_default,iid_matched,1107,3,1.3895593583583832,1.3815981894731522,0.007961168885231018,-0.007961168885231018,openpangu__sharegpt__qv__peft_default__s1107__n2500,openpangu__sharegpt__qv__iid_matched__s1107__n2500,71557c61a16ad7c75f7fb6479b7a097bd4187366bd0f1a79715b648ddffe8c73,4354692c99a463ece65281c316f62d02a55249db97376113dee8d43816e8ac2b
downstream_2500step,openpangu,sharegpt,step_002500,final_train_loss,lower,powerlaw_global_a06,iid_matched,42,3,0.8102511316537857,0.8206335604190826,-0.010382428765296936,0.010382428765296936,openpangu__sharegpt__qv__powerlaw_global_a06__s42__n2500,openpangu__sharegpt__qv__iid_matched__s42__n2500,2faae1bddaec761efd37b07339fce081387c2308a0fe6e2f648dee74e2582887,d7f6779c20e10df691015687a2c4da533200f6391db563d47d91290013808127
downstream_2500step,openpangu,sharegpt,step_002500,final_train_loss,lower,powerlaw_global_a06,iid_matched,123,3,1.4236613884568214,1.4269234091043472,-0.0032620206475257874,0.0032620206475257874,openpangu__sharegpt__qv__powerlaw_global_a06__s123__n2500,openpangu__sharegpt__qv__iid_matched__s123__n2500,1393ba34b629d90571bae1a60cded69912fab6e3c599a546b8d790672983a54c,46e2ad200bd316a8e7693f188315b7cd86272c95ae8479ac048a99e574494cd5
downstream_2500step,openpangu,sharegpt,step_002500,final_train_loss,lower,powerlaw_global_a06,iid_matched,1107,3,1.374922513961792,1.3815981894731522,-0.0066756755113601685,0.0066756755113601685,openpangu__sharegpt__qv__powerlaw_global_a06__s1107__n2500,openpangu__sharegpt__qv__iid_matched__s1107__n2500,dd486ca7ebfe8bbe08fa8b5be4ddf2572165462865820addf870a6683fa467ac,4354692c99a463ece65281c316f62d02a55249db97376113dee8d43816e8ac2b
downstream_2500step,openpangu,sharegpt,step_002500,heldout_nll,lower,powerlaw_global_a06,peft_default,42,3,1.1878001527115856,1.1963481778705178,-0.008548025158932271,0.008548025158932271,openpangu__sharegpt__qv__powerlaw_global_a06__s42__n2500,openpangu__sharegpt__qv__peft_default__s42__n2500,2faae1bddaec761efd37b07339fce081387c2308a0fe6e2f648dee74e2582887,0f9c9e482f332fd83dba99df4323c48c19b2ee644a13d3a20021a8234326ca25
downstream_2500step,openpangu,sharegpt,step_002500,heldout_nll,lower,powerlaw_global_a06,peft_default,123,3,1.1954979527978165,1.2003153503036637,-0.0048173975058471985,0.0048173975058471985,openpangu__sharegpt__qv__powerlaw_global_a06__s123__n2500,openpangu__sharegpt__qv__peft_default__s123__n2500,1393ba34b629d90571bae1a60cded69912fab6e3c599a546b8d790672983a54c,21d3cf4e606aa27a69baa96beb35da9d383f87d5e288f83006ac5e9474e995f1
downstream_2500step,openpangu,sharegpt,step_002500,heldout_nll,lower,powerlaw_global_a06,peft_default,1107,3,1.1870796295217971,1.1947642882071734,-0.007684658685376267,0.007684658685376267,openpangu__sharegpt__qv__powerlaw_global_a06__s1107__n2500,openpangu__sharegpt__qv__peft_default__s1107__n2500,dd486ca7ebfe8bbe08fa8b5be4ddf2572165462865820addf870a6683fa467ac,71557c61a16ad7c75f7fb6479b7a097bd4187366bd0f1a79715b648ddffe8c73
downstream_2500step,openpangu,sharegpt,step_002500,prometheus_absolute_score,higher,powerlaw_global_a06,peft_default,42,3,1.635,1.81,-0.17500000000000004,-0.17500000000000004,openpangu__sharegpt__qv__powerlaw_global_a06__s42__n2500,openpangu__sharegpt__qv__peft_default__s42__n2500,2faae1bddaec761efd37b07339fce081387c2308a0fe6e2f648dee74e2582887,0f9c9e482f332fd83dba99df4323c48c19b2ee644a13d3a20021a8234326ca25
downstream_2500step,openpangu,sharegpt,step_002500,prometheus_absolute_score,higher,powerlaw_global_a06,peft_default,123,3,1.575,1.715,-0.14000000000000012,-0.14000000000000012,openpangu__sharegpt__qv__powerlaw_global_a06__s123__n2500,openpangu__sharegpt__qv__peft_default__s123__n2500,1393ba34b629d90571bae1a60cded69912fab6e3c599a546b8d790672983a54c,21d3cf4e606aa27a69baa96beb35da9d383f87d5e288f83006ac5e9474e995f1
downstream_2500step,openpangu,sharegpt,step_002500,prometheus_absolute_score,higher,powerlaw_global_a06,peft_default,1107,3,1.695,1.605,0.09000000000000008,0.09000000000000008,openpangu__sharegpt__qv__powerlaw_global_a06__s1107__n2500,openpangu__sharegpt__qv__peft_default__s1107__n2500,dd486ca7ebfe8bbe08fa8b5be4ddf2572165462865820addf870a6683fa467ac,71557c61a16ad7c75f7fb6479b7a097bd4187366bd0f1a79715b648ddffe8c73
downstream_2500step,openpangu,sharegpt,step_002500,prometheus_judged_samples,higher,powerlaw_global_a06,peft_default,42,3,200.0,200.0,0.0,0.0,openpangu__sharegpt__qv__powerlaw_global_a06__s42__n2500,openpangu__sharegpt__qv__peft_default__s42__n2500,2faae1bddaec761efd37b07339fce081387c2308a0fe6e2f648dee74e2582887,0f9c9e482f332fd83dba99df4323c48c19b2ee644a13d3a20021a8234326ca25
downstream_2500step,openpangu,sharegpt,step_002500,prometheus_judged_samples,higher,powerlaw_global_a06,peft_default,123,3,200.0,200.0,0.0,0.0,openpangu__sharegpt__qv__powerlaw_global_a06__s123__n2500,openpangu__sharegpt__qv__peft_default__s123__n2500,1393ba34b629d90571bae1a60cded69912fab6e3c599a546b8d790672983a54c,21d3cf4e606aa27a69baa96beb35da9d383f87d5e288f83006ac5e9474e995f1
downstream_2500step,openpangu,sharegpt,step_002500,prometheus_judged_samples,higher,powerlaw_global_a06,peft_default,1107,3,200.0,200.0,0.0,0.0,openpangu__sharegpt__qv__powerlaw_global_a06__s1107__n2500,openpangu__sharegpt__qv__peft_default__s1107__n2500,dd486ca7ebfe8bbe08fa8b5be4ddf2572165462865820addf870a6683fa467ac,71557c61a16ad7c75f7fb6479b7a097bd4187366bd0f1a79715b648ddffe8c73
downstream_2500step,openpangu,sharegpt,step_002500,prometheus_unjudgeable_samples,higher,powerlaw_global_a06,peft_default,42,3,0.0,0.0,0.0,0.0,openpangu__sharegpt__qv__powerlaw_global_a06__s42__n2500,openpangu__sharegpt__qv__peft_default__s42__n2500,2faae1bddaec761efd37b07339fce081387c2308a0fe6e2f648dee74e2582887,0f9c9e482f332fd83dba99df4323c48c19b2ee644a13d3a20021a8234326ca25
downstream_2500step,openpangu,sharegpt,step_002500,prometheus_unjudgeable_samples,higher,powerlaw_global_a06,peft_default,123,3,0.0,0.0,0.0,0.0,openpangu__sharegpt__qv__powerlaw_global_a06__s123__n2500,openpangu__sharegpt__qv__peft_default__s123__n2500,1393ba34b629d90571bae1a60cded69912fab6e3c599a546b8d790672983a54c,21d3cf4e606aa27a69baa96beb35da9d383f87d5e288f83006ac5e9474e995f1
downstream_2500step,openpangu,sharegpt,step_002500,prometheus_unjudgeable_samples,higher,powerlaw_global_a06,peft_default,1107,3,0.0,0.0,0.0,0.0,openpangu__sharegpt__qv__powerlaw_global_a06__s1107__n2500,openpangu__sharegpt__qv__peft_default__s1107__n2500,dd486ca7ebfe8bbe08fa8b5be4ddf2572165462865820addf870a6683fa467ac,71557c61a16ad7c75f7fb6479b7a097bd4187366bd0f1a79715b648ddffe8c73
downstream_2500step,qwen,cmmlu,step_000500,raw_auc500,lower,iid_matched,peft_default,42,3,484.10226104035974,506.6828713528812,-22.580610312521458,22.580610312521458,qwen__cmmlu__qv__iid_matched__s42__n2500,qwen__cmmlu__qv__peft_default__s42__n2500,d3db1fbf1198a8c6f1784d9dd94f40f306d46d177673b495682a128502ad69a9,b53dd876d8b973fad232a3dd293ffb1b48fe77c26c6f06a1f432a564ed05ec28
downstream_2500step,qwen,cmmlu,step_000500,raw_auc500,lower,iid_matched,peft_default,123,3,478.65406901575625,505.89324237406254,-27.23917335830629,27.23917335830629,qwen__cmmlu__qv__iid_matched__s123__n2500,qwen__cmmlu__qv__peft_default__s123__n2500,0ab1a065f000027b6b3ee5e343405e6c4fa02e5d7badc1dd17149c025c0b88a6,f953014b16896a15acf04f22e34663538d8a0418bd67a0ebea5de0c3d2da1cae
downstream_2500step,qwen,cmmlu,step_000500,raw_auc500,lower,iid_matched,peft_default,1107,3,476.63647948578,505.57390726171434,-28.93742777593434,28.93742777593434,qwen__cmmlu__qv__iid_matched__s1107__n2500,qwen__cmmlu__qv__peft_default__s1107__n2500,ff8d571d111996511be34b6021c9c1ba8a51083478972da232cfdcc89120702d,235d28f74daa7f28febb467fcce04b134801f7310a0ce59b397f44a2ea8eeb86
downstream_2500step,qwen,cmmlu,step_000500,raw_auc500,lower,powerlaw_global_a06,peft_default,42,3,481.71024058386683,506.6828713528812,-24.97263076901436,24.97263076901436,qwen__cmmlu__qv__powerlaw_global_a06__s42__n2500,qwen__cmmlu__qv__peft_default__s42__n2500,6517f648ddcc952155e1be5336e9bd27ba79fe306b0cdc81942378706cb9e6aa,b53dd876d8b973fad232a3dd293ffb1b48fe77c26c6f06a1f432a564ed05ec28
downstream_2500step,qwen,cmmlu,step_000500,raw_auc500,lower,powerlaw_global_a06,peft_default,123,3,476.15999444015324,505.89324237406254,-29.733247933909297,29.733247933909297,qwen__cmmlu__qv__powerlaw_global_a06__s123__n2500,qwen__cmmlu__qv__peft_default__s123__n2500,f66ec32512934cae4c2dab56857a121cdea603157bd44217e4297d8155c92837,f953014b16896a15acf04f22e34663538d8a0418bd67a0ebea5de0c3d2da1cae
downstream_2500step,qwen,cmmlu,step_000500,raw_auc500,lower,powerlaw_global_a06,peft_default,1107,3,475.7196907773614,505.57390726171434,-29.854216484352946,29.854216484352946,qwen__cmmlu__qv__powerlaw_global_a06__s1107__n2500,qwen__cmmlu__qv__peft_default__s1107__n2500,d7ab8b6b49fd90131f6c3f504fd5ac6d208786e729107b6953c659b05806460b,235d28f74daa7f28febb467fcce04b134801f7310a0ce59b397f44a2ea8eeb86
downstream_2500step,qwen,cmmlu,step_000500,raw_auc500,lower,peft_default,iid_matched,42,3,506.6828713528812,484.10226104035974,22.580610312521458,-22.580610312521458,qwen__cmmlu__qv__peft_default__s42__n2500,qwen__cmmlu__qv__iid_matched__s42__n2500,b53dd876d8b973fad232a3dd293ffb1b48fe77c26c6f06a1f432a564ed05ec28,d3db1fbf1198a8c6f1784d9dd94f40f306d46d177673b495682a128502ad69a9
downstream_2500step,qwen,cmmlu,step_000500,raw_auc500,lower,peft_default,iid_matched,123,3,505.89324237406254,478.65406901575625,27.23917335830629,-27.23917335830629,qwen__cmmlu__qv__peft_default__s123__n2500,qwen__cmmlu__qv__iid_matched__s123__n2500,f953014b16896a15acf04f22e34663538d8a0418bd67a0ebea5de0c3d2da1cae,0ab1a065f000027b6b3ee5e343405e6c4fa02e5d7badc1dd17149c025c0b88a6
downstream_2500step,qwen,cmmlu,step_000500,raw_auc500,lower,peft_default,iid_matched,1107,3,505.57390726171434,476.63647948578,28.93742777593434,-28.93742777593434,qwen__cmmlu__qv__peft_default__s1107__n2500,qwen__cmmlu__qv__iid_matched__s1107__n2500,235d28f74daa7f28febb467fcce04b134801f7310a0ce59b397f44a2ea8eeb86,ff8d571d111996511be34b6021c9c1ba8a51083478972da232cfdcc89120702d
downstream_2500step,qwen,cmmlu,step_000500,raw_auc500,lower,powerlaw_global_a06,iid_matched,42,3,481.71024058386683,484.10226104035974,-2.392020456492901,2.392020456492901,qwen__cmmlu__qv__powerlaw_global_a06__s42__n2500,qwen__cmmlu__qv__iid_matched__s42__n2500,6517f648ddcc952155e1be5336e9bd27ba79fe306b0cdc81942378706cb9e6aa,d3db1fbf1198a8c6f1784d9dd94f40f306d46d177673b495682a128502ad69a9
downstream_2500step,qwen,cmmlu,step_000500,raw_auc500,lower,powerlaw_global_a06,iid_matched,123,3,476.15999444015324,478.65406901575625,-2.4940745756030083,2.4940745756030083,qwen__cmmlu__qv__powerlaw_global_a06__s123__n2500,qwen__cmmlu__qv__iid_matched__s123__n2500,f66ec32512934cae4c2dab56857a121cdea603157bd44217e4297d8155c92837,0ab1a065f000027b6b3ee5e343405e6c4fa02e5d7badc1dd17149c025c0b88a6
downstream_2500step,qwen,cmmlu,step_000500,raw_auc500,lower,powerlaw_global_a06,iid_matched,1107,3,475.7196907773614,476.63647948578,-0.9167887084186077,0.9167887084186077,qwen__cmmlu__qv__powerlaw_global_a06__s1107__n2500,qwen__cmmlu__qv__iid_matched__s1107__n2500,d7ab8b6b49fd90131f6c3f504fd5ac6d208786e729107b6953c659b05806460b,ff8d571d111996511be34b6021c9c1ba8a51083478972da232cfdcc89120702d
downstream_2500step,qwen,cmmlu,step_002500,final_train_loss,lower,iid_matched,peft_default,42,3,0.18583417311310768,0.18543951399624348,0.0003946591168642044,-0.0003946591168642044,qwen__cmmlu__qv__iid_matched__s42__n2500,qwen__cmmlu__qv__peft_default__s42__n2500,d3db1fbf1198a8c6f1784d9dd94f40f306d46d177673b495682a128502ad69a9,b53dd876d8b973fad232a3dd293ffb1b48fe77c26c6f06a1f432a564ed05ec28
downstream_2500step,qwen,cmmlu,step_002500,final_train_loss,lower,iid_matched,peft_default,123,3,0.16420697700232267,0.21674705669283867,-0.052540079690515995,0.052540079690515995,qwen__cmmlu__qv__iid_matched__s123__n2500,qwen__cmmlu__qv__peft_default__s123__n2500,0ab1a065f000027b6b3ee5e343405e6c4fa02e5d7badc1dd17149c025c0b88a6,f953014b16896a15acf04f22e34663538d8a0418bd67a0ebea5de0c3d2da1cae
downstream_2500step,qwen,cmmlu,step_002500,final_train_loss,lower,iid_matched,peft_default,1107,3,0.1436796672642231,0.14399175252765417,-0.00031208526343107224,0.00031208526343107224,qwen__cmmlu__qv__iid_matched__s1107__n2500,qwen__cmmlu__qv__peft_default__s1107__n2500,ff8d571d111996511be34b6021c9c1ba8a51083478972da232cfdcc89120702d,235d28f74daa7f28febb467fcce04b134801f7310a0ce59b397f44a2ea8eeb86
downstream_2500step,qwen,cmmlu,step_002500,final_train_loss,lower,powerlaw_global_a06,peft_default,42,3,0.18475960940122604,0.18543951399624348,-0.0006799045950174332,0.0006799045950174332,qwen__cmmlu__qv__powerlaw_global_a06__s42__n2500,qwen__cmmlu__qv__peft_default__s42__n2500,6517f648ddcc952155e1be5336e9bd27ba79fe306b0cdc81942378706cb9e6aa,b53dd876d8b973fad232a3dd293ffb1b48fe77c26c6f06a1f432a564ed05ec28
downstream_2500step,qwen,cmmlu,step_002500,final_train_loss,lower,powerlaw_global_a06,peft_default,123,3,0.17661896161735058,0.21674705669283867,-0.04012809507548809,0.04012809507548809,qwen__cmmlu__qv__powerlaw_global_a06__s123__n2500,qwen__cmmlu__qv__peft_default__s123__n2500,f66ec32512934cae4c2dab56857a121cdea603157bd44217e4297d8155c92837,f953014b16896a15acf04f22e34663538d8a0418bd67a0ebea5de0c3d2da1cae
downstream_2500step,qwen,cmmlu,step_002500,final_train_loss,lower,powerlaw_global_a06,peft_default,1107,3,0.14451302494853735,0.14399175252765417,0.0005212724208831787,-0.0005212724208831787,qwen__cmmlu__qv__powerlaw_global_a06__s1107__n2500,qwen__cmmlu__qv__peft_default__s1107__n2500,d7ab8b6b49fd90131f6c3f504fd5ac6d208786e729107b6953c659b05806460b,235d28f74daa7f28febb467fcce04b134801f7310a0ce59b397f44a2ea8eeb86
downstream_2500step,qwen,cmmlu,step_002500,final_train_loss,lower,peft_default,iid_matched,42,3,0.18543951399624348,0.18583417311310768,-0.0003946591168642044,0.0003946591168642044,qwen__cmmlu__qv__peft_default__s42__n2500,qwen__cmmlu__qv__iid_matched__s42__n2500,b53dd876d8b973fad232a3dd293ffb1b48fe77c26c6f06a1f432a564ed05ec28,d3db1fbf1198a8c6f1784d9dd94f40f306d46d177673b495682a128502ad69a9
downstream_2500step,qwen,cmmlu,step_002500,final_train_loss,lower,peft_default,iid_matched,123,3,0.21674705669283867,0.16420697700232267,0.052540079690515995,-0.052540079690515995,qwen__cmmlu__qv__peft_default__s123__n2500,qwen__cmmlu__qv__iid_matched__s123__n2500,f953014b16896a15acf04f22e34663538d8a0418bd67a0ebea5de0c3d2da1cae,0ab1a065f000027b6b3ee5e343405e6c4fa02e5d7badc1dd17149c025c0b88a6
downstream_2500step,qwen,cmmlu,step_002500,final_train_loss,lower,peft_default,iid_matched,1107,3,0.14399175252765417,0.1436796672642231,0.00031208526343107224,-0.00031208526343107224,qwen__cmmlu__qv__peft_default__s1107__n2500,qwen__cmmlu__qv__iid_matched__s1107__n2500,235d28f74daa7f28febb467fcce04b134801f7310a0ce59b397f44a2ea8eeb86,ff8d571d111996511be34b6021c9c1ba8a51083478972da232cfdcc89120702d
downstream_2500step,qwen,cmmlu,step_002500,final_train_loss,lower,powerlaw_global_a06,iid_matched,42,3,0.18475960940122604,0.18583417311310768,-0.0010745637118816376,0.0010745637118816376,qwen__cmmlu__qv__powerlaw_global_a06__s42__n2500,qwen__cmmlu__qv__iid_matched__s42__n2500,6517f648ddcc952155e1be5336e9bd27ba79fe306b0cdc81942378706cb9e6aa,d3db1fbf1198a8c6f1784d9dd94f40f306d46d177673b495682a128502ad69a9
downstream_2500step,qwen,cmmlu,step_002500,final_train_loss,lower,powerlaw_global_a06,iid_matched,123,3,0.17661896161735058,0.16420697700232267,0.012411984615027905,-0.012411984615027905,qwen__cmmlu__qv__powerlaw_global_a06__s123__n2500,qwen__cmmlu__qv__iid_matched__s123__n2500,f66ec32512934cae4c2dab56857a121cdea603157bd44217e4297d8155c92837,0ab1a065f000027b6b3ee5e343405e6c4fa02e5d7badc1dd17149c025c0b88a6
downstream_2500step,qwen,cmmlu,step_002500,final_train_loss,lower,powerlaw_global_a06,iid_matched,1107,3,0.14451302494853735,0.1436796672642231,0.000833357684314251,-0.000833357684314251,qwen__cmmlu__qv__powerlaw_global_a06__s1107__n2500,qwen__cmmlu__qv__iid_matched__s1107__n2500,d7ab8b6b49fd90131f6c3f504fd5ac6d208786e729107b6953c659b05806460b,ff8d571d111996511be34b6021c9c1ba8a51083478972da232cfdcc89120702d
downstream_2500step,qwen,cmmlu,step_002500,macro_accuracy,higher,iid_matched,peft_default,42,3,0.7656098449052703,0.7619391235163032,0.0036707213889670687,0.0036707213889670687,qwen__cmmlu__qv__iid_matched__s42__n2500,qwen__cmmlu__qv__peft_default__s42__n2500,d3db1fbf1198a8c6f1784d9dd94f40f306d46d177673b495682a128502ad69a9,b53dd876d8b973fad232a3dd293ffb1b48fe77c26c6f06a1f432a564ed05ec28
downstream_2500step,qwen,cmmlu,step_002500,macro_accuracy,higher,iid_matched,peft_default,123,3,0.7642930446417145,0.7561909784012508,0.008102066240463723,0.008102066240463723,qwen__cmmlu__qv__iid_matched__s123__n2500,qwen__cmmlu__qv__peft_default__s123__n2500,0ab1a065f000027b6b3ee5e343405e6c4fa02e5d7badc1dd17149c025c0b88a6,f953014b16896a15acf04f22e34663538d8a0418bd67a0ebea5de0c3d2da1cae
downstream_2500step,qwen,cmmlu,step_002500,macro_accuracy,higher,iid_matched,peft_default,1107,3,0.756280691531028,0.7557170147599171,0.0005636767711107993,0.0005636767711107993,qwen__cmmlu__qv__iid_matched__s1107__n2500,qwen__cmmlu__qv__peft_default__s1107__n2500,ff8d571d111996511be34b6021c9c1ba8a51083478972da232cfdcc89120702d,235d28f74daa7f28febb467fcce04b134801f7310a0ce59b397f44a2ea8eeb86
downstream_2500step,qwen,cmmlu,step_002500,macro_accuracy,higher,powerlaw_global_a06,peft_default,42,3,0.7698189282344782,0.7619391235163032,0.007879804718174954,0.007879804718174954,qwen__cmmlu__qv__powerlaw_global_a06__s42__n2500,qwen__cmmlu__qv__peft_default__s42__n2500,6517f648ddcc952155e1be5336e9bd27ba79fe306b0cdc81942378706cb9e6aa,b53dd876d8b973fad232a3dd293ffb1b48fe77c26c6f06a1f432a564ed05ec28
downstream_2500step,qwen,cmmlu,step_002500,macro_accuracy,higher,powerlaw_global_a06,peft_default,123,3,0.7667711204248022,0.7561909784012508,0.010580142023551398,0.010580142023551398,qwen__cmmlu__qv__powerlaw_global_a06__s123__n2500,qwen__cmmlu__qv__peft_default__s123__n2500,f66ec32512934cae4c2dab56857a121cdea603157bd44217e4297d8155c92837,f953014b16896a15acf04f22e34663538d8a0418bd67a0ebea5de0c3d2da1cae
downstream_2500step,qwen,cmmlu,step_002500,macro_accuracy,higher,powerlaw_global_a06,peft_default,1107,3,0.7676835344402088,0.7557170147599171,0.01196651968029161,0.01196651968029161,qwen__cmmlu__qv__powerlaw_global_a06__s1107__n2500,qwen__cmmlu__qv__peft_default__s1107__n2500,d7ab8b6b49fd90131f6c3f504fd5ac6d208786e729107b6953c659b05806460b,235d28f74daa7f28febb467fcce04b134801f7310a0ce59b397f44a2ea8eeb86
downstream_2500step,qwen,cmmlu,step_002500,macro_accuracy,higher,peft_default,iid_matched,42,3,0.7619391235163032,0.7656098449052703,-0.0036707213889670687,-0.0036707213889670687,qwen__cmmlu__qv__peft_default__s42__n2500,qwen__cmmlu__qv__iid_matched__s42__n2500,b53dd876d8b973fad232a3dd293ffb1b48fe77c26c6f06a1f432a564ed05ec28,d3db1fbf1198a8c6f1784d9dd94f40f306d46d177673b495682a128502ad69a9
downstream_2500step,qwen,cmmlu,step_002500,macro_accuracy,higher,peft_default,iid_matched,123,3,0.7561909784012508,0.7642930446417145,-0.008102066240463723,-0.008102066240463723,qwen__cmmlu__qv__peft_default__s123__n2500,qwen__cmmlu__qv__iid_matched__s123__n2500,f953014b16896a15acf04f22e34663538d8a0418bd67a0ebea5de0c3d2da1cae,0ab1a065f000027b6b3ee5e343405e6c4fa02e5d7badc1dd17149c025c0b88a6
downstream_2500step,qwen,cmmlu,step_002500,macro_accuracy,higher,peft_default,iid_matched,1107,3,0.7557170147599171,0.756280691531028,-0.0005636767711107993,-0.0005636767711107993,qwen__cmmlu__qv__peft_default__s1107__n2500,qwen__cmmlu__qv__iid_matched__s1107__n2500,235d28f74daa7f28febb467fcce04b134801f7310a0ce59b397f44a2ea8eeb86,ff8d571d111996511be34b6021c9c1ba8a51083478972da232cfdcc89120702d
downstream_2500step,qwen,cmmlu,step_002500,macro_accuracy,higher,powerlaw_global_a06,iid_matched,42,3,0.7698189282344782,0.7656098449052703,0.0042090833292078855,0.0042090833292078855,qwen__cmmlu__qv__powerlaw_global_a06__s42__n2500,qwen__cmmlu__qv__iid_matched__s42__n2500,6517f648ddcc952155e1be5336e9bd27ba79fe306b0cdc81942378706cb9e6aa,d3db1fbf1198a8c6f1784d9dd94f40f306d46d177673b495682a128502ad69a9
downstream_2500step,qwen,cmmlu,step_002500,macro_accuracy,higher,powerlaw_global_a06,iid_matched,123,3,0.7667711204248022,0.7642930446417145,0.0024780757830876743,0.0024780757830876743,qwen__cmmlu__qv__powerlaw_global_a06__s123__n2500,qwen__cmmlu__qv__iid_matched__s123__n2500,f66ec32512934cae4c2dab56857a121cdea603157bd44217e4297d8155c92837,0ab1a065f000027b6b3ee5e343405e6c4fa02e5d7badc1dd17149c025c0b88a6
downstream_2500step,qwen,cmmlu,step_002500,macro_accuracy,higher,powerlaw_global_a06,iid_matched,1107,3,0.7676835344402088,0.756280691531028,0.01140284290918081,0.01140284290918081,qwen__cmmlu__qv__powerlaw_global_a06__s1107__n2500,qwen__cmmlu__qv__iid_matched__s1107__n2500,d7ab8b6b49fd90131f6c3f504fd5ac6d208786e729107b6953c659b05806460b,ff8d571d111996511be34b6021c9c1ba8a51083478972da232cfdcc89120702d
downstream_2500step,qwen,gsm8k,step_000500,raw_auc500,lower,powerlaw_global_a06,peft_default,42,3,93.68961227475666,95.32133001484908,-1.6317177400924265,1.6317177400924265,qwen__gsm8k__qv__powerlaw_global_a06__s42__n2500,qwen__gsm8k__qv__peft_default__s42__n2500,3e5caf35c57289b1bd79b065de50688dd05daf2a3ac80fb59354eb9c6a03ad9d,c40703a933ff1d202d29fe6f950fbe6602ff21a105fcaa6d4ce3426023161d4e
downstream_2500step,qwen,gsm8k,step_000500,raw_auc500,lower,powerlaw_global_a06,peft_default,123,3,94.26441897125915,96.41031415108591,-2.1458951798267663,2.1458951798267663,qwen__gsm8k__qv__powerlaw_global_a06__s123__n2500,qwen__gsm8k__qv__peft_default__s123__n2500,df7913b4ca7309ecd32f8da465589706a1eee1ed8fd2bf9cd7fb132fe387c736,08d18fe421962ffcd2b747a63581d83f0ed125e85186f3508fd4b7ff6945dd48
downstream_2500step,qwen,gsm8k,step_000500,raw_auc500,lower,powerlaw_global_a06,peft_default,1107,3,92.86335124308243,95.21952340891585,-2.3561721658334136,2.3561721658334136,qwen__gsm8k__qv__powerlaw_global_a06__s1107__n2500,qwen__gsm8k__qv__peft_default__s1107__n2500,981f014b2aca339c5ea3f1c52a72082843240df003c48bd9e0b36fdebab39564,8b55ef5d1e63423f6e7f50c6c698902a628beb9c078ebce9e8fc2f4abbe00fab
downstream_2500step,qwen,gsm8k,step_002500,exact_match,higher,powerlaw_global_a06,peft_default,42,3,0.7816527672479151,0.7725549658832449,0.0090978013646702,0.0090978013646702,qwen__gsm8k__qv__powerlaw_global_a06__s42__n2500,qwen__gsm8k__qv__peft_default__s42__n2500,3e5caf35c57289b1bd79b065de50688dd05daf2a3ac80fb59354eb9c6a03ad9d,c40703a933ff1d202d29fe6f950fbe6602ff21a105fcaa6d4ce3426023161d4e
downstream_2500step,qwen,gsm8k,step_002500,exact_match,higher,powerlaw_global_a06,peft_default,123,3,0.7808946171341926,0.778620166793025,0.0022744503411675776,0.0022744503411675776,qwen__gsm8k__qv__powerlaw_global_a06__s123__n2500,qwen__gsm8k__qv__peft_default__s123__n2500,df7913b4ca7309ecd32f8da465589706a1eee1ed8fd2bf9cd7fb132fe387c736,08d18fe421962ffcd2b747a63581d83f0ed125e85186f3508fd4b7ff6945dd48
downstream_2500step,qwen,gsm8k,step_002500,exact_match,higher,powerlaw_global_a06,peft_default,1107,3,0.7816527672479151,0.7626990144048522,0.018953752843062888,0.018953752843062888,qwen__gsm8k__qv__powerlaw_global_a06__s1107__n2500,qwen__gsm8k__qv__peft_default__s1107__n2500,981f014b2aca339c5ea3f1c52a72082843240df003c48bd9e0b36fdebab39564,8b55ef5d1e63423f6e7f50c6c698902a628beb9c078ebce9e8fc2f4abbe00fab
downstream_2500step,qwen,gsm8k,step_002500,final_train_loss,lower,powerlaw_global_a06,peft_default,42,3,0.11632896959781647,0.1170389773324132,-0.0007100077345967293,0.0007100077345967293,qwen__gsm8k__qv__powerlaw_global_a06__s42__n2500,qwen__gsm8k__qv__peft_default__s42__n2500,3e5caf35c57289b1bd79b065de50688dd05daf2a3ac80fb59354eb9c6a03ad9d,c40703a933ff1d202d29fe6f950fbe6602ff21a105fcaa6d4ce3426023161d4e
downstream_2500step,qwen,gsm8k,step_002500,final_train_loss,lower,powerlaw_global_a06,peft_default,123,3,0.11827934719622135,0.11989338882267475,-0.0016140416264533997,0.0016140416264533997,qwen__gsm8k__qv__powerlaw_global_a06__s123__n2500,qwen__gsm8k__qv__peft_default__s123__n2500,df7913b4ca7309ecd32f8da465589706a1eee1ed8fd2bf9cd7fb132fe387c736,08d18fe421962ffcd2b747a63581d83f0ed125e85186f3508fd4b7ff6945dd48
downstream_2500step,qwen,gsm8k,step_002500,final_train_loss,lower,powerlaw_global_a06,peft_default,1107,3,0.13866995833814144,0.1436403999105096,-0.004970441572368145,0.004970441572368145,qwen__gsm8k__qv__powerlaw_global_a06__s1107__n2500,qwen__gsm8k__qv__peft_default__s1107__n2500,981f014b2aca339c5ea3f1c52a72082843240df003c48bd9e0b36fdebab39564,8b55ef5d1e63423f6e7f50c6c698902a628beb9c078ebce9e8fc2f4abbe00fab
downstream_2500step,qwen,mbpp,step_000500,raw_auc500,lower,powerlaw_global_a06,peft_default,42,3,412.9120066622272,416.2242478476837,-3.3122411854565144,3.3122411854565144,qwen__mbpp__qv__powerlaw_global_a06__s42__n2500,qwen__mbpp__qv__peft_default__s42__n2500,b155f3d5817e620188937179038c6cd518a8410b225e4493d88700cfc14f90c1,89aa660095fe7f4e0ef31d58fefab8ac41203011339c42bd7c0a1dd94d1528ad
downstream_2500step,qwen,mbpp,step_000500,raw_auc500,lower,powerlaw_global_a06,peft_default,123,3,411.7341825561598,420.93816182296723,-9.203979266807437,9.203979266807437,qwen__mbpp__qv__powerlaw_global_a06__s123__n2500,qwen__mbpp__qv__peft_default__s123__n2500,c587d21ecd501a69781c5c08eaff6d99944f9060a7f5cb2a6b08080606e2f270,0ea00fb0cee84b94c368788ba0d4ac0fe4eda2c2e512d9edb01aed5990574de3
downstream_2500step,qwen,mbpp,step_000500,raw_auc500,lower,powerlaw_global_a06,peft_default,1107,3,413.8361830152571,421.33696138765663,-7.500778372399509,7.500778372399509,qwen__mbpp__qv__powerlaw_global_a06__s1107__n2500,qwen__mbpp__qv__peft_default__s1107__n2500,c44cf9da81a5e34eeac6e7c11fe6d01cba0b928208e759bddaa8c725587e826b,e60e989954ff8eaf32037973e5df582ade3ebcb33c291d980df20b427da7742f
downstream_2500step,qwen,mbpp,step_002500,final_train_loss,lower,powerlaw_global_a06,peft_default,42,3,0.1551908804103732,0.1828947514295578,-0.02770387101918459,0.02770387101918459,qwen__mbpp__qv__powerlaw_global_a06__s42__n2500,qwen__mbpp__qv__peft_default__s42__n2500,b155f3d5817e620188937179038c6cd518a8410b225e4493d88700cfc14f90c1,89aa660095fe7f4e0ef31d58fefab8ac41203011339c42bd7c0a1dd94d1528ad
downstream_2500step,qwen,mbpp,step_002500,final_train_loss,lower,powerlaw_global_a06,peft_default,123,3,0.1402006335556507,0.17762607149779797,-0.037425437942147255,0.037425437942147255,qwen__mbpp__qv__powerlaw_global_a06__s123__n2500,qwen__mbpp__qv__peft_default__s123__n2500,c587d21ecd501a69781c5c08eaff6d99944f9060a7f5cb2a6b08080606e2f270,0ea00fb0cee84b94c368788ba0d4ac0fe4eda2c2e512d9edb01aed5990574de3
downstream_2500step,qwen,mbpp,step_002500,final_train_loss,lower,powerlaw_global_a06,peft_default,1107,3,0.14540334045886993,0.1801943127065897,-0.034790972247719765,0.034790972247719765,qwen__mbpp__qv__powerlaw_global_a06__s1107__n2500,qwen__mbpp__qv__peft_default__s1107__n2500,c44cf9da81a5e34eeac6e7c11fe6d01cba0b928208e759bddaa8c725587e826b,e60e989954ff8eaf32037973e5df582ade3ebcb33c291d980df20b427da7742f
downstream_2500step,qwen,mbpp,step_002500,pass_at_1,higher,powerlaw_global_a06,peft_default,42,3,0.41711229946524064,0.3983957219251337,0.01871657754010697,0.01871657754010697,qwen__mbpp__qv__powerlaw_global_a06__s42__n2500,qwen__mbpp__qv__peft_default__s42__n2500,b155f3d5817e620188937179038c6cd518a8410b225e4493d88700cfc14f90c1,89aa660095fe7f4e0ef31d58fefab8ac41203011339c42bd7c0a1dd94d1528ad
downstream_2500step,qwen,mbpp,step_002500,pass_at_1,higher,powerlaw_global_a06,peft_default,123,3,0.4304812834224599,0.41711229946524064,0.01336898395721925,0.01336898395721925,qwen__mbpp__qv__powerlaw_global_a06__s123__n2500,qwen__mbpp__qv__peft_default__s123__n2500,c587d21ecd501a69781c5c08eaff6d99944f9060a7f5cb2a6b08080606e2f270,0ea00fb0cee84b94c368788ba0d4ac0fe4eda2c2e512d9edb01aed5990574de3
downstream_2500step,qwen,mbpp,step_002500,pass_at_1,higher,powerlaw_global_a06,peft_default,1107,3,0.393048128342246,0.4117647058823529,-0.018716577540106916,-0.018716577540106916,qwen__mbpp__qv__powerlaw_global_a06__s1107__n2500,qwen__mbpp__qv__peft_default__s1107__n2500,c44cf9da81a5e34eeac6e7c11fe6d01cba0b928208e759bddaa8c725587e826b,e60e989954ff8eaf32037973e5df582ade3ebcb33c291d980df20b427da7742f
downstream_2500step,qwen,sharegpt,step_000500,raw_auc500,lower,powerlaw_global_a06,peft_default,42,3,496.0544320549816,496.6199745964259,-0.5655425414443016,0.5655425414443016,qwen__sharegpt__qv__powerlaw_global_a06__s42__n2500,qwen__sharegpt__qv__peft_default__s42__n2500,894b64e0032627e728d5ddf8f0f65b992d534f675b97d9b964d928025c4d7a1b,90eaad360e336bc9068526603bdcd6ea65bd376a4f52e4084d7d1cd5738a597f
downstream_2500step,qwen,sharegpt,step_000500,raw_auc500,lower,powerlaw_global_a06,peft_default,123,3,492.1711054816842,492.8752400195226,-0.7041345378383994,0.7041345378383994,qwen__sharegpt__qv__powerlaw_global_a06__s123__n2500,qwen__sharegpt__qv__peft_default__s123__n2500,30470cf67a6f09e0ce6da61a09b37a48959e1fc42569465ccc03577c5d8767f7,30419b8299de215b87ddf0571c13fb3faf2052c25eea57b538d9ac16fcac48c1
downstream_2500step,qwen,sharegpt,step_000500,raw_auc500,lower,powerlaw_global_a06,peft_default,1107,3,497.7885544989258,498.5618453565985,-0.7732908576726913,0.7732908576726913,qwen__sharegpt__qv__powerlaw_global_a06__s1107__n2500,qwen__sharegpt__qv__peft_default__s1107__n2500,b4b2411f85d8d0a5d8c460327062d80fe63dcad5b9c61b3ac9f4298e22ccd5d3,c1cd550ec1152857048e3569ff0ebb3b0a5251d5744fe4016f4b9efde9503629
downstream_2500step,qwen,sharegpt,step_002500,final_train_loss,lower,powerlaw_global_a06,peft_default,42,3,0.6092468053102493,0.6110758818686008,-0.0018290765583515167,0.0018290765583515167,qwen__sharegpt__qv__powerlaw_global_a06__s42__n2500,qwen__sharegpt__qv__peft_default__s42__n2500,894b64e0032627e728d5ddf8f0f65b992d534f675b97d9b964d928025c4d7a1b,90eaad360e336bc9068526603bdcd6ea65bd376a4f52e4084d7d1cd5738a597f
downstream_2500step,qwen,sharegpt,step_002500,final_train_loss,lower,powerlaw_global_a06,peft_default,123,3,1.1306541115045547,1.1339582726359367,-0.0033041611313819885,0.0033041611313819885,qwen__sharegpt__qv__powerlaw_global_a06__s123__n2500,qwen__sharegpt__qv__peft_default__s123__n2500,30470cf67a6f09e0ce6da61a09b37a48959e1fc42569465ccc03577c5d8767f7,30419b8299de215b87ddf0571c13fb3faf2052c25eea57b538d9ac16fcac48c1
downstream_2500step,qwen,sharegpt,step_002500,final_train_loss,lower,powerlaw_global_a06,peft_default,1107,3,1.1168499514460564,1.113401859998703,0.003448091447353363,-0.003448091447353363,qwen__sharegpt__qv__powerlaw_global_a06__s1107__n2500,qwen__sharegpt__qv__peft_default__s1107__n2500,b4b2411f85d8d0a5d8c460327062d80fe63dcad5b9c61b3ac9f4298e22ccd5d3,c1cd550ec1152857048e3569ff0ebb3b0a5251d5744fe4016f4b9efde9503629
downstream_2500step,qwen,sharegpt,step_002500,heldout_nll,lower,powerlaw_global_a06,peft_default,42,3,0.9356238768187396,0.9363532943216308,-0.0007294175028912386,0.0007294175028912386,qwen__sharegpt__qv__powerlaw_global_a06__s42__n2500,qwen__sharegpt__qv__peft_default__s42__n2500,894b64e0032627e728d5ddf8f0f65b992d534f675b97d9b964d928025c4d7a1b,90eaad360e336bc9068526603bdcd6ea65bd376a4f52e4084d7d1cd5738a597f
downstream_2500step,qwen,sharegpt,step_002500,heldout_nll,lower,powerlaw_global_a06,peft_default,123,3,0.9354883392042799,0.9362705772002545,-0.000782237995974655,0.000782237995974655,qwen__sharegpt__qv__powerlaw_global_a06__s123__n2500,qwen__sharegpt__qv__peft_default__s123__n2500,30470cf67a6f09e0ce6da61a09b37a48959e1fc42569465ccc03577c5d8767f7,30419b8299de215b87ddf0571c13fb3faf2052c25eea57b538d9ac16fcac48c1
downstream_2500step,qwen,sharegpt,step_002500,heldout_nll,lower,powerlaw_global_a06,peft_default,1107,3,0.9346479190423138,0.9358275714832709,-0.0011796524409570797,0.0011796524409570797,qwen__sharegpt__qv__powerlaw_global_a06__s1107__n2500,qwen__sharegpt__qv__peft_default__s1107__n2500,b4b2411f85d8d0a5d8c460327062d80fe63dcad5b9c61b3ac9f4298e22ccd5d3,c1cd550ec1152857048e3569ff0ebb3b0a5251d5744fe4016f4b9efde9503629
downstream_2500step,qwen,sharegpt,step_002500,prometheus_absolute_score,higher,powerlaw_global_a06,peft_default,42,3,2.56,2.5,0.06000000000000005,0.06000000000000005,qwen__sharegpt__qv__powerlaw_global_a06__s42__n2500,qwen__sharegpt__qv__peft_default__s42__n2500,894b64e0032627e728d5ddf8f0f65b992d534f675b97d9b964d928025c4d7a1b,90eaad360e336bc9068526603bdcd6ea65bd376a4f52e4084d7d1cd5738a597f
downstream_2500step,qwen,sharegpt,step_002500,prometheus_absolute_score,higher,powerlaw_global_a06,peft_default,123,3,2.435,2.54,-0.10499999999999998,-0.10499999999999998,qwen__sharegpt__qv__powerlaw_global_a06__s123__n2500,qwen__sharegpt__qv__peft_default__s123__n2500,30470cf67a6f09e0ce6da61a09b37a48959e1fc42569465ccc03577c5d8767f7,30419b8299de215b87ddf0571c13fb3faf2052c25eea57b538d9ac16fcac48c1
downstream_2500step,qwen,sharegpt,step_002500,prometheus_absolute_score,higher,powerlaw_global_a06,peft_default,1107,3,2.515,2.472361809045226,0.04263819095477395,0.04263819095477395,qwen__sharegpt__qv__powerlaw_global_a06__s1107__n2500,qwen__sharegpt__qv__peft_default__s1107__n2500,b4b2411f85d8d0a5d8c460327062d80fe63dcad5b9c61b3ac9f4298e22ccd5d3,c1cd550ec1152857048e3569ff0ebb3b0a5251d5744fe4016f4b9efde9503629
downstream_2500step,qwen,sharegpt,step_002500,prometheus_judged_samples,higher,powerlaw_global_a06,peft_default,42,3,200.0,200.0,0.0,0.0,qwen__sharegpt__qv__powerlaw_global_a06__s42__n2500,qwen__sharegpt__qv__peft_default__s42__n2500,894b64e0032627e728d5ddf8f0f65b992d534f675b97d9b964d928025c4d7a1b,90eaad360e336bc9068526603bdcd6ea65bd376a4f52e4084d7d1cd5738a597f
downstream_2500step,qwen,sharegpt,step_002500,prometheus_judged_samples,higher,powerlaw_global_a06,peft_default,123,3,200.0,200.0,0.0,0.0,qwen__sharegpt__qv__powerlaw_global_a06__s123__n2500,qwen__sharegpt__qv__peft_default__s123__n2500,30470cf67a6f09e0ce6da61a09b37a48959e1fc42569465ccc03577c5d8767f7,30419b8299de215b87ddf0571c13fb3faf2052c25eea57b538d9ac16fcac48c1
downstream_2500step,qwen,sharegpt,step_002500,prometheus_judged_samples,higher,powerlaw_global_a06,peft_default,1107,3,200.0,199.0,1.0,1.0,qwen__sharegpt__qv__powerlaw_global_a06__s1107__n2500,qwen__sharegpt__qv__peft_default__s1107__n2500,b4b2411f85d8d0a5d8c460327062d80fe63dcad5b9c61b3ac9f4298e22ccd5d3,c1cd550ec1152857048e3569ff0ebb3b0a5251d5744fe4016f4b9efde9503629
downstream_2500step,qwen,sharegpt,step_002500,prometheus_unjudgeable_samples,higher,powerlaw_global_a06,peft_default,42,3,0.0,0.0,0.0,0.0,qwen__sharegpt__qv__powerlaw_global_a06__s42__n2500,qwen__sharegpt__qv__peft_default__s42__n2500,894b64e0032627e728d5ddf8f0f65b992d534f675b97d9b964d928025c4d7a1b,90eaad360e336bc9068526603bdcd6ea65bd376a4f52e4084d7d1cd5738a597f
downstream_2500step,qwen,sharegpt,step_002500,prometheus_unjudgeable_samples,higher,powerlaw_global_a06,peft_default,123,3,0.0,0.0,0.0,0.0,qwen__sharegpt__qv__powerlaw_global_a06__s123__n2500,qwen__sharegpt__qv__peft_default__s123__n2500,30470cf67a6f09e0ce6da61a09b37a48959e1fc42569465ccc03577c5d8767f7,30419b8299de215b87ddf0571c13fb3faf2052c25eea57b538d9ac16fcac48c1
downstream_2500step,qwen,sharegpt,step_002500,prometheus_unjudgeable_samples,higher,powerlaw_global_a06,peft_default,1107,3,0.0,1.0,-1.0,-1.0,qwen__sharegpt__qv__powerlaw_global_a06__s1107__n2500,qwen__sharegpt__qv__peft_default__s1107__n2500,b4b2411f85d8d0a5d8c460327062d80fe63dcad5b9c61b3ac9f4298e22ccd5d3,c1cd550ec1152857048e3569ff0ebb3b0a5251d5744fe4016f4b9efde9503629
mechanism_500step,openpangu,cmmlu,step_000500,final_train_loss,lower,fft_white_a0,peft_default,42,3,1.2195137739181519,1.5182112157344818,-0.29869744181632996,0.29869744181632996,openpangu__cmmlu__qv__fft_white_a0__s42__n500__gradlog,openpangu__cmmlu__qv__peft_default__s42__n500__gradlog,e36b62e8006dfb92142fd7a8b698d11b9daccd2086e9bd9e6aa9c8a03bcfe5a0,931b0dd4dd1ec9e3171ca743fa9eca8644b568c5c0c6bd1531f72786473b4bb5
mechanism_500step,openpangu,cmmlu,step_000500,final_train_loss,lower,fft_white_a0,peft_default,123,3,1.347624510526657,1.6967882364988327,-0.3491637259721756,0.3491637259721756,openpangu__cmmlu__qv__fft_white_a0__s123__n500__gradlog,openpangu__cmmlu__qv__peft_default__s123__n500__gradlog,bce9a23223dd2fc76c08284294b1d78b251e941ab77514ea7c8992ebd2bfd6c7,16f4aaee5aac1ae9eb6c1408d561f681ec0920200380d04e8d9f3ddbba5add92
mechanism_500step,openpangu,cmmlu,step_000500,final_train_loss,lower,fft_white_a0,peft_default,1107,3,1.3082083240151405,1.435215801000595,-0.12700747698545456,0.12700747698545456,openpangu__cmmlu__qv__fft_white_a0__s1107__n500__gradlog,openpangu__cmmlu__qv__peft_default__s1107__n500__gradlog,e3edf78133c5a227fe06780adadc3d6bbff021331b51f1638b82ad851fce152d,9e098ac91915032bb7819f1c0f2b772d0263084c2e6c624d423003e5cd740859
mechanism_500step,openpangu,cmmlu,step_000500,final_train_loss,lower,iid_matched,peft_default,42,3,1.2716775462031364,1.5182112157344818,-0.24653366953134537,0.24653366953134537,openpangu__cmmlu__qv__iid_matched__s42__n500__gradlog,openpangu__cmmlu__qv__peft_default__s42__n500__gradlog,536b49405c5b7a9cbc730b03690fb9d65ccdcdf6906765c2e04bd9b316cf56d4,931b0dd4dd1ec9e3171ca743fa9eca8644b568c5c0c6bd1531f72786473b4bb5
mechanism_500step,openpangu,cmmlu,step_000500,final_train_loss,lower,iid_matched,peft_default,123,3,1.5252504423260689,1.6967882364988327,-0.17153779417276382,0.17153779417276382,openpangu__cmmlu__qv__iid_matched__s123__n500__gradlog,openpangu__cmmlu__qv__peft_default__s123__n500__gradlog,6653a339ff48557c5f0a4f03502a0405e0746650fbac637413c97edbdeb5642e,16f4aaee5aac1ae9eb6c1408d561f681ec0920200380d04e8d9f3ddbba5add92
mechanism_500step,openpangu,cmmlu,step_000500,final_train_loss,lower,iid_matched,peft_default,1107,3,1.2408293560147285,1.435215801000595,-0.19438644498586655,0.19438644498586655,openpangu__cmmlu__qv__iid_matched__s1107__n500__gradlog,openpangu__cmmlu__qv__peft_default__s1107__n500__gradlog,25534db98e106bbc52b8733eabc083b4ac559da9928a361a2b077e4c9e39f879,9e098ac91915032bb7819f1c0f2b772d0263084c2e6c624d423003e5cd740859
mechanism_500step,openpangu,cmmlu,step_000500,final_train_loss,lower,powerlaw_col_a06,peft_default,42,3,1.3074107766151428,1.5182112157344818,-0.210800439119339,0.210800439119339,openpangu__cmmlu__qv__powerlaw_col_a06__s42__n500__gradlog,openpangu__cmmlu__qv__peft_default__s42__n500__gradlog,c1f3aaa9ce573e6883109db5e451db376806f2c9fbf963d3effa6275e6c0e6b8,931b0dd4dd1ec9e3171ca743fa9eca8644b568c5c0c6bd1531f72786473b4bb5
mechanism_500step,openpangu,cmmlu,step_000500,final_train_loss,lower,powerlaw_col_a06,peft_default,123,3,1.4146843701601028,1.6967882364988327,-0.28210386633872986,0.28210386633872986,openpangu__cmmlu__qv__powerlaw_col_a06__s123__n500__gradlog,openpangu__cmmlu__qv__peft_default__s123__n500__gradlog,cc7cdc5e787c2eda60e97ef5227e55db574c5dd57acca8e36f8929cf03b9e9ab,16f4aaee5aac1ae9eb6c1408d561f681ec0920200380d04e8d9f3ddbba5add92
mechanism_500step,openpangu,cmmlu,step_000500,final_train_loss,lower,powerlaw_col_a06,peft_default,1107,3,1.2211190536618233,1.435215801000595,-0.21409674733877182,0.21409674733877182,openpangu__cmmlu__qv__powerlaw_col_a06__s1107__n500__gradlog,openpangu__cmmlu__qv__peft_default__s1107__n500__gradlog,3194f45c5d88902a9d6904cbd0ee8adb5d486bcb05ff3a375e12a3122b66f890,9e098ac91915032bb7819f1c0f2b772d0263084c2e6c624d423003e5cd740859
mechanism_500step,openpangu,cmmlu,step_000500,final_train_loss,lower,powerlaw_global_a03,peft_default,42,3,1.154527761042118,1.5182112157344818,-0.36368345469236374,0.36368345469236374,openpangu__cmmlu__qv__powerlaw_global_a03__s42__n500__gradlog,openpangu__cmmlu__qv__peft_default__s42__n500__gradlog,888220e39a1e3290334df69288a146c5877c6d12bd7155360b6a4bf9ba3cd5af,931b0dd4dd1ec9e3171ca743fa9eca8644b568c5c0c6bd1531f72786473b4bb5
mechanism_500step,openpangu,cmmlu,step_000500,final_train_loss,lower,powerlaw_global_a03,peft_default,123,3,1.603075847029686,1.6967882364988327,-0.09371238946914673,0.09371238946914673,openpangu__cmmlu__qv__powerlaw_global_a03__s123__n500__gradlog,openpangu__cmmlu__qv__peft_default__s123__n500__gradlog,dd65762ad09500691e1e943bc7c310a9d110a5ed6fdb1c74f183b70f9acda836,16f4aaee5aac1ae9eb6c1408d561f681ec0920200380d04e8d9f3ddbba5add92
mechanism_500step,openpangu,cmmlu,step_000500,final_train_loss,lower,powerlaw_global_a03,peft_default,1107,3,1.338855892419815,1.435215801000595,-0.09635990858078003,0.09635990858078003,openpangu__cmmlu__qv__powerlaw_global_a03__s1107__n500__gradlog,openpangu__cmmlu__qv__peft_default__s1107__n500__gradlog,58cd203ec7c96732c8eb1e4c6c638f665aeed097073637db49a95c1e5405a2ff,9e098ac91915032bb7819f1c0f2b772d0263084c2e6c624d423003e5cd740859
mechanism_500step,openpangu,cmmlu,step_000500,final_train_loss,lower,powerlaw_global_a06,peft_default,42,3,1.2679665088653564,1.5182112157344818,-0.25024470686912537,0.25024470686912537,openpangu__cmmlu__qv__powerlaw_global_a06__s42__n500__gradlog,openpangu__cmmlu__qv__peft_default__s42__n500__gradlog,cf761015bd6fa3e0b7c291050be395115ef35e0762c457823eb9c3b22ad9da4d,931b0dd4dd1ec9e3171ca743fa9eca8644b568c5c0c6bd1531f72786473b4bb5
mechanism_500step,openpangu,cmmlu,step_000500,final_train_loss,lower,powerlaw_global_a06,peft_default,123,3,1.4487196281552315,1.6967882364988327,-0.24806860834360123,0.24806860834360123,openpangu__cmmlu__qv__powerlaw_global_a06__s123__n500__gradlog,openpangu__cmmlu__qv__peft_default__s123__n500__gradlog,af0b3d37bcb17e13b748382d1acc7ec96ac26258092b42f8ced362ff244279b8,16f4aaee5aac1ae9eb6c1408d561f681ec0920200380d04e8d9f3ddbba5add92
mechanism_500step,openpangu,cmmlu,step_000500,final_train_loss,lower,powerlaw_global_a06,peft_default,1107,3,1.3446708768606186,1.435215801000595,-0.0905449241399765,0.0905449241399765,openpangu__cmmlu__qv__powerlaw_global_a06__s1107__n500__gradlog,openpangu__cmmlu__qv__peft_default__s1107__n500__gradlog,43dee1f7ac527b7b960701da216f834a7f81338081f50b6fa45113e3f039fd95,9e098ac91915032bb7819f1c0f2b772d0263084c2e6c624d423003e5cd740859
mechanism_500step,openpangu,cmmlu,step_000500,final_train_loss,lower,powerlaw_row_a06,peft_default,42,3,1.3130073994398117,1.5182112157344818,-0.2052038162946701,0.2052038162946701,openpangu__cmmlu__qv__powerlaw_row_a06__s42__n500__gradlog,openpangu__cmmlu__qv__peft_default__s42__n500__gradlog,a0289a31e98b6f6607c5b68df167f034b88ceba2f298c4e009003d0c4752b307,931b0dd4dd1ec9e3171ca743fa9eca8644b568c5c0c6bd1531f72786473b4bb5
mechanism_500step,openpangu,cmmlu,step_000500,final_train_loss,lower,powerlaw_row_a06,peft_default,123,3,1.4453640952706337,1.6967882364988327,-0.251424141228199,0.251424141228199,openpangu__cmmlu__qv__powerlaw_row_a06__s123__n500__gradlog,openpangu__cmmlu__qv__peft_default__s123__n500__gradlog,9548aa499a2a238660ed82acc02648719a987a730ea6462331925c6dbc1ca92b,16f4aaee5aac1ae9eb6c1408d561f681ec0920200380d04e8d9f3ddbba5add92
mechanism_500step,openpangu,cmmlu,step_000500,final_train_loss,lower,powerlaw_row_a06,peft_default,1107,3,1.2898124307394028,1.435215801000595,-0.14540337026119232,0.14540337026119232,openpangu__cmmlu__qv__powerlaw_row_a06__s1107__n500__gradlog,openpangu__cmmlu__qv__peft_default__s1107__n500__gradlog,932cec045d56e0f48e86af1bde266ee16434a29e82ccac66cace25890f987cf6,9e098ac91915032bb7819f1c0f2b772d0263084c2e6c624d423003e5cd740859
mechanism_500step,openpangu,cmmlu,step_000500,final_train_loss,lower,powerlaw_shuffle_a06,peft_default,42,3,1.3161749318242073,1.5182112157344818,-0.2020362839102745,0.2020362839102745,openpangu__cmmlu__qv__powerlaw_shuffle_a06__s42__n500__gradlog,openpangu__cmmlu__qv__peft_default__s42__n500__gradlog,59ade3a3e5b3175f466e692936cd3ca4151a67c34a87e9e6d53272cc1986f571,931b0dd4dd1ec9e3171ca743fa9eca8644b568c5c0c6bd1531f72786473b4bb5
mechanism_500step,openpangu,cmmlu,step_000500,final_train_loss,lower,powerlaw_shuffle_a06,peft_default,123,3,1.5013016164302826,1.6967882364988327,-0.1954866200685501,0.1954866200685501,openpangu__cmmlu__qv__powerlaw_shuffle_a06__s123__n500__gradlog,openpangu__cmmlu__qv__peft_default__s123__n500__gradlog,66095d2a7565e1e79567fc3895e814d35b240b41264c6fd835a70a0686cbc11b,16f4aaee5aac1ae9eb6c1408d561f681ec0920200380d04e8d9f3ddbba5add92
mechanism_500step,openpangu,cmmlu,step_000500,final_train_loss,lower,powerlaw_shuffle_a06,peft_default,1107,3,1.2529070153832436,1.435215801000595,-0.18230878561735153,0.18230878561735153,openpangu__cmmlu__qv__powerlaw_shuffle_a06__s1107__n500__gradlog,openpangu__cmmlu__qv__peft_default__s1107__n500__gradlog,f126a36db64ce1f7170ce11c7bdddb76be81280862434901f6b5577af0603e79,9e098ac91915032bb7819f1c0f2b772d0263084c2e6c624d423003e5cd740859
mechanism_500step,openpangu,cmmlu,step_000500,final_train_loss,lower,fft_white_a0,iid_matched,42,3,1.2195137739181519,1.2716775462031364,-0.05216377228498459,0.05216377228498459,openpangu__cmmlu__qv__fft_white_a0__s42__n500__gradlog,openpangu__cmmlu__qv__iid_matched__s42__n500__gradlog,e36b62e8006dfb92142fd7a8b698d11b9daccd2086e9bd9e6aa9c8a03bcfe5a0,536b49405c5b7a9cbc730b03690fb9d65ccdcdf6906765c2e04bd9b316cf56d4
mechanism_500step,openpangu,cmmlu,step_000500,final_train_loss,lower,fft_white_a0,iid_matched,123,3,1.347624510526657,1.5252504423260689,-0.17762593179941177,0.17762593179941177,openpangu__cmmlu__qv__fft_white_a0__s123__n500__gradlog,openpangu__cmmlu__qv__iid_matched__s123__n500__gradlog,bce9a23223dd2fc76c08284294b1d78b251e941ab77514ea7c8992ebd2bfd6c7,6653a339ff48557c5f0a4f03502a0405e0746650fbac637413c97edbdeb5642e
mechanism_500step,openpangu,cmmlu,step_000500,final_train_loss,lower,fft_white_a0,iid_matched,1107,3,1.3082083240151405,1.2408293560147285,0.06737896800041199,-0.06737896800041199,openpangu__cmmlu__qv__fft_white_a0__s1107__n500__gradlog,openpangu__cmmlu__qv__iid_matched__s1107__n500__gradlog,e3edf78133c5a227fe06780adadc3d6bbff021331b51f1638b82ad851fce152d,25534db98e106bbc52b8733eabc083b4ac559da9928a361a2b077e4c9e39f879
mechanism_500step,openpangu,cmmlu,step_000500,final_train_loss,lower,peft_default,iid_matched,42,3,1.5182112157344818,1.2716775462031364,0.24653366953134537,-0.24653366953134537,openpangu__cmmlu__qv__peft_default__s42__n500__gradlog,openpangu__cmmlu__qv__iid_matched__s42__n500__gradlog,931b0dd4dd1ec9e3171ca743fa9eca8644b568c5c0c6bd1531f72786473b4bb5,536b49405c5b7a9cbc730b03690fb9d65ccdcdf6906765c2e04bd9b316cf56d4
mechanism_500step,openpangu,cmmlu,step_000500,final_train_loss,lower,peft_default,iid_matched,123,3,1.6967882364988327,1.5252504423260689,0.17153779417276382,-0.17153779417276382,openpangu__cmmlu__qv__peft_default__s123__n500__gradlog,openpangu__cmmlu__qv__iid_matched__s123__n500__gradlog,16f4aaee5aac1ae9eb6c1408d561f681ec0920200380d04e8d9f3ddbba5add92,6653a339ff48557c5f0a4f03502a0405e0746650fbac637413c97edbdeb5642e
mechanism_500step,openpangu,cmmlu,step_000500,final_train_loss,lower,peft_default,iid_matched,1107,3,1.435215801000595,1.2408293560147285,0.19438644498586655,-0.19438644498586655,openpangu__cmmlu__qv__peft_default__s1107__n500__gradlog,openpangu__cmmlu__qv__iid_matched__s1107__n500__gradlog,9e098ac91915032bb7819f1c0f2b772d0263084c2e6c624d423003e5cd740859,25534db98e106bbc52b8733eabc083b4ac559da9928a361a2b077e4c9e39f879
mechanism_500step,openpangu,cmmlu,step_000500,final_train_loss,lower,powerlaw_col_a06,iid_matched,42,3,1.3074107766151428,1.2716775462031364,0.03573323041200638,-0.03573323041200638,openpangu__cmmlu__qv__powerlaw_col_a06__s42__n500__gradlog,openpangu__cmmlu__qv__iid_matched__s42__n500__gradlog,c1f3aaa9ce573e6883109db5e451db376806f2c9fbf963d3effa6275e6c0e6b8,536b49405c5b7a9cbc730b03690fb9d65ccdcdf6906765c2e04bd9b316cf56d4
mechanism_500step,openpangu,cmmlu,step_000500,final_train_loss,lower,powerlaw_col_a06,iid_matched,123,3,1.4146843701601028,1.5252504423260689,-0.11056607216596603,0.11056607216596603,openpangu__cmmlu__qv__powerlaw_col_a06__s123__n500__gradlog,openpangu__cmmlu__qv__iid_matched__s123__n500__gradlog,cc7cdc5e787c2eda60e97ef5227e55db574c5dd57acca8e36f8929cf03b9e9ab,6653a339ff48557c5f0a4f03502a0405e0746650fbac637413c97edbdeb5642e
mechanism_500step,openpangu,cmmlu,step_000500,final_train_loss,lower,powerlaw_col_a06,iid_matched,1107,3,1.2211190536618233,1.2408293560147285,-0.019710302352905273,0.019710302352905273,openpangu__cmmlu__qv__powerlaw_col_a06__s1107__n500__gradlog,openpangu__cmmlu__qv__iid_matched__s1107__n500__gradlog,3194f45c5d88902a9d6904cbd0ee8adb5d486bcb05ff3a375e12a3122b66f890,25534db98e106bbc52b8733eabc083b4ac559da9928a361a2b077e4c9e39f879
mechanism_500step,openpangu,cmmlu,step_000500,final_train_loss,lower,powerlaw_global_a03,iid_matched,42,3,1.154527761042118,1.2716775462031364,-0.11714978516101837,0.11714978516101837,openpangu__cmmlu__qv__powerlaw_global_a03__s42__n500__gradlog,openpangu__cmmlu__qv__iid_matched__s42__n500__gradlog,888220e39a1e3290334df69288a146c5877c6d12bd7155360b6a4bf9ba3cd5af,536b49405c5b7a9cbc730b03690fb9d65ccdcdf6906765c2e04bd9b316cf56d4
mechanism_500step,openpangu,cmmlu,step_000500,final_train_loss,lower,powerlaw_global_a03,iid_matched,123,3,1.603075847029686,1.5252504423260689,0.0778254047036171,-0.0778254047036171,openpangu__cmmlu__qv__powerlaw_global_a03__s123__n500__gradlog,openpangu__cmmlu__qv__iid_matched__s123__n500__gradlog,dd65762ad09500691e1e943bc7c310a9d110a5ed6fdb1c74f183b70f9acda836,6653a339ff48557c5f0a4f03502a0405e0746650fbac637413c97edbdeb5642e
mechanism_500step,openpangu,cmmlu,step_000500,final_train_loss,lower,powerlaw_global_a03,iid_matched,1107,3,1.338855892419815,1.2408293560147285,0.09802653640508652,-0.09802653640508652,openpangu__cmmlu__qv__powerlaw_global_a03__s1107__n500__gradlog,openpangu__cmmlu__qv__iid_matched__s1107__n500__gradlog,58cd203ec7c96732c8eb1e4c6c638f665aeed097073637db49a95c1e5405a2ff,25534db98e106bbc52b8733eabc083b4ac559da9928a361a2b077e4c9e39f879
mechanism_500step,openpangu,cmmlu,step_000500,final_train_loss,lower,powerlaw_global_a06,iid_matched,42,3,1.2679665088653564,1.2716775462031364,-0.0037110373377799988,0.0037110373377799988,openpangu__cmmlu__qv__powerlaw_global_a06__s42__n500__gradlog,openpangu__cmmlu__qv__iid_matched__s42__n500__gradlog,cf761015bd6fa3e0b7c291050be395115ef35e0762c457823eb9c3b22ad9da4d,536b49405c5b7a9cbc730b03690fb9d65ccdcdf6906765c2e04bd9b316cf56d4
mechanism_500step,openpangu,cmmlu,step_000500,final_train_loss,lower,powerlaw_global_a06,iid_matched,123,3,1.4487196281552315,1.5252504423260689,-0.0765308141708374,0.0765308141708374,openpangu__cmmlu__qv__powerlaw_global_a06__s123__n500__gradlog,openpangu__cmmlu__qv__iid_matched__s123__n500__gradlog,af0b3d37bcb17e13b748382d1acc7ec96ac26258092b42f8ced362ff244279b8,6653a339ff48557c5f0a4f03502a0405e0746650fbac637413c97edbdeb5642e
mechanism_500step,openpangu,cmmlu,step_000500,final_train_loss,lower,powerlaw_global_a06,iid_matched,1107,3,1.3446708768606186,1.2408293560147285,0.10384152084589005,-0.10384152084589005,openpangu__cmmlu__qv__powerlaw_global_a06__s1107__n500__gradlog,openpangu__cmmlu__qv__iid_matched__s1107__n500__gradlog,43dee1f7ac527b7b960701da216f834a7f81338081f50b6fa45113e3f039fd95,25534db98e106bbc52b8733eabc083b4ac559da9928a361a2b077e4c9e39f879
mechanism_500step,openpangu,cmmlu,step_000500,final_train_loss,lower,powerlaw_row_a06,iid_matched,42,3,1.3130073994398117,1.2716775462031364,0.04132985323667526,-0.04132985323667526,openpangu__cmmlu__qv__powerlaw_row_a06__s42__n500__gradlog,openpangu__cmmlu__qv__iid_matched__s42__n500__gradlog,a0289a31e98b6f6607c5b68df167f034b88ceba2f298c4e009003d0c4752b307,536b49405c5b7a9cbc730b03690fb9d65ccdcdf6906765c2e04bd9b316cf56d4
mechanism_500step,openpangu,cmmlu,step_000500,final_train_loss,lower,powerlaw_row_a06,iid_matched,123,3,1.4453640952706337,1.5252504423260689,-0.07988634705543518,0.07988634705543518,openpangu__cmmlu__qv__powerlaw_row_a06__s123__n500__gradlog,openpangu__cmmlu__qv__iid_matched__s123__n500__gradlog,9548aa499a2a238660ed82acc02648719a987a730ea6462331925c6dbc1ca92b,6653a339ff48557c5f0a4f03502a0405e0746650fbac637413c97edbdeb5642e
mechanism_500step,openpangu,cmmlu,step_000500,final_train_loss,lower,powerlaw_row_a06,iid_matched,1107,3,1.2898124307394028,1.2408293560147285,0.048983074724674225,-0.048983074724674225,openpangu__cmmlu__qv__powerlaw_row_a06__s1107__n500__gradlog,openpangu__cmmlu__qv__iid_matched__s1107__n500__gradlog,932cec045d56e0f48e86af1bde266ee16434a29e82ccac66cace25890f987cf6,25534db98e106bbc52b8733eabc083b4ac559da9928a361a2b077e4c9e39f879
mechanism_500step,openpangu,cmmlu,step_000500,final_train_loss,lower,powerlaw_shuffle_a06,iid_matched,42,3,1.3161749318242073,1.2716775462031364,0.04449738562107086,-0.04449738562107086,openpangu__cmmlu__qv__powerlaw_shuffle_a06__s42__n500__gradlog,openpangu__cmmlu__qv__iid_matched__s42__n500__gradlog,59ade3a3e5b3175f466e692936cd3ca4151a67c34a87e9e6d53272cc1986f571,536b49405c5b7a9cbc730b03690fb9d65ccdcdf6906765c2e04bd9b316cf56d4
mechanism_500step,openpangu,cmmlu,step_000500,final_train_loss,lower,powerlaw_shuffle_a06,iid_matched,123,3,1.5013016164302826,1.5252504423260689,-0.023948825895786285,0.023948825895786285,openpangu__cmmlu__qv__powerlaw_shuffle_a06__s123__n500__gradlog,openpangu__cmmlu__qv__iid_matched__s123__n500__gradlog,66095d2a7565e1e79567fc3895e814d35b240b41264c6fd835a70a0686cbc11b,6653a339ff48557c5f0a4f03502a0405e0746650fbac637413c97edbdeb5642e
mechanism_500step,openpangu,cmmlu,step_000500,final_train_loss,lower,powerlaw_shuffle_a06,iid_matched,1107,3,1.2529070153832436,1.2408293560147285,0.012077659368515015,-0.012077659368515015,openpangu__cmmlu__qv__powerlaw_shuffle_a06__s1107__n500__gradlog,openpangu__cmmlu__qv__iid_matched__s1107__n500__gradlog,f126a36db64ce1f7170ce11c7bdddb76be81280862434901f6b5577af0603e79,25534db98e106bbc52b8733eabc083b4ac559da9928a361a2b077e4c9e39f879
mechanism_500step,openpangu,cmmlu,step_000500,raw_auc500,lower,fft_white_a0,peft_default,42,3,980.6584558673203,1068.4208307489753,-87.76237488165498,87.76237488165498,openpangu__cmmlu__qv__fft_white_a0__s42__n500__gradlog,openpangu__cmmlu__qv__peft_default__s42__n500__gradlog,e36b62e8006dfb92142fd7a8b698d11b9daccd2086e9bd9e6aa9c8a03bcfe5a0,931b0dd4dd1ec9e3171ca743fa9eca8644b568c5c0c6bd1531f72786473b4bb5
mechanism_500step,openpangu,cmmlu,step_000500,raw_auc500,lower,fft_white_a0,peft_default,123,3,956.5391271673143,1067.749992147088,-111.21086497977376,111.21086497977376,openpangu__cmmlu__qv__fft_white_a0__s123__n500__gradlog,openpangu__cmmlu__qv__peft_default__s123__n500__gradlog,bce9a23223dd2fc76c08284294b1d78b251e941ab77514ea7c8992ebd2bfd6c7,16f4aaee5aac1ae9eb6c1408d561f681ec0920200380d04e8d9f3ddbba5add92
mechanism_500step,openpangu,cmmlu,step_000500,raw_auc500,lower,fft_white_a0,peft_default,1107,3,975.6504775173962,1052.6774686574936,-77.02699114009738,77.02699114009738,openpangu__cmmlu__qv__fft_white_a0__s1107__n500__gradlog,openpangu__cmmlu__qv__peft_default__s1107__n500__gradlog,e3edf78133c5a227fe06780adadc3d6bbff021331b51f1638b82ad851fce152d,9e098ac91915032bb7819f1c0f2b772d0263084c2e6c624d423003e5cd740859
mechanism_500step,openpangu,cmmlu,step_000500,raw_auc500,lower,iid_matched,peft_default,42,3,968.2296874038875,1068.4208307489753,-100.19114334508777,100.19114334508777,openpangu__cmmlu__qv__iid_matched__s42__n500__gradlog,openpangu__cmmlu__qv__peft_default__s42__n500__gradlog,536b49405c5b7a9cbc730b03690fb9d65ccdcdf6906765c2e04bd9b316cf56d4,931b0dd4dd1ec9e3171ca743fa9eca8644b568c5c0c6bd1531f72786473b4bb5
mechanism_500step,openpangu,cmmlu,step_000500,raw_auc500,lower,iid_matched,peft_default,123,3,1007.3367697000504,1067.749992147088,-60.4132224470377,60.4132224470377,openpangu__cmmlu__qv__iid_matched__s123__n500__gradlog,openpangu__cmmlu__qv__peft_default__s123__n500__gradlog,6653a339ff48557c5f0a4f03502a0405e0746650fbac637413c97edbdeb5642e,16f4aaee5aac1ae9eb6c1408d561f681ec0920200380d04e8d9f3ddbba5add92
mechanism_500step,openpangu,cmmlu,step_000500,raw_auc500,lower,iid_matched,peft_default,1107,3,953.0397673510015,1052.6774686574936,-99.63770130649209,99.63770130649209,openpangu__cmmlu__qv__iid_matched__s1107__n500__gradlog,openpangu__cmmlu__qv__peft_default__s1107__n500__gradlog,25534db98e106bbc52b8733eabc083b4ac559da9928a361a2b077e4c9e39f879,9e098ac91915032bb7819f1c0f2b772d0263084c2e6c624d423003e5cd740859
mechanism_500step,openpangu,cmmlu,step_000500,raw_auc500,lower,powerlaw_col_a06,peft_default,42,3,975.1456338390708,1068.4208307489753,-93.27519690990448,93.27519690990448,openpangu__cmmlu__qv__powerlaw_col_a06__s42__n500__gradlog,openpangu__cmmlu__qv__peft_default__s42__n500__gradlog,c1f3aaa9ce573e6883109db5e451db376806f2c9fbf963d3effa6275e6c0e6b8,931b0dd4dd1ec9e3171ca743fa9eca8644b568c5c0c6bd1531f72786473b4bb5
mechanism_500step,openpangu,cmmlu,step_000500,raw_auc500,lower,powerlaw_col_a06,peft_default,123,3,975.3395265266299,1067.749992147088,-92.41046562045813,92.41046562045813,openpangu__cmmlu__qv__powerlaw_col_a06__s123__n500__gradlog,openpangu__cmmlu__qv__peft_default__s123__n500__gradlog,cc7cdc5e787c2eda60e97ef5227e55db574c5dd57acca8e36f8929cf03b9e9ab,16f4aaee5aac1ae9eb6c1408d561f681ec0920200380d04e8d9f3ddbba5add92
mechanism_500step,openpangu,cmmlu,step_000500,raw_auc500,lower,powerlaw_col_a06,peft_default,1107,3,950.7901628240943,1052.6774686574936,-101.8873058333993,101.8873058333993,openpangu__cmmlu__qv__powerlaw_col_a06__s1107__n500__gradlog,openpangu__cmmlu__qv__peft_default__s1107__n500__gradlog,3194f45c5d88902a9d6904cbd0ee8adb5d486bcb05ff3a375e12a3122b66f890,9e098ac91915032bb7819f1c0f2b772d0263084c2e6c624d423003e5cd740859
mechanism_500step,openpangu,cmmlu,step_000500,raw_auc500,lower,powerlaw_global_a03,peft_default,42,3,959.0168663412333,1068.4208307489753,-109.40396440774202,109.40396440774202,openpangu__cmmlu__qv__powerlaw_global_a03__s42__n500__gradlog,openpangu__cmmlu__qv__peft_default__s42__n500__gradlog,888220e39a1e3290334df69288a146c5877c6d12bd7155360b6a4bf9ba3cd5af,931b0dd4dd1ec9e3171ca743fa9eca8644b568c5c0c6bd1531f72786473b4bb5
mechanism_500step,openpangu,cmmlu,step_000500,raw_auc500,lower,powerlaw_global_a03,peft_default,123,3,1005.2415648698807,1067.749992147088,-62.508427277207375,62.508427277207375,openpangu__cmmlu__qv__powerlaw_global_a03__s123__n500__gradlog,openpangu__cmmlu__qv__peft_default__s123__n500__gradlog,dd65762ad09500691e1e943bc7c310a9d110a5ed6fdb1c74f183b70f9acda836,16f4aaee5aac1ae9eb6c1408d561f681ec0920200380d04e8d9f3ddbba5add92
mechanism_500step,openpangu,cmmlu,step_000500,raw_auc500,lower,powerlaw_global_a03,peft_default,1107,3,997.0244719684124,1052.6774686574936,-55.65299668908119,55.65299668908119,openpangu__cmmlu__qv__powerlaw_global_a03__s1107__n500__gradlog,openpangu__cmmlu__qv__peft_default__s1107__n500__gradlog,58cd203ec7c96732c8eb1e4c6c638f665aeed097073637db49a95c1e5405a2ff,9e098ac91915032bb7819f1c0f2b772d0263084c2e6c624d423003e5cd740859
mechanism_500step,openpangu,cmmlu,step_000500,raw_auc500,lower,powerlaw_global_a06,peft_default,42,3,985.8209882229567,1068.4208307489753,-82.59984252601862,82.59984252601862,openpangu__cmmlu__qv__powerlaw_global_a06__s42__n500__gradlog,openpangu__cmmlu__qv__peft_default__s42__n500__gradlog,cf761015bd6fa3e0b7c291050be395115ef35e0762c457823eb9c3b22ad9da4d,931b0dd4dd1ec9e3171ca743fa9eca8644b568c5c0c6bd1531f72786473b4bb5
mechanism_500step,openpangu,cmmlu,step_000500,raw_auc500,lower,powerlaw_global_a06,peft_default,123,3,986.2047509178519,1067.749992147088,-81.54524122923613,81.54524122923613,openpangu__cmmlu__qv__powerlaw_global_a06__s123__n500__gradlog,openpangu__cmmlu__qv__peft_default__s123__n500__gradlog,af0b3d37bcb17e13b748382d1acc7ec96ac26258092b42f8ced362ff244279b8,16f4aaee5aac1ae9eb6c1408d561f681ec0920200380d04e8d9f3ddbba5add92
mechanism_500step,openpangu,cmmlu,step_000500,raw_auc500,lower,powerlaw_global_a06,peft_default,1107,3,1003.3985354527831,1052.6774686574936,-49.27893320471048,49.27893320471048,openpangu__cmmlu__qv__powerlaw_global_a06__s1107__n500__gradlog,openpangu__cmmlu__qv__peft_default__s1107__n500__gradlog,43dee1f7ac527b7b960701da216f834a7f81338081f50b6fa45113e3f039fd95,9e098ac91915032bb7819f1c0f2b772d0263084c2e6c624d423003e5cd740859
mechanism_500step,openpangu,cmmlu,step_000500,raw_auc500,lower,powerlaw_row_a06,peft_default,42,3,1000.5276627652347,1068.4208307489753,-67.89316798374057,67.89316798374057,openpangu__cmmlu__qv__powerlaw_row_a06__s42__n500__gradlog,openpangu__cmmlu__qv__peft_default__s42__n500__gradlog,a0289a31e98b6f6607c5b68df167f034b88ceba2f298c4e009003d0c4752b307,931b0dd4dd1ec9e3171ca743fa9eca8644b568c5c0c6bd1531f72786473b4bb5
mechanism_500step,openpangu,cmmlu,step_000500,raw_auc500,lower,powerlaw_row_a06,peft_default,123,3,982.613470274955,1067.749992147088,-85.13652187213302,85.13652187213302,openpangu__cmmlu__qv__powerlaw_row_a06__s123__n500__gradlog,openpangu__cmmlu__qv__peft_default__s123__n500__gradlog,9548aa499a2a238660ed82acc02648719a987a730ea6462331925c6dbc1ca92b,16f4aaee5aac1ae9eb6c1408d561f681ec0920200380d04e8d9f3ddbba5add92
mechanism_500step,openpangu,cmmlu,step_000500,raw_auc500,lower,powerlaw_row_a06,peft_default,1107,3,966.3952988646924,1052.6774686574936,-86.28216979280114,86.28216979280114,openpangu__cmmlu__qv__powerlaw_row_a06__s1107__n500__gradlog,openpangu__cmmlu__qv__peft_default__s1107__n500__gradlog,932cec045d56e0f48e86af1bde266ee16434a29e82ccac66cace25890f987cf6,9e098ac91915032bb7819f1c0f2b772d0263084c2e6c624d423003e5cd740859
mechanism_500step,openpangu,cmmlu,step_000500,raw_auc500,lower,powerlaw_shuffle_a06,peft_default,42,3,992.0729255490005,1068.4208307489753,-76.34790519997478,76.34790519997478,openpangu__cmmlu__qv__powerlaw_shuffle_a06__s42__n500__gradlog,openpangu__cmmlu__qv__peft_default__s42__n500__gradlog,59ade3a3e5b3175f466e692936cd3ca4151a67c34a87e9e6d53272cc1986f571,931b0dd4dd1ec9e3171ca743fa9eca8644b568c5c0c6bd1531f72786473b4bb5
mechanism_500step,openpangu,cmmlu,step_000500,raw_auc500,lower,powerlaw_shuffle_a06,peft_default,123,3,996.3099684417248,1067.749992147088,-71.44002370536327,71.44002370536327,openpangu__cmmlu__qv__powerlaw_shuffle_a06__s123__n500__gradlog,openpangu__cmmlu__qv__peft_default__s123__n500__gradlog,66095d2a7565e1e79567fc3895e814d35b240b41264c6fd835a70a0686cbc11b,16f4aaee5aac1ae9eb6c1408d561f681ec0920200380d04e8d9f3ddbba5add92
mechanism_500step,openpangu,cmmlu,step_000500,raw_auc500,lower,powerlaw_shuffle_a06,peft_default,1107,3,977.6902092471719,1052.6774686574936,-74.98725941032171,74.98725941032171,openpangu__cmmlu__qv__powerlaw_shuffle_a06__s1107__n500__gradlog,openpangu__cmmlu__qv__peft_default__s1107__n500__gradlog,f126a36db64ce1f7170ce11c7bdddb76be81280862434901f6b5577af0603e79,9e098ac91915032bb7819f1c0f2b772d0263084c2e6c624d423003e5cd740859
mechanism_500step,openpangu,cmmlu,step_000500,raw_auc500,lower,fft_white_a0,iid_matched,42,3,980.6584558673203,968.2296874038875,12.428768463432789,-12.428768463432789,openpangu__cmmlu__qv__fft_white_a0__s42__n500__gradlog,openpangu__cmmlu__qv__iid_matched__s42__n500__gradlog,e36b62e8006dfb92142fd7a8b698d11b9daccd2086e9bd9e6aa9c8a03bcfe5a0,536b49405c5b7a9cbc730b03690fb9d65ccdcdf6906765c2e04bd9b316cf56d4
mechanism_500step,openpangu,cmmlu,step_000500,raw_auc500,lower,fft_white_a0,iid_matched,123,3,956.5391271673143,1007.3367697000504,-50.79764253273606,50.79764253273606,openpangu__cmmlu__qv__fft_white_a0__s123__n500__gradlog,openpangu__cmmlu__qv__iid_matched__s123__n500__gradlog,bce9a23223dd2fc76c08284294b1d78b251e941ab77514ea7c8992ebd2bfd6c7,6653a339ff48557c5f0a4f03502a0405e0746650fbac637413c97edbdeb5642e
mechanism_500step,openpangu,cmmlu,step_000500,raw_auc500,lower,fft_white_a0,iid_matched,1107,3,975.6504775173962,953.0397673510015,22.61071016639471,-22.61071016639471,openpangu__cmmlu__qv__fft_white_a0__s1107__n500__gradlog,openpangu__cmmlu__qv__iid_matched__s1107__n500__gradlog,e3edf78133c5a227fe06780adadc3d6bbff021331b51f1638b82ad851fce152d,25534db98e106bbc52b8733eabc083b4ac559da9928a361a2b077e4c9e39f879
mechanism_500step,openpangu,cmmlu,step_000500,raw_auc500,lower,peft_default,iid_matched,42,3,1068.4208307489753,968.2296874038875,100.19114334508777,-100.19114334508777,openpangu__cmmlu__qv__peft_default__s42__n500__gradlog,openpangu__cmmlu__qv__iid_matched__s42__n500__gradlog,931b0dd4dd1ec9e3171ca743fa9eca8644b568c5c0c6bd1531f72786473b4bb5,536b49405c5b7a9cbc730b03690fb9d65ccdcdf6906765c2e04bd9b316cf56d4
mechanism_500step,openpangu,cmmlu,step_000500,raw_auc500,lower,peft_default,iid_matched,123,3,1067.749992147088,1007.3367697000504,60.4132224470377,-60.4132224470377,openpangu__cmmlu__qv__peft_default__s123__n500__gradlog,openpangu__cmmlu__qv__iid_matched__s123__n500__gradlog,16f4aaee5aac1ae9eb6c1408d561f681ec0920200380d04e8d9f3ddbba5add92,6653a339ff48557c5f0a4f03502a0405e0746650fbac637413c97edbdeb5642e
mechanism_500step,openpangu,cmmlu,step_000500,raw_auc500,lower,peft_default,iid_matched,1107,3,1052.6774686574936,953.0397673510015,99.63770130649209,-99.63770130649209,openpangu__cmmlu__qv__peft_default__s1107__n500__gradlog,openpangu__cmmlu__qv__iid_matched__s1107__n500__gradlog,9e098ac91915032bb7819f1c0f2b772d0263084c2e6c624d423003e5cd740859,25534db98e106bbc52b8733eabc083b4ac559da9928a361a2b077e4c9e39f879
mechanism_500step,openpangu,cmmlu,step_000500,raw_auc500,lower,powerlaw_col_a06,iid_matched,42,3,975.1456338390708,968.2296874038875,6.915946435183287,-6.915946435183287,openpangu__cmmlu__qv__powerlaw_col_a06__s42__n500__gradlog,openpangu__cmmlu__qv__iid_matched__s42__n500__gradlog,c1f3aaa9ce573e6883109db5e451db376806f2c9fbf963d3effa6275e6c0e6b8,536b49405c5b7a9cbc730b03690fb9d65ccdcdf6906765c2e04bd9b316cf56d4
mechanism_500step,openpangu,cmmlu,step_000500,raw_auc500,lower,powerlaw_col_a06,iid_matched,123,3,975.3395265266299,1007.3367697000504,-31.99724317342043,31.99724317342043,openpangu__cmmlu__qv__powerlaw_col_a06__s123__n500__gradlog,openpangu__cmmlu__qv__iid_matched__s123__n500__gradlog,cc7cdc5e787c2eda60e97ef5227e55db574c5dd57acca8e36f8929cf03b9e9ab,6653a339ff48557c5f0a4f03502a0405e0746650fbac637413c97edbdeb5642e
mechanism_500step,openpangu,cmmlu,step_000500,raw_auc500,lower,powerlaw_col_a06,iid_matched,1107,3,950.7901628240943,953.0397673510015,-2.2496045269072056,2.2496045269072056,openpangu__cmmlu__qv__powerlaw_col_a06__s1107__n500__gradlog,openpangu__cmmlu__qv__iid_matched__s1107__n500__gradlog,3194f45c5d88902a9d6904cbd0ee8adb5d486bcb05ff3a375e12a3122b66f890,25534db98e106bbc52b8733eabc083b4ac559da9928a361a2b077e4c9e39f879
mechanism_500step,openpangu,cmmlu,step_000500,raw_auc500,lower,powerlaw_global_a03,iid_matched,42,3,959.0168663412333,968.2296874038875,-9.212821062654257,9.212821062654257,openpangu__cmmlu__qv__powerlaw_global_a03__s42__n500__gradlog,openpangu__cmmlu__qv__iid_matched__s42__n500__gradlog,888220e39a1e3290334df69288a146c5877c6d12bd7155360b6a4bf9ba3cd5af,536b49405c5b7a9cbc730b03690fb9d65ccdcdf6906765c2e04bd9b316cf56d4
mechanism_500step,openpangu,cmmlu,step_000500,raw_auc500,lower,powerlaw_global_a03,iid_matched,123,3,1005.2415648698807,1007.3367697000504,-2.0952048301696777,2.0952048301696777,openpangu__cmmlu__qv__powerlaw_global_a03__s123__n500__gradlog,openpangu__cmmlu__qv__iid_matched__s123__n500__gradlog,dd65762ad09500691e1e943bc7c310a9d110a5ed6fdb1c74f183b70f9acda836,6653a339ff48557c5f0a4f03502a0405e0746650fbac637413c97edbdeb5642e
mechanism_500step,openpangu,cmmlu,step_000500,raw_auc500,lower,powerlaw_global_a03,iid_matched,1107,3,997.0244719684124,953.0397673510015,43.9847046174109,-43.9847046174109,openpangu__cmmlu__qv__powerlaw_global_a03__s1107__n500__gradlog,openpangu__cmmlu__qv__iid_matched__s1107__n500__gradlog,58cd203ec7c96732c8eb1e4c6c638f665aeed097073637db49a95c1e5405a2ff,25534db98e106bbc52b8733eabc083b4ac559da9928a361a2b077e4c9e39f879
mechanism_500step,openpangu,cmmlu,step_000500,raw_auc500,lower,powerlaw_global_a06,iid_matched,42,3,985.8209882229567,968.2296874038875,17.591300819069147,-17.591300819069147,openpangu__cmmlu__qv__powerlaw_global_a06__s42__n500__gradlog,openpangu__cmmlu__qv__iid_matched__s42__n500__gradlog,cf761015bd6fa3e0b7c291050be395115ef35e0762c457823eb9c3b22ad9da4d,536b49405c5b7a9cbc730b03690fb9d65ccdcdf6906765c2e04bd9b316cf56d4
mechanism_500step,openpangu,cmmlu,step_000500,raw_auc500,lower,powerlaw_global_a06,iid_matched,123,3,986.2047509178519,1007.3367697000504,-21.13201878219843,21.13201878219843,openpangu__cmmlu__qv__powerlaw_global_a06__s123__n500__gradlog,openpangu__cmmlu__qv__iid_matched__s123__n500__gradlog,af0b3d37bcb17e13b748382d1acc7ec96ac26258092b42f8ced362ff244279b8,6653a339ff48557c5f0a4f03502a0405e0746650fbac637413c97edbdeb5642e
mechanism_500step,openpangu,cmmlu,step_000500,raw_auc500,lower,powerlaw_global_a06,iid_matched,1107,3,1003.3985354527831,953.0397673510015,50.35876810178161,-50.35876810178161,openpangu__cmmlu__qv__powerlaw_global_a06__s1107__n500__gradlog,openpangu__cmmlu__qv__iid_matched__s1107__n500__gradlog,43dee1f7ac527b7b960701da216f834a7f81338081f50b6fa45113e3f039fd95,25534db98e106bbc52b8733eabc083b4ac559da9928a361a2b077e4c9e39f879
mechanism_500step,openpangu,cmmlu,step_000500,raw_auc500,lower,powerlaw_row_a06,iid_matched,42,3,1000.5276627652347,968.2296874038875,32.2979753613472,-32.2979753613472,openpangu__cmmlu__qv__powerlaw_row_a06__s42__n500__gradlog,openpangu__cmmlu__qv__iid_matched__s42__n500__gradlog,a0289a31e98b6f6607c5b68df167f034b88ceba2f298c4e009003d0c4752b307,536b49405c5b7a9cbc730b03690fb9d65ccdcdf6906765c2e04bd9b316cf56d4
mechanism_500step,openpangu,cmmlu,step_000500,raw_auc500,lower,powerlaw_row_a06,iid_matched,123,3,982.613470274955,1007.3367697000504,-24.72329942509532,24.72329942509532,openpangu__cmmlu__qv__powerlaw_row_a06__s123__n500__gradlog,openpangu__cmmlu__qv__iid_matched__s123__n500__gradlog,9548aa499a2a238660ed82acc02648719a987a730ea6462331925c6dbc1ca92b,6653a339ff48557c5f0a4f03502a0405e0746650fbac637413c97edbdeb5642e
mechanism_500step,openpangu,cmmlu,step_000500,raw_auc500,lower,powerlaw_row_a06,iid_matched,1107,3,966.3952988646924,953.0397673510015,13.355531513690948,-13.355531513690948,openpangu__cmmlu__qv__powerlaw_row_a06__s1107__n500__gradlog,openpangu__cmmlu__qv__iid_matched__s1107__n500__gradlog,932cec045d56e0f48e86af1bde266ee16434a29e82ccac66cace25890f987cf6,25534db98e106bbc52b8733eabc083b4ac559da9928a361a2b077e4c9e39f879
mechanism_500step,openpangu,cmmlu,step_000500,raw_auc500,lower,powerlaw_shuffle_a06,iid_matched,42,3,992.0729255490005,968.2296874038875,23.84323814511299,-23.84323814511299,openpangu__cmmlu__qv__powerlaw_shuffle_a06__s42__n500__gradlog,openpangu__cmmlu__qv__iid_matched__s42__n500__gradlog,59ade3a3e5b3175f466e692936cd3ca4151a67c34a87e9e6d53272cc1986f571,536b49405c5b7a9cbc730b03690fb9d65ccdcdf6906765c2e04bd9b316cf56d4
mechanism_500step,openpangu,cmmlu,step_000500,raw_auc500,lower,powerlaw_shuffle_a06,iid_matched,123,3,996.3099684417248,1007.3367697000504,-11.026801258325577,11.026801258325577,openpangu__cmmlu__qv__powerlaw_shuffle_a06__s123__n500__gradlog,openpangu__cmmlu__qv__iid_matched__s123__n500__gradlog,66095d2a7565e1e79567fc3895e814d35b240b41264c6fd835a70a0686cbc11b,6653a339ff48557c5f0a4f03502a0405e0746650fbac637413c97edbdeb5642e
mechanism_500step,openpangu,cmmlu,step_000500,raw_auc500,lower,powerlaw_shuffle_a06,iid_matched,1107,3,977.6902092471719,953.0397673510015,24.650441896170378,-24.650441896170378,openpangu__cmmlu__qv__powerlaw_shuffle_a06__s1107__n500__gradlog,openpangu__cmmlu__qv__iid_matched__s1107__n500__gradlog,f126a36db64ce1f7170ce11c7bdddb76be81280862434901f6b5577af0603e79,25534db98e106bbc52b8733eabc083b4ac559da9928a361a2b077e4c9e39f879
mechanism_500step,qwen,cmmlu,step_000500,final_train_loss,lower,fft_white_a0,peft_default,42,3,1.0429326742887497,1.1102463603019714,-0.06731368601322174,0.06731368601322174,qwen__cmmlu__qv__fft_white_a0__s42__n500__gradlog,qwen__cmmlu__qv__peft_default__s42__n500__gradlog,f29d8a71b015a05e03828e0929ee22ce216816287489857e8f063f1a705e3544,91ad8813205f2b9544618f4bc783c2e5b5bae81bb45274050d026dd2b18df212
mechanism_500step,qwen,cmmlu,step_000500,final_train_loss,lower,fft_white_a0,peft_default,123,3,0.9588114880025387,1.038277618587017,-0.07946613058447838,0.07946613058447838,qwen__cmmlu__qv__fft_white_a0__s123__n500__gradlog,qwen__cmmlu__qv__peft_default__s123__n500__gradlog,0dd873a7166b616b401590d65f3f837ff9d3e5fe0e447c850c1b4ff8e0812e2d,f8a288719893837b53d79f3c783c0cfc5c8188b1c04976d7198a7744732b4861
mechanism_500step,qwen,cmmlu,step_000500,final_train_loss,lower,fft_white_a0,peft_default,1107,3,0.7690958678722382,0.8431678935885429,-0.07407202571630478,0.07407202571630478,qwen__cmmlu__qv__fft_white_a0__s1107__n500__gradlog,qwen__cmmlu__qv__peft_default__s1107__n500__gradlog,4e7dd72ba4dcf616da859a5bb751de3e59d5c8b56a43053d53087c4bd011eee3,b37efb0814b079467566e1dd271d3f285264f9af7253c6ee37417e72a3d11042
mechanism_500step,qwen,cmmlu,step_000500,final_train_loss,lower,iid_matched,peft_default,42,3,1.0363418608903885,1.1102463603019714,-0.07390449941158295,0.07390449941158295,qwen__cmmlu__qv__iid_matched__s42__n500__gradlog,qwen__cmmlu__qv__peft_default__s42__n500__gradlog,66d7e70bacd4d52f60c3e09eded409020c721b1bd8594f0f78691253e8df5dc7,91ad8813205f2b9544618f4bc783c2e5b5bae81bb45274050d026dd2b18df212
mechanism_500step,qwen,cmmlu,step_000500,final_train_loss,lower,iid_matched,peft_default,123,3,0.9621585607528687,1.038277618587017,-0.07611905783414841,0.07611905783414841,qwen__cmmlu__qv__iid_matched__s123__n500__gradlog,qwen__cmmlu__qv__peft_default__s123__n500__gradlog,dba069ca9abbbdaed1d2094772687f98f89dabbe2d26c2ebacb86b309edbd2e7,f8a288719893837b53d79f3c783c0cfc5c8188b1c04976d7198a7744732b4861
mechanism_500step,qwen,cmmlu,step_000500,final_train_loss,lower,iid_matched,peft_default,1107,3,0.7806773595511913,0.8431678935885429,-0.06249053403735161,0.06249053403735161,qwen__cmmlu__qv__iid_matched__s1107__n500__gradlog,qwen__cmmlu__qv__peft_default__s1107__n500__gradlog,8abc35addafc18fdd72adae616c0caeb95259c9b78dbadca5a130d4f256142c9,b37efb0814b079467566e1dd271d3f285264f9af7253c6ee37417e72a3d11042
mechanism_500step,qwen,cmmlu,step_000500,final_train_loss,lower,powerlaw_col_a06,peft_default,42,3,1.0216704718768597,1.1102463603019714,-0.08857588842511177,0.08857588842511177,qwen__cmmlu__qv__powerlaw_col_a06__s42__n500__gradlog,qwen__cmmlu__qv__peft_default__s42__n500__gradlog,12f27fc941c1e5985157aed2d4de1ce5a1c4da7860dfd5593b7d0eb57b2242cc,91ad8813205f2b9544618f4bc783c2e5b5bae81bb45274050d026dd2b18df212
mechanism_500step,qwen,cmmlu,step_000500,final_train_loss,lower,powerlaw_col_a06,peft_default,123,3,0.9571695365011692,1.038277618587017,-0.08110808208584785,0.08110808208584785,qwen__cmmlu__qv__powerlaw_col_a06__s123__n500__gradlog,qwen__cmmlu__qv__peft_default__s123__n500__gradlog,479b32627894a1cb2fa263a0c4653dfa149c811381ef5386dfd361c4ef80a7b7,f8a288719893837b53d79f3c783c0cfc5c8188b1c04976d7198a7744732b4861
mechanism_500step,qwen,cmmlu,step_000500,final_train_loss,lower,powerlaw_col_a06,peft_default,1107,3,0.7800218425691128,0.8431678935885429,-0.06314605101943016,0.06314605101943016,qwen__cmmlu__qv__powerlaw_col_a06__s1107__n500__gradlog,qwen__cmmlu__qv__peft_default__s1107__n500__gradlog,2e131bf2071554051fef290d84f12117542591897bccff376dd0c48a082972c2,b37efb0814b079467566e1dd271d3f285264f9af7253c6ee37417e72a3d11042
mechanism_500step,qwen,cmmlu,step_000500,final_train_loss,lower,powerlaw_global_a03,peft_default,42,3,1.0354139357805252,1.1102463603019714,-0.07483242452144623,0.07483242452144623,qwen__cmmlu__qv__powerlaw_global_a03__s42__n500__gradlog,qwen__cmmlu__qv__peft_default__s42__n500__gradlog,21fd4c7bea378234d779181c4146501764c9605d074669b134c32981da1114f5,91ad8813205f2b9544618f4bc783c2e5b5bae81bb45274050d026dd2b18df212
mechanism_500step,qwen,cmmlu,step_000500,final_train_loss,lower,powerlaw_global_a03,peft_default,123,3,0.9597712121903896,1.038277618587017,-0.07850640639662743,0.07850640639662743,qwen__cmmlu__qv__powerlaw_global_a03__s123__n500__gradlog,qwen__cmmlu__qv__peft_default__s123__n500__gradlog,e95bdc2441c88b8bd09c8c4af3a2e1d5219839588e34146508b66f4f48f4b3ed,f8a288719893837b53d79f3c783c0cfc5c8188b1c04976d7198a7744732b4861
mechanism_500step,qwen,cmmlu,step_000500,final_train_loss,lower,powerlaw_global_a03,peft_default,1107,3,0.7881188429892063,0.8431678935885429,-0.055049050599336624,0.055049050599336624,qwen__cmmlu__qv__powerlaw_global_a03__s1107__n500__gradlog,qwen__cmmlu__qv__peft_default__s1107__n500__gradlog,4ea09e338a03aebffbca9eacd5e146635c731c4aa1de783f5903c0ce72978aae,b37efb0814b079467566e1dd271d3f285264f9af7253c6ee37417e72a3d11042
mechanism_500step,qwen,cmmlu,step_000500,final_train_loss,lower,powerlaw_global_a06,peft_default,42,3,1.0415718331933022,1.1102463603019714,-0.06867452710866928,0.06867452710866928,qwen__cmmlu__qv__powerlaw_global_a06__s42__n500__gradlog,qwen__cmmlu__qv__peft_default__s42__n500__gradlog,3661da09ef1ae9ca630a25193e02ff38eb10ace7d4d74f41720e0d1bb071196d,91ad8813205f2b9544618f4bc783c2e5b5bae81bb45274050d026dd2b18df212
mechanism_500step,qwen,cmmlu,step_000500,final_train_loss,lower,powerlaw_global_a06,peft_default,123,3,0.9529112465679646,1.038277618587017,-0.0853663720190525,0.0853663720190525,qwen__cmmlu__qv__powerlaw_global_a06__s123__n500__gradlog,qwen__cmmlu__qv__peft_default__s123__n500__gradlog,4a2c3f41c756cfd29834719737deb836410db814280b129da969b9b2f199f364,f8a288719893837b53d79f3c783c0cfc5c8188b1c04976d7198a7744732b4861
mechanism_500step,qwen,cmmlu,step_000500,final_train_loss,lower,powerlaw_global_a06,peft_default,1107,3,0.7717181704938412,0.8431678935885429,-0.07144972309470177,0.07144972309470177,qwen__cmmlu__qv__powerlaw_global_a06__s1107__n500__gradlog,qwen__cmmlu__qv__peft_default__s1107__n500__gradlog,d08f2fb77e9d08d6e3958abac2ae478100d56ada884df3b0f10c34203a637e4f,b37efb0814b079467566e1dd271d3f285264f9af7253c6ee37417e72a3d11042
mechanism_500step,qwen,cmmlu,step_000500,final_train_loss,lower,powerlaw_row_a06,peft_default,42,3,1.0465953648090363,1.1102463603019714,-0.06365099549293518,0.06365099549293518,qwen__cmmlu__qv__powerlaw_row_a06__s42__n500__gradlog,qwen__cmmlu__qv__peft_default__s42__n500__gradlog,97bfe96de7547ff4fc5bfd701737c621e2ef29b48ae31d6d45211e25ab5ef49f,91ad8813205f2b9544618f4bc783c2e5b5bae81bb45274050d026dd2b18df212
mechanism_500step,qwen,cmmlu,step_000500,final_train_loss,lower,powerlaw_row_a06,peft_default,123,3,0.9389567971229553,1.038277618587017,-0.09932082146406174,0.09932082146406174,qwen__cmmlu__qv__powerlaw_row_a06__s123__n500__gradlog,qwen__cmmlu__qv__peft_default__s123__n500__gradlog,35b5749261c31cd0faa03d18077aa5d5536560bfb3e1b30eee52377f91304227,f8a288719893837b53d79f3c783c0cfc5c8188b1c04976d7198a7744732b4861
mechanism_500step,qwen,cmmlu,step_000500,final_train_loss,lower,powerlaw_row_a06,peft_default,1107,3,0.7932320162653923,0.8431678935885429,-0.049935877323150635,0.049935877323150635,qwen__cmmlu__qv__powerlaw_row_a06__s1107__n500__gradlog,qwen__cmmlu__qv__peft_default__s1107__n500__gradlog,c7b486af18ecbe7a37663cddbb681c203023c2e6c72bb2e0b400b9a9b8183cf5,b37efb0814b079467566e1dd271d3f285264f9af7253c6ee37417e72a3d11042
mechanism_500step,qwen,cmmlu,step_000500,final_train_loss,lower,powerlaw_shuffle_a06,peft_default,42,3,1.0305370539426804,1.1102463603019714,-0.07970930635929108,0.07970930635929108,qwen__cmmlu__qv__powerlaw_shuffle_a06__s42__n500__gradlog,qwen__cmmlu__qv__peft_default__s42__n500__gradlog,ddde783ca875ef5185b676539ec9892d0902d5abf4ce5304aa7f8f2b1e1ded37,91ad8813205f2b9544618f4bc783c2e5b5bae81bb45274050d026dd2b18df212
mechanism_500step,qwen,cmmlu,step_000500,final_train_loss,lower,powerlaw_shuffle_a06,peft_default,123,3,0.9522626511752605,1.038277618587017,-0.08601496741175652,0.08601496741175652,qwen__cmmlu__qv__powerlaw_shuffle_a06__s123__n500__gradlog,qwen__cmmlu__qv__peft_default__s123__n500__gradlog,032824d4ca8cf22c6c50abd99fe57803b1888577c577bf21b53eb908da3d7249,f8a288719893837b53d79f3c783c0cfc5c8188b1c04976d7198a7744732b4861
mechanism_500step,qwen,cmmlu,step_000500,final_train_loss,lower,powerlaw_shuffle_a06,peft_default,1107,3,0.7648933306336403,0.8431678935885429,-0.07827456295490265,0.07827456295490265,qwen__cmmlu__qv__powerlaw_shuffle_a06__s1107__n500__gradlog,qwen__cmmlu__qv__peft_default__s1107__n500__gradlog,3355413958cf0d4de1442951dbbbc35873f8eb1f0d476c8dc277f32052caab5c,b37efb0814b079467566e1dd271d3f285264f9af7253c6ee37417e72a3d11042
mechanism_500step,qwen,cmmlu,step_000500,final_train_loss,lower,fft_white_a0,iid_matched,42,3,1.0429326742887497,1.0363418608903885,0.006590813398361206,-0.006590813398361206,qwen__cmmlu__qv__fft_white_a0__s42__n500__gradlog,qwen__cmmlu__qv__iid_matched__s42__n500__gradlog,f29d8a71b015a05e03828e0929ee22ce216816287489857e8f063f1a705e3544,66d7e70bacd4d52f60c3e09eded409020c721b1bd8594f0f78691253e8df5dc7
mechanism_500step,qwen,cmmlu,step_000500,final_train_loss,lower,fft_white_a0,iid_matched,123,3,0.9588114880025387,0.9621585607528687,-0.0033470727503299713,0.0033470727503299713,qwen__cmmlu__qv__fft_white_a0__s123__n500__gradlog,qwen__cmmlu__qv__iid_matched__s123__n500__gradlog,0dd873a7166b616b401590d65f3f837ff9d3e5fe0e447c850c1b4ff8e0812e2d,dba069ca9abbbdaed1d2094772687f98f89dabbe2d26c2ebacb86b309edbd2e7
mechanism_500step,qwen,cmmlu,step_000500,final_train_loss,lower,fft_white_a0,iid_matched,1107,3,0.7690958678722382,0.7806773595511913,-0.01158149167895317,0.01158149167895317,qwen__cmmlu__qv__fft_white_a0__s1107__n500__gradlog,qwen__cmmlu__qv__iid_matched__s1107__n500__gradlog,4e7dd72ba4dcf616da859a5bb751de3e59d5c8b56a43053d53087c4bd011eee3,8abc35addafc18fdd72adae616c0caeb95259c9b78dbadca5a130d4f256142c9
mechanism_500step,qwen,cmmlu,step_000500,final_train_loss,lower,peft_default,iid_matched,42,3,1.1102463603019714,1.0363418608903885,0.07390449941158295,-0.07390449941158295,qwen__cmmlu__qv__peft_default__s42__n500__gradlog,qwen__cmmlu__qv__iid_matched__s42__n500__gradlog,91ad8813205f2b9544618f4bc783c2e5b5bae81bb45274050d026dd2b18df212,66d7e70bacd4d52f60c3e09eded409020c721b1bd8594f0f78691253e8df5dc7
mechanism_500step,qwen,cmmlu,step_000500,final_train_loss,lower,peft_default,iid_matched,123,3,1.038277618587017,0.9621585607528687,0.07611905783414841,-0.07611905783414841,qwen__cmmlu__qv__peft_default__s123__n500__gradlog,qwen__cmmlu__qv__iid_matched__s123__n500__gradlog,f8a288719893837b53d79f3c783c0cfc5c8188b1c04976d7198a7744732b4861,dba069ca9abbbdaed1d2094772687f98f89dabbe2d26c2ebacb86b309edbd2e7
mechanism_500step,qwen,cmmlu,step_000500,final_train_loss,lower,peft_default,iid_matched,1107,3,0.8431678935885429,0.7806773595511913,0.06249053403735161,-0.06249053403735161,qwen__cmmlu__qv__peft_default__s1107__n500__gradlog,qwen__cmmlu__qv__iid_matched__s1107__n500__gradlog,b37efb0814b079467566e1dd271d3f285264f9af7253c6ee37417e72a3d11042,8abc35addafc18fdd72adae616c0caeb95259c9b78dbadca5a130d4f256142c9
mechanism_500step,qwen,cmmlu,step_000500,final_train_loss,lower,powerlaw_col_a06,iid_matched,42,3,1.0216704718768597,1.0363418608903885,-0.014671389013528824,0.014671389013528824,qwen__cmmlu__qv__powerlaw_col_a06__s42__n500__gradlog,qwen__cmmlu__qv__iid_matched__s42__n500__gradlog,12f27fc941c1e5985157aed2d4de1ce5a1c4da7860dfd5593b7d0eb57b2242cc,66d7e70bacd4d52f60c3e09eded409020c721b1bd8594f0f78691253e8df5dc7
mechanism_500step,qwen,cmmlu,step_000500,final_train_loss,lower,powerlaw_col_a06,iid_matched,123,3,0.9571695365011692,0.9621585607528687,-0.004989024251699448,0.004989024251699448,qwen__cmmlu__qv__powerlaw_col_a06__s123__n500__gradlog,qwen__cmmlu__qv__iid_matched__s123__n500__gradlog,479b32627894a1cb2fa263a0c4653dfa149c811381ef5386dfd361c4ef80a7b7,dba069ca9abbbdaed1d2094772687f98f89dabbe2d26c2ebacb86b309edbd2e7
mechanism_500step,qwen,cmmlu,step_000500,final_train_loss,lower,powerlaw_col_a06,iid_matched,1107,3,0.7800218425691128,0.7806773595511913,-0.0006555169820785522,0.0006555169820785522,qwen__cmmlu__qv__powerlaw_col_a06__s1107__n500__gradlog,qwen__cmmlu__qv__iid_matched__s1107__n500__gradlog,2e131bf2071554051fef290d84f12117542591897bccff376dd0c48a082972c2,8abc35addafc18fdd72adae616c0caeb95259c9b78dbadca5a130d4f256142c9
mechanism_500step,qwen,cmmlu,step_000500,final_train_loss,lower,powerlaw_global_a03,iid_matched,42,3,1.0354139357805252,1.0363418608903885,-0.0009279251098632812,0.0009279251098632812,qwen__cmmlu__qv__powerlaw_global_a03__s42__n500__gradlog,qwen__cmmlu__qv__iid_matched__s42__n500__gradlog,21fd4c7bea378234d779181c4146501764c9605d074669b134c32981da1114f5,66d7e70bacd4d52f60c3e09eded409020c721b1bd8594f0f78691253e8df5dc7
mechanism_500step,qwen,cmmlu,step_000500,final_train_loss,lower,powerlaw_global_a03,iid_matched,123,3,0.9597712121903896,0.9621585607528687,-0.002387348562479019,0.002387348562479019,qwen__cmmlu__qv__powerlaw_global_a03__s123__n500__gradlog,qwen__cmmlu__qv__iid_matched__s123__n500__gradlog,e95bdc2441c88b8bd09c8c4af3a2e1d5219839588e34146508b66f4f48f4b3ed,dba069ca9abbbdaed1d2094772687f98f89dabbe2d26c2ebacb86b309edbd2e7
mechanism_500step,qwen,cmmlu,step_000500,final_train_loss,lower,powerlaw_global_a03,iid_matched,1107,3,0.7881188429892063,0.7806773595511913,0.007441483438014984,-0.007441483438014984,qwen__cmmlu__qv__powerlaw_global_a03__s1107__n500__gradlog,qwen__cmmlu__qv__iid_matched__s1107__n500__gradlog,4ea09e338a03aebffbca9eacd5e146635c731c4aa1de783f5903c0ce72978aae,8abc35addafc18fdd72adae616c0caeb95259c9b78dbadca5a130d4f256142c9
mechanism_500step,qwen,cmmlu,step_000500,final_train_loss,lower,powerlaw_global_a06,iid_matched,42,3,1.0415718331933022,1.0363418608903885,0.005229972302913666,-0.005229972302913666,qwen__cmmlu__qv__powerlaw_global_a06__s42__n500__gradlog,qwen__cmmlu__qv__iid_matched__s42__n500__gradlog,3661da09ef1ae9ca630a25193e02ff38eb10ace7d4d74f41720e0d1bb071196d,66d7e70bacd4d52f60c3e09eded409020c721b1bd8594f0f78691253e8df5dc7
mechanism_500step,qwen,cmmlu,step_000500,final_train_loss,lower,powerlaw_global_a06,iid_matched,123,3,0.9529112465679646,0.9621585607528687,-0.009247314184904099,0.009247314184904099,qwen__cmmlu__qv__powerlaw_global_a06__s123__n500__gradlog,qwen__cmmlu__qv__iid_matched__s123__n500__gradlog,4a2c3f41c756cfd29834719737deb836410db814280b129da969b9b2f199f364,dba069ca9abbbdaed1d2094772687f98f89dabbe2d26c2ebacb86b309edbd2e7
mechanism_500step,qwen,cmmlu,step_000500,final_train_loss,lower,powerlaw_global_a06,iid_matched,1107,3,0.7717181704938412,0.7806773595511913,-0.008959189057350159,0.008959189057350159,qwen__cmmlu__qv__powerlaw_global_a06__s1107__n500__gradlog,qwen__cmmlu__qv__iid_matched__s1107__n500__gradlog,d08f2fb77e9d08d6e3958abac2ae478100d56ada884df3b0f10c34203a637e4f,8abc35addafc18fdd72adae616c0caeb95259c9b78dbadca5a130d4f256142c9
mechanism_500step,qwen,cmmlu,step_000500,final_train_loss,lower,powerlaw_row_a06,iid_matched,42,3,1.0465953648090363,1.0363418608903885,0.010253503918647766,-0.010253503918647766,qwen__cmmlu__qv__powerlaw_row_a06__s42__n500__gradlog,qwen__cmmlu__qv__iid_matched__s42__n500__gradlog,97bfe96de7547ff4fc5bfd701737c621e2ef29b48ae31d6d45211e25ab5ef49f,66d7e70bacd4d52f60c3e09eded409020c721b1bd8594f0f78691253e8df5dc7
mechanism_500step,qwen,cmmlu,step_000500,final_train_loss,lower,powerlaw_row_a06,iid_matched,123,3,0.9389567971229553,0.9621585607528687,-0.02320176362991333,0.02320176362991333,qwen__cmmlu__qv__powerlaw_row_a06__s123__n500__gradlog,qwen__cmmlu__qv__iid_matched__s123__n500__gradlog,35b5749261c31cd0faa03d18077aa5d5536560bfb3e1b30eee52377f91304227,dba069ca9abbbdaed1d2094772687f98f89dabbe2d26c2ebacb86b309edbd2e7
mechanism_500step,qwen,cmmlu,step_000500,final_train_loss,lower,powerlaw_row_a06,iid_matched,1107,3,0.7932320162653923,0.7806773595511913,0.012554656714200974,-0.012554656714200974,qwen__cmmlu__qv__powerlaw_row_a06__s1107__n500__gradlog,qwen__cmmlu__qv__iid_matched__s1107__n500__gradlog,c7b486af18ecbe7a37663cddbb681c203023c2e6c72bb2e0b400b9a9b8183cf5,8abc35addafc18fdd72adae616c0caeb95259c9b78dbadca5a130d4f256142c9
mechanism_500step,qwen,cmmlu,step_000500,final_train_loss,lower,powerlaw_shuffle_a06,iid_matched,42,3,1.0305370539426804,1.0363418608903885,-0.00580480694770813,0.00580480694770813,qwen__cmmlu__qv__powerlaw_shuffle_a06__s42__n500__gradlog,qwen__cmmlu__qv__iid_matched__s42__n500__gradlog,ddde783ca875ef5185b676539ec9892d0902d5abf4ce5304aa7f8f2b1e1ded37,66d7e70bacd4d52f60c3e09eded409020c721b1bd8594f0f78691253e8df5dc7
mechanism_500step,qwen,cmmlu,step_000500,final_train_loss,lower,powerlaw_shuffle_a06,iid_matched,123,3,0.9522626511752605,0.9621585607528687,-0.009895909577608109,0.009895909577608109,qwen__cmmlu__qv__powerlaw_shuffle_a06__s123__n500__gradlog,qwen__cmmlu__qv__iid_matched__s123__n500__gradlog,032824d4ca8cf22c6c50abd99fe57803b1888577c577bf21b53eb908da3d7249,dba069ca9abbbdaed1d2094772687f98f89dabbe2d26c2ebacb86b309edbd2e7
mechanism_500step,qwen,cmmlu,step_000500,final_train_loss,lower,powerlaw_shuffle_a06,iid_matched,1107,3,0.7648933306336403,0.7806773595511913,-0.01578402891755104,0.01578402891755104,qwen__cmmlu__qv__powerlaw_shuffle_a06__s1107__n500__gradlog,qwen__cmmlu__qv__iid_matched__s1107__n500__gradlog,3355413958cf0d4de1442951dbbbc35873f8eb1f0d476c8dc277f32052caab5c,8abc35addafc18fdd72adae616c0caeb95259c9b78dbadca5a130d4f256142c9
mechanism_500step,qwen,cmmlu,step_000500,raw_auc500,lower,fft_white_a0,peft_default,42,3,509.94725358113647,534.1524088829756,-24.205155301839113,24.205155301839113,qwen__cmmlu__qv__fft_white_a0__s42__n500__gradlog,qwen__cmmlu__qv__peft_default__s42__n500__gradlog,f29d8a71b015a05e03828e0929ee22ce216816287489857e8f063f1a705e3544,91ad8813205f2b9544618f4bc783c2e5b5bae81bb45274050d026dd2b18df212
mechanism_500step,qwen,cmmlu,step_000500,raw_auc500,lower,fft_white_a0,peft_default,123,3,506.444972043857,533.883796799928,-27.43882475607097,27.43882475607097,qwen__cmmlu__qv__fft_white_a0__s123__n500__gradlog,qwen__cmmlu__qv__peft_default__s123__n500__gradlog,0dd873a7166b616b401590d65f3f837ff9d3e5fe0e447c850c1b4ff8e0812e2d,f8a288719893837b53d79f3c783c0cfc5c8188b1c04976d7198a7744732b4861
mechanism_500step,qwen,cmmlu,step_000500,raw_auc500,lower,fft_white_a0,peft_default,1107,3,506.53914969041944,533.214746652171,-26.67559696175158,26.67559696175158,qwen__cmmlu__qv__fft_white_a0__s1107__n500__gradlog,qwen__cmmlu__qv__peft_default__s1107__n500__gradlog,4e7dd72ba4dcf616da859a5bb751de3e59d5c8b56a43053d53087c4bd011eee3,b37efb0814b079467566e1dd271d3f285264f9af7253c6ee37417e72a3d11042
mechanism_500step,qwen,cmmlu,step_000500,raw_auc500,lower,iid_matched,peft_default,42,3,511.61065358296037,534.1524088829756,-22.54175530001521,22.54175530001521,qwen__cmmlu__qv__iid_matched__s42__n500__gradlog,qwen__cmmlu__qv__peft_default__s42__n500__gradlog,66d7e70bacd4d52f60c3e09eded409020c721b1bd8594f0f78691253e8df5dc7,91ad8813205f2b9544618f4bc783c2e5b5bae81bb45274050d026dd2b18df212
mechanism_500step,qwen,cmmlu,step_000500,raw_auc500,lower,iid_matched,peft_default,123,3,507.276755027473,533.883796799928,-26.607041772454977,26.607041772454977,qwen__cmmlu__qv__iid_matched__s123__n500__gradlog,qwen__cmmlu__qv__peft_default__s123__n500__gradlog,dba069ca9abbbdaed1d2094772687f98f89dabbe2d26c2ebacb86b309edbd2e7,f8a288719893837b53d79f3c783c0cfc5c8188b1c04976d7198a7744732b4861
mechanism_500step,qwen,cmmlu,step_000500,raw_auc500,lower,iid_matched,peft_default,1107,3,505.55947382189333,533.214746652171,-27.65527283027768,27.65527283027768,qwen__cmmlu__qv__iid_matched__s1107__n500__gradlog,qwen__cmmlu__qv__peft_default__s1107__n500__gradlog,8abc35addafc18fdd72adae616c0caeb95259c9b78dbadca5a130d4f256142c9,b37efb0814b079467566e1dd271d3f285264f9af7253c6ee37417e72a3d11042
mechanism_500step,qwen,cmmlu,step_000500,raw_auc500,lower,powerlaw_col_a06,peft_default,42,3,503.9730104841292,534.1524088829756,-30.179398398846388,30.179398398846388,qwen__cmmlu__qv__powerlaw_col_a06__s42__n500__gradlog,qwen__cmmlu__qv__peft_default__s42__n500__gradlog,12f27fc941c1e5985157aed2d4de1ce5a1c4da7860dfd5593b7d0eb57b2242cc,91ad8813205f2b9544618f4bc783c2e5b5bae81bb45274050d026dd2b18df212
mechanism_500step,qwen,cmmlu,step_000500,raw_auc500,lower,powerlaw_col_a06,peft_default,123,3,507.6824581809342,533.883796799928,-26.20133861899376,26.20133861899376,qwen__cmmlu__qv__powerlaw_col_a06__s123__n500__gradlog,qwen__cmmlu__qv__peft_default__s123__n500__gradlog,479b32627894a1cb2fa263a0c4653dfa149c811381ef5386dfd361c4ef80a7b7,f8a288719893837b53d79f3c783c0cfc5c8188b1c04976d7198a7744732b4861
mechanism_500step,qwen,cmmlu,step_000500,raw_auc500,lower,powerlaw_col_a06,peft_default,1107,3,505.0331500824541,533.214746652171,-28.18159656971693,28.18159656971693,qwen__cmmlu__qv__powerlaw_col_a06__s1107__n500__gradlog,qwen__cmmlu__qv__peft_default__s1107__n500__gradlog,2e131bf2071554051fef290d84f12117542591897bccff376dd0c48a082972c2,b37efb0814b079467566e1dd271d3f285264f9af7253c6ee37417e72a3d11042
mechanism_500step,qwen,cmmlu,step_000500,raw_auc500,lower,powerlaw_global_a03,peft_default,42,3,506.27982801012695,534.1524088829756,-27.87258087284863,27.87258087284863,qwen__cmmlu__qv__powerlaw_global_a03__s42__n500__gradlog,qwen__cmmlu__qv__peft_default__s42__n500__gradlog,21fd4c7bea378234d779181c4146501764c9605d074669b134c32981da1114f5,91ad8813205f2b9544618f4bc783c2e5b5bae81bb45274050d026dd2b18df212
mechanism_500step,qwen,cmmlu,step_000500,raw_auc500,lower,powerlaw_global_a03,peft_default,123,3,505.99235560931265,533.883796799928,-27.891441190615296,27.891441190615296,qwen__cmmlu__qv__powerlaw_global_a03__s123__n500__gradlog,qwen__cmmlu__qv__peft_default__s123__n500__gradlog,e95bdc2441c88b8bd09c8c4af3a2e1d5219839588e34146508b66f4f48f4b3ed,f8a288719893837b53d79f3c783c0cfc5c8188b1c04976d7198a7744732b4861
mechanism_500step,qwen,cmmlu,step_000500,raw_auc500,lower,powerlaw_global_a03,peft_default,1107,3,509.01918142288923,533.214746652171,-24.195565229281783,24.195565229281783,qwen__cmmlu__qv__powerlaw_global_a03__s1107__n500__gradlog,qwen__cmmlu__qv__peft_default__s1107__n500__gradlog,4ea09e338a03aebffbca9eacd5e146635c731c4aa1de783f5903c0ce72978aae,b37efb0814b079467566e1dd271d3f285264f9af7253c6ee37417e72a3d11042
mechanism_500step,qwen,cmmlu,step_000500,raw_auc500,lower,powerlaw_global_a06,peft_default,42,3,509.4324439112097,534.1524088829756,-24.719964971765876,24.719964971765876,qwen__cmmlu__qv__powerlaw_global_a06__s42__n500__gradlog,qwen__cmmlu__qv__peft_default__s42__n500__gradlog,3661da09ef1ae9ca630a25193e02ff38eb10ace7d4d74f41720e0d1bb071196d,91ad8813205f2b9544618f4bc783c2e5b5bae81bb45274050d026dd2b18df212
mechanism_500step,qwen,cmmlu,step_000500,raw_auc500,lower,powerlaw_global_a06,peft_default,123,3,505.2669407296926,533.883796799928,-28.61685607023537,28.61685607023537,qwen__cmmlu__qv__powerlaw_global_a06__s123__n500__gradlog,qwen__cmmlu__qv__peft_default__s123__n500__gradlog,4a2c3f41c756cfd29834719737deb836410db814280b129da969b9b2f199f364,f8a288719893837b53d79f3c783c0cfc5c8188b1c04976d7198a7744732b4861
mechanism_500step,qwen,cmmlu,step_000500,raw_auc500,lower,powerlaw_global_a06,peft_default,1107,3,504.79808556474745,533.214746652171,-28.416661087423563,28.416661087423563,qwen__cmmlu__qv__powerlaw_global_a06__s1107__n500__gradlog,qwen__cmmlu__qv__peft_default__s1107__n500__gradlog,d08f2fb77e9d08d6e3958abac2ae478100d56ada884df3b0f10c34203a637e4f,b37efb0814b079467566e1dd271d3f285264f9af7253c6ee37417e72a3d11042
mechanism_500step,qwen,cmmlu,step_000500,raw_auc500,lower,powerlaw_row_a06,peft_default,42,3,508.28185574896634,534.1524088829756,-25.870553134009242,25.870553134009242,qwen__cmmlu__qv__powerlaw_row_a06__s42__n500__gradlog,qwen__cmmlu__qv__peft_default__s42__n500__gradlog,97bfe96de7547ff4fc5bfd701737c621e2ef29b48ae31d6d45211e25ab5ef49f,91ad8813205f2b9544618f4bc783c2e5b5bae81bb45274050d026dd2b18df212
mechanism_500step,qwen,cmmlu,step_000500,raw_auc500,lower,powerlaw_row_a06,peft_default,123,3,499.66456989198923,533.883796799928,-34.21922690793872,34.21922690793872,qwen__cmmlu__qv__powerlaw_row_a06__s123__n500__gradlog,qwen__cmmlu__qv__peft_default__s123__n500__gradlog,35b5749261c31cd0faa03d18077aa5d5536560bfb3e1b30eee52377f91304227,f8a288719893837b53d79f3c783c0cfc5c8188b1c04976d7198a7744732b4861
mechanism_500step,qwen,cmmlu,step_000500,raw_auc500,lower,powerlaw_row_a06,peft_default,1107,3,508.1337397582829,533.214746652171,-25.081006893888116,25.081006893888116,qwen__cmmlu__qv__powerlaw_row_a06__s1107__n500__gradlog,qwen__cmmlu__qv__peft_default__s1107__n500__gradlog,c7b486af18ecbe7a37663cddbb681c203023c2e6c72bb2e0b400b9a9b8183cf5,b37efb0814b079467566e1dd271d3f285264f9af7253c6ee37417e72a3d11042
mechanism_500step,qwen,cmmlu,step_000500,raw_auc500,lower,powerlaw_shuffle_a06,peft_default,42,3,506.5439127795398,534.1524088829756,-27.608496103435755,27.608496103435755,qwen__cmmlu__qv__powerlaw_shuffle_a06__s42__n500__gradlog,qwen__cmmlu__qv__peft_default__s42__n500__gradlog,ddde783ca875ef5185b676539ec9892d0902d5abf4ce5304aa7f8f2b1e1ded37,91ad8813205f2b9544618f4bc783c2e5b5bae81bb45274050d026dd2b18df212
mechanism_500step,qwen,cmmlu,step_000500,raw_auc500,lower,powerlaw_shuffle_a06,peft_default,123,3,505.8458272982389,533.883796799928,-28.037969501689076,28.037969501689076,qwen__cmmlu__qv__powerlaw_shuffle_a06__s123__n500__gradlog,qwen__cmmlu__qv__peft_default__s123__n500__gradlog,032824d4ca8cf22c6c50abd99fe57803b1888577c577bf21b53eb908da3d7249,f8a288719893837b53d79f3c783c0cfc5c8188b1c04976d7198a7744732b4861
mechanism_500step,qwen,cmmlu,step_000500,raw_auc500,lower,powerlaw_shuffle_a06,peft_default,1107,3,505.7041102312505,533.214746652171,-27.51063642092049,27.51063642092049,qwen__cmmlu__qv__powerlaw_shuffle_a06__s1107__n500__gradlog,qwen__cmmlu__qv__peft_default__s1107__n500__gradlog,3355413958cf0d4de1442951dbbbc35873f8eb1f0d476c8dc277f32052caab5c,b37efb0814b079467566e1dd271d3f285264f9af7253c6ee37417e72a3d11042
mechanism_500step,qwen,cmmlu,step_000500,raw_auc500,lower,fft_white_a0,iid_matched,42,3,509.94725358113647,511.61065358296037,-1.6634000018239021,1.6634000018239021,qwen__cmmlu__qv__fft_white_a0__s42__n500__gradlog,qwen__cmmlu__qv__iid_matched__s42__n500__gradlog,f29d8a71b015a05e03828e0929ee22ce216816287489857e8f063f1a705e3544,66d7e70bacd4d52f60c3e09eded409020c721b1bd8594f0f78691253e8df5dc7
mechanism_500step,qwen,cmmlu,step_000500,raw_auc500,lower,fft_white_a0,iid_matched,123,3,506.444972043857,507.276755027473,-0.8317829836159945,0.8317829836159945,qwen__cmmlu__qv__fft_white_a0__s123__n500__gradlog,qwen__cmmlu__qv__iid_matched__s123__n500__gradlog,0dd873a7166b616b401590d65f3f837ff9d3e5fe0e447c850c1b4ff8e0812e2d,dba069ca9abbbdaed1d2094772687f98f89dabbe2d26c2ebacb86b309edbd2e7
mechanism_500step,qwen,cmmlu,step_000500,raw_auc500,lower,fft_white_a0,iid_matched,1107,3,506.53914969041944,505.55947382189333,0.9796758685261011,-0.9796758685261011,qwen__cmmlu__qv__fft_white_a0__s1107__n500__gradlog,qwen__cmmlu__qv__iid_matched__s1107__n500__gradlog,4e7dd72ba4dcf616da859a5bb751de3e59d5c8b56a43053d53087c4bd011eee3,8abc35addafc18fdd72adae616c0caeb95259c9b78dbadca5a130d4f256142c9
mechanism_500step,qwen,cmmlu,step_000500,raw_auc500,lower,peft_default,iid_matched,42,3,534.1524088829756,511.61065358296037,22.54175530001521,-22.54175530001521,qwen__cmmlu__qv__peft_default__s42__n500__gradlog,qwen__cmmlu__qv__iid_matched__s42__n500__gradlog,91ad8813205f2b9544618f4bc783c2e5b5bae81bb45274050d026dd2b18df212,66d7e70bacd4d52f60c3e09eded409020c721b1bd8594f0f78691253e8df5dc7
mechanism_500step,qwen,cmmlu,step_000500,raw_auc500,lower,peft_default,iid_matched,123,3,533.883796799928,507.276755027473,26.607041772454977,-26.607041772454977,qwen__cmmlu__qv__peft_default__s123__n500__gradlog,qwen__cmmlu__qv__iid_matched__s123__n500__gradlog,f8a288719893837b53d79f3c783c0cfc5c8188b1c04976d7198a7744732b4861,dba069ca9abbbdaed1d2094772687f98f89dabbe2d26c2ebacb86b309edbd2e7
mechanism_500step,qwen,cmmlu,step_000500,raw_auc500,lower,peft_default,iid_matched,1107,3,533.214746652171,505.55947382189333,27.65527283027768,-27.65527283027768,qwen__cmmlu__qv__peft_default__s1107__n500__gradlog,qwen__cmmlu__qv__iid_matched__s1107__n500__gradlog,b37efb0814b079467566e1dd271d3f285264f9af7253c6ee37417e72a3d11042,8abc35addafc18fdd72adae616c0caeb95259c9b78dbadca5a130d4f256142c9
mechanism_500step,qwen,cmmlu,step_000500,raw_auc500,lower,powerlaw_col_a06,iid_matched,42,3,503.9730104841292,511.61065358296037,-7.637643098831177,7.637643098831177,qwen__cmmlu__qv__powerlaw_col_a06__s42__n500__gradlog,qwen__cmmlu__qv__iid_matched__s42__n500__gradlog,12f27fc941c1e5985157aed2d4de1ce5a1c4da7860dfd5593b7d0eb57b2242cc,66d7e70bacd4d52f60c3e09eded409020c721b1bd8594f0f78691253e8df5dc7
mechanism_500step,qwen,cmmlu,step_000500,raw_auc500,lower,powerlaw_col_a06,iid_matched,123,3,507.6824581809342,507.276755027473,0.4057031534612179,-0.4057031534612179,qwen__cmmlu__qv__powerlaw_col_a06__s123__n500__gradlog,qwen__cmmlu__qv__iid_matched__s123__n500__gradlog,479b32627894a1cb2fa263a0c4653dfa149c811381ef5386dfd361c4ef80a7b7,dba069ca9abbbdaed1d2094772687f98f89dabbe2d26c2ebacb86b309edbd2e7
mechanism_500step,qwen,cmmlu,step_000500,raw_auc500,lower,powerlaw_col_a06,iid_matched,1107,3,505.0331500824541,505.55947382189333,-0.526323739439249,0.526323739439249,qwen__cmmlu__qv__powerlaw_col_a06__s1107__n500__gradlog,qwen__cmmlu__qv__iid_matched__s1107__n500__gradlog,2e131bf2071554051fef290d84f12117542591897bccff376dd0c48a082972c2,8abc35addafc18fdd72adae616c0caeb95259c9b78dbadca5a130d4f256142c9
mechanism_500step,qwen,cmmlu,step_000500,raw_auc500,lower,powerlaw_global_a03,iid_matched,42,3,506.27982801012695,511.61065358296037,-5.330825572833419,5.330825572833419,qwen__cmmlu__qv__powerlaw_global_a03__s42__n500__gradlog,qwen__cmmlu__qv__iid_matched__s42__n500__gradlog,21fd4c7bea378234d779181c4146501764c9605d074669b134c32981da1114f5,66d7e70bacd4d52f60c3e09eded409020c721b1bd8594f0f78691253e8df5dc7
mechanism_500step,qwen,cmmlu,step_000500,raw_auc500,lower,powerlaw_global_a03,iid_matched,123,3,505.99235560931265,507.276755027473,-1.2843994181603193,1.2843994181603193,qwen__cmmlu__qv__powerlaw_global_a03__s123__n500__gradlog,qwen__cmmlu__qv__iid_matched__s123__n500__gradlog,e95bdc2441c88b8bd09c8c4af3a2e1d5219839588e34146508b66f4f48f4b3ed,dba069ca9abbbdaed1d2094772687f98f89dabbe2d26c2ebacb86b309edbd2e7
mechanism_500step,qwen,cmmlu,step_000500,raw_auc500,lower,powerlaw_global_a03,iid_matched,1107,3,509.01918142288923,505.55947382189333,3.4597076009958982,-3.4597076009958982,qwen__cmmlu__qv__powerlaw_global_a03__s1107__n500__gradlog,qwen__cmmlu__qv__iid_matched__s1107__n500__gradlog,4ea09e338a03aebffbca9eacd5e146635c731c4aa1de783f5903c0ce72978aae,8abc35addafc18fdd72adae616c0caeb95259c9b78dbadca5a130d4f256142c9
mechanism_500step,qwen,cmmlu,step_000500,raw_auc500,lower,powerlaw_global_a06,iid_matched,42,3,509.4324439112097,511.61065358296037,-2.1782096717506647,2.1782096717506647,qwen__cmmlu__qv__powerlaw_global_a06__s42__n500__gradlog,qwen__cmmlu__qv__iid_matched__s42__n500__gradlog,3661da09ef1ae9ca630a25193e02ff38eb10ace7d4d74f41720e0d1bb071196d,66d7e70bacd4d52f60c3e09eded409020c721b1bd8594f0f78691253e8df5dc7
mechanism_500step,qwen,cmmlu,step_000500,raw_auc500,lower,powerlaw_global_a06,iid_matched,123,3,505.2669407296926,507.276755027473,-2.0098142977803946,2.0098142977803946,qwen__cmmlu__qv__powerlaw_global_a06__s123__n500__gradlog,qwen__cmmlu__qv__iid_matched__s123__n500__gradlog,4a2c3f41c756cfd29834719737deb836410db814280b129da969b9b2f199f364,dba069ca9abbbdaed1d2094772687f98f89dabbe2d26c2ebacb86b309edbd2e7
mechanism_500step,qwen,cmmlu,step_000500,raw_auc500,lower,powerlaw_global_a06,iid_matched,1107,3,504.79808556474745,505.55947382189333,-0.7613882571458817,0.7613882571458817,qwen__cmmlu__qv__powerlaw_global_a06__s1107__n500__gradlog,qwen__cmmlu__qv__iid_matched__s1107__n500__gradlog,d08f2fb77e9d08d6e3958abac2ae478100d56ada884df3b0f10c34203a637e4f,8abc35addafc18fdd72adae616c0caeb95259c9b78dbadca5a130d4f256142c9
mechanism_500step,qwen,cmmlu,step_000500,raw_auc500,lower,powerlaw_row_a06,iid_matched,42,3,508.28185574896634,511.61065358296037,-3.328797833994031,3.328797833994031,qwen__cmmlu__qv__powerlaw_row_a06__s42__n500__gradlog,qwen__cmmlu__qv__iid_matched__s42__n500__gradlog,97bfe96de7547ff4fc5bfd701737c621e2ef29b48ae31d6d45211e25ab5ef49f,66d7e70bacd4d52f60c3e09eded409020c721b1bd8594f0f78691253e8df5dc7
mechanism_500step,qwen,cmmlu,step_000500,raw_auc500,lower,powerlaw_row_a06,iid_matched,123,3,499.66456989198923,507.276755027473,-7.612185135483742,7.612185135483742,qwen__cmmlu__qv__powerlaw_row_a06__s123__n500__gradlog,qwen__cmmlu__qv__iid_matched__s123__n500__gradlog,35b5749261c31cd0faa03d18077aa5d5536560bfb3e1b30eee52377f91304227,dba069ca9abbbdaed1d2094772687f98f89dabbe2d26c2ebacb86b309edbd2e7
mechanism_500step,qwen,cmmlu,step_000500,raw_auc500,lower,powerlaw_row_a06,iid_matched,1107,3,508.1337397582829,505.55947382189333,2.5742659363895655,-2.5742659363895655,qwen__cmmlu__qv__powerlaw_row_a06__s1107__n500__gradlog,qwen__cmmlu__qv__iid_matched__s1107__n500__gradlog,c7b486af18ecbe7a37663cddbb681c203023c2e6c72bb2e0b400b9a9b8183cf5,8abc35addafc18fdd72adae616c0caeb95259c9b78dbadca5a130d4f256142c9
mechanism_500step,qwen,cmmlu,step_000500,raw_auc500,lower,powerlaw_shuffle_a06,iid_matched,42,3,506.5439127795398,511.61065358296037,-5.066740803420544,5.066740803420544,qwen__cmmlu__qv__powerlaw_shuffle_a06__s42__n500__gradlog,qwen__cmmlu__qv__iid_matched__s42__n500__gradlog,ddde783ca875ef5185b676539ec9892d0902d5abf4ce5304aa7f8f2b1e1ded37,66d7e70bacd4d52f60c3e09eded409020c721b1bd8594f0f78691253e8df5dc7
mechanism_500step,qwen,cmmlu,step_000500,raw_auc500,lower,powerlaw_shuffle_a06,iid_matched,123,3,505.8458272982389,507.276755027473,-1.4309277292340994,1.4309277292340994,qwen__cmmlu__qv__powerlaw_shuffle_a06__s123__n500__gradlog,qwen__cmmlu__qv__iid_matched__s123__n500__gradlog,032824d4ca8cf22c6c50abd99fe57803b1888577c577bf21b53eb908da3d7249,dba069ca9abbbdaed1d2094772687f98f89dabbe2d26c2ebacb86b309edbd2e7
mechanism_500step,qwen,cmmlu,step_000500,raw_auc500,lower,powerlaw_shuffle_a06,iid_matched,1107,3,505.7041102312505,505.55947382189333,0.14463640935719013,-0.14463640935719013,qwen__cmmlu__qv__powerlaw_shuffle_a06__s1107__n500__gradlog,qwen__cmmlu__qv__iid_matched__s1107__n500__gradlog,3355413958cf0d4de1442951dbbbc35873f8eb1f0d476c8dc277f32052caab5c,8abc35addafc18fdd72adae616c0caeb95259c9b78dbadca5a130d4f256142c9
scope_all_linear,openpangu,cmmlu,step_000500,raw_auc500,lower,iid_matched,peft_default,42,3,506.89710510894656,503.72356428485364,3.1735408240929246,-3.1735408240929246,openpangu__cmmlu__all_linear__iid_matched__s42__n2500,openpangu__cmmlu__all_linear__peft_default__s42__n2500,e1ee4af1f394b431972d392210af425215629f9cb026000cb421c7ec3ee542b9,f35d4730eb548dc9b5fa17122eaa24d07014cbc63a6491cfb5984ef1b0e9f460
scope_all_linear,openpangu,cmmlu,step_000500,raw_auc500,lower,iid_matched,peft_default,123,3,491.9861350134015,550.1862720763311,-58.20013706292957,58.20013706292957,openpangu__cmmlu__all_linear__iid_matched__s123__n2500,openpangu__cmmlu__all_linear__peft_default__s123__n2500,dc30c7feb9de5f36ed143fb9bcf632074eb95643e3c45a8baf23fd2aa9c3d789,ec070ea5de3c835faca60676fca30ec0c65e51a917045f3cb861d06f6a41e07d
scope_all_linear,openpangu,cmmlu,step_000500,raw_auc500,lower,iid_matched,peft_default,1107,3,501.5746684889309,554.7691411837004,-53.1944726947695,53.1944726947695,openpangu__cmmlu__all_linear__iid_matched__s1107__n2500,openpangu__cmmlu__all_linear__peft_default__s1107__n2500,5333378816d274d62f8066d3025afefe4ab5726024d50e102be3967aafc8b08a,94f0b43d76df75ab031b1f55ff9d0773d2df95b5b856003d96af16514d46bbd0
scope_all_linear,openpangu,cmmlu,step_000500,raw_auc500,lower,powerlaw_global_a06,peft_default,42,3,517.1809275504202,503.72356428485364,13.457363265566528,-13.457363265566528,openpangu__cmmlu__all_linear__powerlaw_global_a06__s42__n2500,openpangu__cmmlu__all_linear__peft_default__s42__n2500,00dd43079e7ac2ecb2972ab82e2925989532eb85ff8f9c6876345d0e7f70b463,f35d4730eb548dc9b5fa17122eaa24d07014cbc63a6491cfb5984ef1b0e9f460
scope_all_linear,openpangu,cmmlu,step_000500,raw_auc500,lower,powerlaw_global_a06,peft_default,123,3,509.3186045093462,550.1862720763311,-40.86766756698489,40.86766756698489,openpangu__cmmlu__all_linear__powerlaw_global_a06__s123__n2500,openpangu__cmmlu__all_linear__peft_default__s123__n2500,9e7ef6b2a0782669f51084f2dacc6b0d5161ee7a91c6a9b51ba2b3ab3afcfaba,ec070ea5de3c835faca60676fca30ec0c65e51a917045f3cb861d06f6a41e07d
scope_all_linear,openpangu,cmmlu,step_000500,raw_auc500,lower,powerlaw_global_a06,peft_default,1107,3,494.41134129231796,554.7691411837004,-60.357799891382456,60.357799891382456,openpangu__cmmlu__all_linear__powerlaw_global_a06__s1107__n2500,openpangu__cmmlu__all_linear__peft_default__s1107__n2500,0fc40c9b1b6b1814d8fffaaa79f58ae100d2df0031a1732d5f1224df69dbee84,94f0b43d76df75ab031b1f55ff9d0773d2df95b5b856003d96af16514d46bbd0
scope_all_linear,openpangu,cmmlu,step_000500,raw_auc500,lower,peft_default,iid_matched,42,3,503.72356428485364,506.89710510894656,-3.1735408240929246,3.1735408240929246,openpangu__cmmlu__all_linear__peft_default__s42__n2500,openpangu__cmmlu__all_linear__iid_matched__s42__n2500,f35d4730eb548dc9b5fa17122eaa24d07014cbc63a6491cfb5984ef1b0e9f460,e1ee4af1f394b431972d392210af425215629f9cb026000cb421c7ec3ee542b9
scope_all_linear,openpangu,cmmlu,step_000500,raw_auc500,lower,peft_default,iid_matched,123,3,550.1862720763311,491.9861350134015,58.20013706292957,-58.20013706292957,openpangu__cmmlu__all_linear__peft_default__s123__n2500,openpangu__cmmlu__all_linear__iid_matched__s123__n2500,ec070ea5de3c835faca60676fca30ec0c65e51a917045f3cb861d06f6a41e07d,dc30c7feb9de5f36ed143fb9bcf632074eb95643e3c45a8baf23fd2aa9c3d789
scope_all_linear,openpangu,cmmlu,step_000500,raw_auc500,lower,peft_default,iid_matched,1107,3,554.7691411837004,501.5746684889309,53.1944726947695,-53.1944726947695,openpangu__cmmlu__all_linear__peft_default__s1107__n2500,openpangu__cmmlu__all_linear__iid_matched__s1107__n2500,94f0b43d76df75ab031b1f55ff9d0773d2df95b5b856003d96af16514d46bbd0,5333378816d274d62f8066d3025afefe4ab5726024d50e102be3967aafc8b08a
scope_all_linear,openpangu,cmmlu,step_000500,raw_auc500,lower,powerlaw_global_a06,iid_matched,42,3,517.1809275504202,506.89710510894656,10.283822441473603,-10.283822441473603,openpangu__cmmlu__all_linear__powerlaw_global_a06__s42__n2500,openpangu__cmmlu__all_linear__iid_matched__s42__n2500,00dd43079e7ac2ecb2972ab82e2925989532eb85ff8f9c6876345d0e7f70b463,e1ee4af1f394b431972d392210af425215629f9cb026000cb421c7ec3ee542b9
scope_all_linear,openpangu,cmmlu,step_000500,raw_auc500,lower,powerlaw_global_a06,iid_matched,123,3,509.3186045093462,491.9861350134015,17.33246949594468,-17.33246949594468,openpangu__cmmlu__all_linear__powerlaw_global_a06__s123__n2500,openpangu__cmmlu__all_linear__iid_matched__s123__n2500,9e7ef6b2a0782669f51084f2dacc6b0d5161ee7a91c6a9b51ba2b3ab3afcfaba,dc30c7feb9de5f36ed143fb9bcf632074eb95643e3c45a8baf23fd2aa9c3d789
scope_all_linear,openpangu,cmmlu,step_000500,raw_auc500,lower,powerlaw_global_a06,iid_matched,1107,3,494.41134129231796,501.5746684889309,-7.163327196612954,7.163327196612954,openpangu__cmmlu__all_linear__powerlaw_global_a06__s1107__n2500,openpangu__cmmlu__all_linear__iid_matched__s1107__n2500,0fc40c9b1b6b1814d8fffaaa79f58ae100d2df0031a1732d5f1224df69dbee84,5333378816d274d62f8066d3025afefe4ab5726024d50e102be3967aafc8b08a
scope_all_linear,openpangu,cmmlu,step_002500,final_train_loss,lower,iid_matched,peft_default,42,3,0.173104552552104,0.15984692238271236,0.013257630169391632,-0.013257630169391632,openpangu__cmmlu__all_linear__iid_matched__s42__n2500,openpangu__cmmlu__all_linear__peft_default__s42__n2500,e1ee4af1f394b431972d392210af425215629f9cb026000cb421c7ec3ee542b9,f35d4730eb548dc9b5fa17122eaa24d07014cbc63a6491cfb5984ef1b0e9f460
scope_all_linear,openpangu,cmmlu,step_002500,final_train_loss,lower,iid_matched,peft_default,123,3,0.1343919038772583,0.13505047373473644,-0.0006585698574781418,0.0006585698574781418,openpangu__cmmlu__all_linear__iid_matched__s123__n2500,openpangu__cmmlu__all_linear__peft_default__s123__n2500,dc30c7feb9de5f36ed143fb9bcf632074eb95643e3c45a8baf23fd2aa9c3d789,ec070ea5de3c835faca60676fca30ec0c65e51a917045f3cb861d06f6a41e07d
scope_all_linear,openpangu,cmmlu,step_002500,final_train_loss,lower,iid_matched,peft_default,1107,3,0.13177457265555859,0.13223047740757465,-0.0004559047520160675,0.0004559047520160675,openpangu__cmmlu__all_linear__iid_matched__s1107__n2500,openpangu__cmmlu__all_linear__peft_default__s1107__n2500,5333378816d274d62f8066d3025afefe4ab5726024d50e102be3967aafc8b08a,94f0b43d76df75ab031b1f55ff9d0773d2df95b5b856003d96af16514d46bbd0
scope_all_linear,openpangu,cmmlu,step_002500,final_train_loss,lower,powerlaw_global_a06,peft_default,42,3,0.15982257388532162,0.15984692238271236,-2.434849739074707e-05,2.434849739074707e-05,openpangu__cmmlu__all_linear__powerlaw_global_a06__s42__n2500,openpangu__cmmlu__all_linear__peft_default__s42__n2500,00dd43079e7ac2ecb2972ab82e2925989532eb85ff8f9c6876345d0e7f70b463,f35d4730eb548dc9b5fa17122eaa24d07014cbc63a6491cfb5984ef1b0e9f460
scope_all_linear,openpangu,cmmlu,step_002500,final_train_loss,lower,powerlaw_global_a06,peft_default,123,3,0.1366815399378538,0.13505047373473644,0.0016310662031173706,-0.0016310662031173706,openpangu__cmmlu__all_linear__powerlaw_global_a06__s123__n2500,openpangu__cmmlu__all_linear__peft_default__s123__n2500,9e7ef6b2a0782669f51084f2dacc6b0d5161ee7a91c6a9b51ba2b3ab3afcfaba,ec070ea5de3c835faca60676fca30ec0c65e51a917045f3cb861d06f6a41e07d
scope_all_linear,openpangu,cmmlu,step_002500,final_train_loss,lower,powerlaw_global_a06,peft_default,1107,3,0.1286799293011427,0.13223047740757465,-0.003550548106431961,0.003550548106431961,openpangu__cmmlu__all_linear__powerlaw_global_a06__s1107__n2500,openpangu__cmmlu__all_linear__peft_default__s1107__n2500,0fc40c9b1b6b1814d8fffaaa79f58ae100d2df0031a1732d5f1224df69dbee84,94f0b43d76df75ab031b1f55ff9d0773d2df95b5b856003d96af16514d46bbd0
scope_all_linear,openpangu,cmmlu,step_002500,final_train_loss,lower,peft_default,iid_matched,42,3,0.15984692238271236,0.173104552552104,-0.013257630169391632,0.013257630169391632,openpangu__cmmlu__all_linear__peft_default__s42__n2500,openpangu__cmmlu__all_linear__iid_matched__s42__n2500,f35d4730eb548dc9b5fa17122eaa24d07014cbc63a6491cfb5984ef1b0e9f460,e1ee4af1f394b431972d392210af425215629f9cb026000cb421c7ec3ee542b9
scope_all_linear,openpangu,cmmlu,step_002500,final_train_loss,lower,peft_default,iid_matched,123,3,0.13505047373473644,0.1343919038772583,0.0006585698574781418,-0.0006585698574781418,openpangu__cmmlu__all_linear__peft_default__s123__n2500,openpangu__cmmlu__all_linear__iid_matched__s123__n2500,ec070ea5de3c835faca60676fca30ec0c65e51a917045f3cb861d06f6a41e07d,dc30c7feb9de5f36ed143fb9bcf632074eb95643e3c45a8baf23fd2aa9c3d789
scope_all_linear,openpangu,cmmlu,step_002500,final_train_loss,lower,peft_default,iid_matched,1107,3,0.13223047740757465,0.13177457265555859,0.0004559047520160675,-0.0004559047520160675,openpangu__cmmlu__all_linear__peft_default__s1107__n2500,openpangu__cmmlu__all_linear__iid_matched__s1107__n2500,94f0b43d76df75ab031b1f55ff9d0773d2df95b5b856003d96af16514d46bbd0,5333378816d274d62f8066d3025afefe4ab5726024d50e102be3967aafc8b08a
scope_all_linear,openpangu,cmmlu,step_002500,final_train_loss,lower,powerlaw_global_a06,iid_matched,42,3,0.15982257388532162,0.173104552552104,-0.01328197866678238,0.01328197866678238,openpangu__cmmlu__all_linear__powerlaw_global_a06__s42__n2500,openpangu__cmmlu__all_linear__iid_matched__s42__n2500,00dd43079e7ac2ecb2972ab82e2925989532eb85ff8f9c6876345d0e7f70b463,e1ee4af1f394b431972d392210af425215629f9cb026000cb421c7ec3ee542b9
scope_all_linear,openpangu,cmmlu,step_002500,final_train_loss,lower,powerlaw_global_a06,iid_matched,123,3,0.1366815399378538,0.1343919038772583,0.0022896360605955124,-0.0022896360605955124,openpangu__cmmlu__all_linear__powerlaw_global_a06__s123__n2500,openpangu__cmmlu__all_linear__iid_matched__s123__n2500,9e7ef6b2a0782669f51084f2dacc6b0d5161ee7a91c6a9b51ba2b3ab3afcfaba,dc30c7feb9de5f36ed143fb9bcf632074eb95643e3c45a8baf23fd2aa9c3d789
scope_all_linear,openpangu,cmmlu,step_002500,final_train_loss,lower,powerlaw_global_a06,iid_matched,1107,3,0.1286799293011427,0.13177457265555859,-0.0030946433544158936,0.0030946433544158936,openpangu__cmmlu__all_linear__powerlaw_global_a06__s1107__n2500,openpangu__cmmlu__all_linear__iid_matched__s1107__n2500,0fc40c9b1b6b1814d8fffaaa79f58ae100d2df0031a1732d5f1224df69dbee84,5333378816d274d62f8066d3025afefe4ab5726024d50e102be3967aafc8b08a
scope_all_linear,openpangu,cmmlu,step_002500,macro_accuracy,higher,iid_matched,peft_default,42,3,0.5724003869704435,0.5826700000192183,-0.010269613048774828,-0.010269613048774828,openpangu__cmmlu__all_linear__iid_matched__s42__n2500,openpangu__cmmlu__all_linear__peft_default__s42__n2500,e1ee4af1f394b431972d392210af425215629f9cb026000cb421c7ec3ee542b9,f35d4730eb548dc9b5fa17122eaa24d07014cbc63a6491cfb5984ef1b0e9f460
scope_all_linear,openpangu,cmmlu,step_002500,macro_accuracy,higher,iid_matched,peft_default,123,3,0.5781918462609139,0.5620674005377907,0.016124445723123215,0.016124445723123215,openpangu__cmmlu__all_linear__iid_matched__s123__n2500,openpangu__cmmlu__all_linear__peft_default__s123__n2500,dc30c7feb9de5f36ed143fb9bcf632074eb95643e3c45a8baf23fd2aa9c3d789,ec070ea5de3c835faca60676fca30ec0c65e51a917045f3cb861d06f6a41e07d
scope_all_linear,openpangu,cmmlu,step_002500,macro_accuracy,higher,iid_matched,peft_default,1107,3,0.5706060557001121,0.5475098726489556,0.02309618305115657,0.02309618305115657,openpangu__cmmlu__all_linear__iid_matched__s1107__n2500,openpangu__cmmlu__all_linear__peft_default__s1107__n2500,5333378816d274d62f8066d3025afefe4ab5726024d50e102be3967aafc8b08a,94f0b43d76df75ab031b1f55ff9d0773d2df95b5b856003d96af16514d46bbd0
scope_all_linear,openpangu,cmmlu,step_002500,macro_accuracy,higher,powerlaw_global_a06,peft_default,42,3,0.5743677373383209,0.5826700000192183,-0.008302262680897399,-0.008302262680897399,openpangu__cmmlu__all_linear__powerlaw_global_a06__s42__n2500,openpangu__cmmlu__all_linear__peft_default__s42__n2500,00dd43079e7ac2ecb2972ab82e2925989532eb85ff8f9c6876345d0e7f70b463,f35d4730eb548dc9b5fa17122eaa24d07014cbc63a6491cfb5984ef1b0e9f460
scope_all_linear,openpangu,cmmlu,step_002500,macro_accuracy,higher,powerlaw_global_a06,peft_default,123,3,0.5682756712354914,0.5620674005377907,0.006208270697700691,0.006208270697700691,openpangu__cmmlu__all_linear__powerlaw_global_a06__s123__n2500,openpangu__cmmlu__all_linear__peft_default__s123__n2500,9e7ef6b2a0782669f51084f2dacc6b0d5161ee7a91c6a9b51ba2b3ab3afcfaba,ec070ea5de3c835faca60676fca30ec0c65e51a917045f3cb861d06f6a41e07d
scope_all_linear,openpangu,cmmlu,step_002500,macro_accuracy,higher,powerlaw_global_a06,peft_default,1107,3,0.5735886095755801,0.5475098726489556,0.026078736926624546,0.026078736926624546,openpangu__cmmlu__all_linear__powerlaw_global_a06__s1107__n2500,openpangu__cmmlu__all_linear__peft_default__s1107__n2500,0fc40c9b1b6b1814d8fffaaa79f58ae100d2df0031a1732d5f1224df69dbee84,94f0b43d76df75ab031b1f55ff9d0773d2df95b5b856003d96af16514d46bbd0
scope_all_linear,openpangu,cmmlu,step_002500,macro_accuracy,higher,peft_default,iid_matched,42,3,0.5826700000192183,0.5724003869704435,0.010269613048774828,0.010269613048774828,openpangu__cmmlu__all_linear__peft_default__s42__n2500,openpangu__cmmlu__all_linear__iid_matched__s42__n2500,f35d4730eb548dc9b5fa17122eaa24d07014cbc63a6491cfb5984ef1b0e9f460,e1ee4af1f394b431972d392210af425215629f9cb026000cb421c7ec3ee542b9
scope_all_linear,openpangu,cmmlu,step_002500,macro_accuracy,higher,peft_default,iid_matched,123,3,0.5620674005377907,0.5781918462609139,-0.016124445723123215,-0.016124445723123215,openpangu__cmmlu__all_linear__peft_default__s123__n2500,openpangu__cmmlu__all_linear__iid_matched__s123__n2500,ec070ea5de3c835faca60676fca30ec0c65e51a917045f3cb861d06f6a41e07d,dc30c7feb9de5f36ed143fb9bcf632074eb95643e3c45a8baf23fd2aa9c3d789
scope_all_linear,openpangu,cmmlu,step_002500,macro_accuracy,higher,peft_default,iid_matched,1107,3,0.5475098726489556,0.5706060557001121,-0.02309618305115657,-0.02309618305115657,openpangu__cmmlu__all_linear__peft_default__s1107__n2500,openpangu__cmmlu__all_linear__iid_matched__s1107__n2500,94f0b43d76df75ab031b1f55ff9d0773d2df95b5b856003d96af16514d46bbd0,5333378816d274d62f8066d3025afefe4ab5726024d50e102be3967aafc8b08a
scope_all_linear,openpangu,cmmlu,step_002500,macro_accuracy,higher,powerlaw_global_a06,iid_matched,42,3,0.5743677373383209,0.5724003869704435,0.0019673503678774296,0.0019673503678774296,openpangu__cmmlu__all_linear__powerlaw_global_a06__s42__n2500,openpangu__cmmlu__all_linear__iid_matched__s42__n2500,00dd43079e7ac2ecb2972ab82e2925989532eb85ff8f9c6876345d0e7f70b463,e1ee4af1f394b431972d392210af425215629f9cb026000cb421c7ec3ee542b9
scope_all_linear,openpangu,cmmlu,step_002500,macro_accuracy,higher,powerlaw_global_a06,iid_matched,123,3,0.5682756712354914,0.5781918462609139,-0.009916175025422524,-0.009916175025422524,openpangu__cmmlu__all_linear__powerlaw_global_a06__s123__n2500,openpangu__cmmlu__all_linear__iid_matched__s123__n2500,9e7ef6b2a0782669f51084f2dacc6b0d5161ee7a91c6a9b51ba2b3ab3afcfaba,dc30c7feb9de5f36ed143fb9bcf632074eb95643e3c45a8baf23fd2aa9c3d789
scope_all_linear,openpangu,cmmlu,step_002500,macro_accuracy,higher,powerlaw_global_a06,iid_matched,1107,3,0.5735886095755801,0.5706060557001121,0.002982553875467975,0.002982553875467975,openpangu__cmmlu__all_linear__powerlaw_global_a06__s1107__n2500,openpangu__cmmlu__all_linear__iid_matched__s1107__n2500,0fc40c9b1b6b1814d8fffaaa79f58ae100d2df0031a1732d5f1224df69dbee84,5333378816d274d62f8066d3025afefe4ab5726024d50e102be3967aafc8b08a
scope_long_run,openpangu,cmmlu,step_000500,macro_accuracy,higher,iid_matched,peft_default,1107,1,0.5044510484328794,0.5007613219802882,0.0036897264525911355,0.0036897264525911355,openpangu__cmmlu__qv__iid_matched__s1107__n10000,openpangu__cmmlu__qv__peft_default__s1107__n10000,72da5320611f9f13ceac8a28aa3113a06fd6b39147ec3ac0c70f060e06b424f7,7c7bcb15de97d7e00e097663c9ddd935294b56a35429f7cc8697e7e51dab6b7b
scope_long_run,openpangu,cmmlu,step_000500,macro_accuracy,higher,powerlaw_global_a06,peft_default,1107,1,0.4996456611174938,0.5007613219802882,-0.0011156608627944098,-0.0011156608627944098,openpangu__cmmlu__qv__powerlaw_global_a06__s1107__n10000,openpangu__cmmlu__qv__peft_default__s1107__n10000,01c1b11f07a1c271bc8314920d172eb7a29e1c0935855a1f5238bbb89816fddd,7c7bcb15de97d7e00e097663c9ddd935294b56a35429f7cc8697e7e51dab6b7b
scope_long_run,openpangu,cmmlu,step_000500,macro_accuracy,higher,peft_default,iid_matched,1107,1,0.5007613219802882,0.5044510484328794,-0.0036897264525911355,-0.0036897264525911355,openpangu__cmmlu__qv__peft_default__s1107__n10000,openpangu__cmmlu__qv__iid_matched__s1107__n10000,7c7bcb15de97d7e00e097663c9ddd935294b56a35429f7cc8697e7e51dab6b7b,72da5320611f9f13ceac8a28aa3113a06fd6b39147ec3ac0c70f060e06b424f7
scope_long_run,openpangu,cmmlu,step_000500,macro_accuracy,higher,powerlaw_global_a06,iid_matched,1107,1,0.4996456611174938,0.5044510484328794,-0.004805387315385545,-0.004805387315385545,openpangu__cmmlu__qv__powerlaw_global_a06__s1107__n10000,openpangu__cmmlu__qv__iid_matched__s1107__n10000,01c1b11f07a1c271bc8314920d172eb7a29e1c0935855a1f5238bbb89816fddd,72da5320611f9f13ceac8a28aa3113a06fd6b39147ec3ac0c70f060e06b424f7
scope_long_run,openpangu,cmmlu,step_000500,raw_auc500,lower,iid_matched,peft_default,1107,1,940.7231606449932,1002.5123209021986,-61.78916025720537,61.78916025720537,openpangu__cmmlu__qv__iid_matched__s1107__n10000,openpangu__cmmlu__qv__peft_default__s1107__n10000,72da5320611f9f13ceac8a28aa3113a06fd6b39147ec3ac0c70f060e06b424f7,7c7bcb15de97d7e00e097663c9ddd935294b56a35429f7cc8697e7e51dab6b7b
scope_long_run,openpangu,cmmlu,step_000500,raw_auc500,lower,powerlaw_global_a06,peft_default,1107,1,939.5861312747002,1002.5123209021986,-62.92618962749839,62.92618962749839,openpangu__cmmlu__qv__powerlaw_global_a06__s1107__n10000,openpangu__cmmlu__qv__peft_default__s1107__n10000,01c1b11f07a1c271bc8314920d172eb7a29e1c0935855a1f5238bbb89816fddd,7c7bcb15de97d7e00e097663c9ddd935294b56a35429f7cc8697e7e51dab6b7b
scope_long_run,openpangu,cmmlu,step_000500,raw_auc500,lower,peft_default,iid_matched,1107,1,1002.5123209021986,940.7231606449932,61.78916025720537,-61.78916025720537,openpangu__cmmlu__qv__peft_default__s1107__n10000,openpangu__cmmlu__qv__iid_matched__s1107__n10000,7c7bcb15de97d7e00e097663c9ddd935294b56a35429f7cc8697e7e51dab6b7b,72da5320611f9f13ceac8a28aa3113a06fd6b39147ec3ac0c70f060e06b424f7
scope_long_run,openpangu,cmmlu,step_000500,raw_auc500,lower,powerlaw_global_a06,iid_matched,1107,1,939.5861312747002,940.7231606449932,-1.1370293702930212,1.1370293702930212,openpangu__cmmlu__qv__powerlaw_global_a06__s1107__n10000,openpangu__cmmlu__qv__iid_matched__s1107__n10000,01c1b11f07a1c271bc8314920d172eb7a29e1c0935855a1f5238bbb89816fddd,72da5320611f9f13ceac8a28aa3113a06fd6b39147ec3ac0c70f060e06b424f7
scope_long_run,openpangu,cmmlu,step_002500,macro_accuracy,higher,iid_matched,peft_default,1107,1,0.4985454892831422,0.46395023610043923,0.034595253182702956,0.034595253182702956,openpangu__cmmlu__qv__iid_matched__s1107__n10000,openpangu__cmmlu__qv__peft_default__s1107__n10000,72da5320611f9f13ceac8a28aa3113a06fd6b39147ec3ac0c70f060e06b424f7,7c7bcb15de97d7e00e097663c9ddd935294b56a35429f7cc8697e7e51dab6b7b
scope_long_run,openpangu,cmmlu,step_002500,macro_accuracy,higher,powerlaw_global_a06,peft_default,1107,1,0.505741546960816,0.46395023610043923,0.04179131086037674,0.04179131086037674,openpangu__cmmlu__qv__powerlaw_global_a06__s1107__n10000,openpangu__cmmlu__qv__peft_default__s1107__n10000,01c1b11f07a1c271bc8314920d172eb7a29e1c0935855a1f5238bbb89816fddd,7c7bcb15de97d7e00e097663c9ddd935294b56a35429f7cc8697e7e51dab6b7b
scope_long_run,openpangu,cmmlu,step_002500,macro_accuracy,higher,peft_default,iid_matched,1107,1,0.46395023610043923,0.4985454892831422,-0.034595253182702956,-0.034595253182702956,openpangu__cmmlu__qv__peft_default__s1107__n10000,openpangu__cmmlu__qv__iid_matched__s1107__n10000,7c7bcb15de97d7e00e097663c9ddd935294b56a35429f7cc8697e7e51dab6b7b,72da5320611f9f13ceac8a28aa3113a06fd6b39147ec3ac0c70f060e06b424f7
scope_long_run,openpangu,cmmlu,step_002500,macro_accuracy,higher,powerlaw_global_a06,iid_matched,1107,1,0.505741546960816,0.4985454892831422,0.007196057677673784,0.007196057677673784,openpangu__cmmlu__qv__powerlaw_global_a06__s1107__n10000,openpangu__cmmlu__qv__iid_matched__s1107__n10000,01c1b11f07a1c271bc8314920d172eb7a29e1c0935855a1f5238bbb89816fddd,72da5320611f9f13ceac8a28aa3113a06fd6b39147ec3ac0c70f060e06b424f7
scope_long_run,openpangu,cmmlu,step_010000,final_train_loss,lower,iid_matched,peft_default,1107,1,0.1434508804231882,0.14582046121358871,-0.002369580790400505,0.002369580790400505,openpangu__cmmlu__qv__iid_matched__s1107__n10000,openpangu__cmmlu__qv__peft_default__s1107__n10000,72da5320611f9f13ceac8a28aa3113a06fd6b39147ec3ac0c70f060e06b424f7,7c7bcb15de97d7e00e097663c9ddd935294b56a35429f7cc8697e7e51dab6b7b
scope_long_run,openpangu,cmmlu,step_010000,final_train_loss,lower,powerlaw_global_a06,peft_default,1107,1,0.14417725428938866,0.14582046121358871,-0.001643206924200058,0.001643206924200058,openpangu__cmmlu__qv__powerlaw_global_a06__s1107__n10000,openpangu__cmmlu__qv__peft_default__s1107__n10000,01c1b11f07a1c271bc8314920d172eb7a29e1c0935855a1f5238bbb89816fddd,7c7bcb15de97d7e00e097663c9ddd935294b56a35429f7cc8697e7e51dab6b7b
scope_long_run,openpangu,cmmlu,step_010000,final_train_loss,lower,peft_default,iid_matched,1107,1,0.14582046121358871,0.1434508804231882,0.002369580790400505,-0.002369580790400505,openpangu__cmmlu__qv__peft_default__s1107__n10000,openpangu__cmmlu__qv__iid_matched__s1107__n10000,7c7bcb15de97d7e00e097663c9ddd935294b56a35429f7cc8697e7e51dab6b7b,72da5320611f9f13ceac8a28aa3113a06fd6b39147ec3ac0c70f060e06b424f7
scope_long_run,openpangu,cmmlu,step_010000,final_train_loss,lower,powerlaw_global_a06,iid_matched,1107,1,0.14417725428938866,0.1434508804231882,0.0007263738662004471,-0.0007263738662004471,openpangu__cmmlu__qv__powerlaw_global_a06__s1107__n10000,openpangu__cmmlu__qv__iid_matched__s1107__n10000,01c1b11f07a1c271bc8314920d172eb7a29e1c0935855a1f5238bbb89816fddd,72da5320611f9f13ceac8a28aa3113a06fd6b39147ec3ac0c70f060e06b424f7
scope_long_run,openpangu,cmmlu,step_010000,macro_accuracy,higher,iid_matched,peft_default,1107,1,0.4964737725121845,0.47416484078664595,0.02230893172553855,0.02230893172553855,openpangu__cmmlu__qv__iid_matched__s1107__n10000,openpangu__cmmlu__qv__peft_default__s1107__n10000,72da5320611f9f13ceac8a28aa3113a06fd6b39147ec3ac0c70f060e06b424f7,7c7bcb15de97d7e00e097663c9ddd935294b56a35429f7cc8697e7e51dab6b7b
scope_long_run,openpangu,cmmlu,step_010000,macro_accuracy,higher,powerlaw_global_a06,peft_default,1107,1,0.5073770990532855,0.47416484078664595,0.033212258266639594,0.033212258266639594,openpangu__cmmlu__qv__powerlaw_global_a06__s1107__n10000,openpangu__cmmlu__qv__peft_default__s1107__n10000,01c1b11f07a1c271bc8314920d172eb7a29e1c0935855a1f5238bbb89816fddd,7c7bcb15de97d7e00e097663c9ddd935294b56a35429f7cc8697e7e51dab6b7b
scope_long_run,openpangu,cmmlu,step_010000,macro_accuracy,higher,peft_default,iid_matched,1107,1,0.47416484078664595,0.4964737725121845,-0.02230893172553855,-0.02230893172553855,openpangu__cmmlu__qv__peft_default__s1107__n10000,openpangu__cmmlu__qv__iid_matched__s1107__n10000,7c7bcb15de97d7e00e097663c9ddd935294b56a35429f7cc8697e7e51dab6b7b,72da5320611f9f13ceac8a28aa3113a06fd6b39147ec3ac0c70f060e06b424f7
scope_long_run,openpangu,cmmlu,step_010000,macro_accuracy,higher,powerlaw_global_a06,iid_matched,1107,1,0.5073770990532855,0.4964737725121845,0.010903326541101044,0.010903326541101044,openpangu__cmmlu__qv__powerlaw_global_a06__s1107__n10000,openpangu__cmmlu__qv__iid_matched__s1107__n10000,01c1b11f07a1c271bc8314920d172eb7a29e1c0935855a1f5238bbb89816fddd,72da5320611f9f13ceac8a28aa3113a06fd6b39147ec3ac0c70f060e06b424f7
