run_id,model,task,method,seed,max_steps,target,matrix_membership,matrix_membership_count,analysis_contexts,status,terminal_state,metadata_sha256,config_hash,git_commit,expected_checkpoints,expected_config_sha256,available_checkpoints,missing_checkpoints,checkpoint_sha256,expected_evaluations,expected_evaluation_protocols,available_evaluations,missing_evaluations,invalid_evaluations,raw_auc500_reported,raw_auc500_recomputed,training_seconds_recomputed,initialization_seconds_total,failure_reason
openpangu__cmmlu__all_linear__iid_matched__s1107__n2500,openpangu,cmmlu,iid_matched,1107,2500,all_linear,"[""scope""]",1,"[""scope_all_linear""]",complete,complete,5333378816d274d62f8066d3025afefe4ab5726024d50e102be3967aafc8b08a,7ab4af0aeae7857601265c95302f0b0d7418a89ff737ed487b32ae7ee4066b40,313810738e0b92f1581e89197ea8ac90a76637f6,[2500],"[""7ab4af0aeae7857601265c95302f0b0d7418a89ff737ed487b32ae7ee4066b40""]",[2500],[],"{""2500"": ""8d05d56a1871889e7c8b84665e3e31e4789bfad4d80c7b999201843e6cde83f7""}","[""openpangu__cmmlu__all_linear__iid_matched__s1107__n2500__step_002500__cmmlu.json""]","[{""bind_formal_samples"": true, ""checkpoint"": 2500, ""dataset_split_hash"": ""fd0a5596e80d8029a0b54f04a7a250d2f40e5def742eb6ca088834f5c60a0d76"", ""evaluation_config"": {""checkpoint"": 2500, ""dataset_split_hash"": ""fd0a5596e80d8029a0b54f04a7a250d2f40e5def742eb6ca088834f5c60a0d76"", ""protocol"": {""decoding"": ""greedy"", ""metric"": ""macro_accuracy"", ""prompt"": ""fixed_5shot_by_subject"", ""sample_count"": 11582, ""sample_selection"": ""full_frozen_official_test_order""}, ""run_id"": ""openpangu__cmmlu__all_linear__iid_matched__s1107__n2500"", ""sample_manifest"": {""ordered_sample_content_sha256"": ""5cad594c402be6e6bcce53b5552bcef36806aa5c3ddd8da1be67c332c8718e29"", ""ordered_sample_ids_sha256"": ""0f5aab4bcf6cc4b8893800d22b79af409a973946b0284fc8959c6ebb8fd0d51d"", ""sample_count"": 11582}, ""schema_version"": 1, ""task"": ""cmmlu""}, ""metrics"": [""macro_accuracy""], ""protocol"": {""decoding"": ""greedy"", ""metric"": ""macro_accuracy"", ""prompt"": ""fixed_5shot_by_subject"", ""sample_count"": 11582, ""sample_selection"": ""full_frozen_official_test_order""}, ""sample_set_hash"": ""c5fcd5f79503b4a9590576905e80b1cea954849cffedc3cb08f48c45fa28157e"", ""task"": ""cmmlu""}]","[""openpangu__cmmlu__all_linear__iid_matched__s1107__n2500__step_002500__cmmlu.json""]",[],[],501.5746684889309,501.5746684889309,5615.747780359816,2.560439297987614,
openpangu__cmmlu__all_linear__iid_matched__s123__n2500,openpangu,cmmlu,iid_matched,123,2500,all_linear,"[""scope""]",1,"[""scope_all_linear""]",complete,complete,dc30c7feb9de5f36ed143fb9bcf632074eb95643e3c45a8baf23fd2aa9c3d789,6c32a20502ca5099bb7589374006057d8b84c6d5ba22dffac6063628c7fa6beb,313810738e0b92f1581e89197ea8ac90a76637f6,[2500],"[""6c32a20502ca5099bb7589374006057d8b84c6d5ba22dffac6063628c7fa6beb""]",[2500],[],"{""2500"": ""ae0f5c25ba5e1b15472144c7986a7095389ecfaea04e0dc4a9c6482ec083cded""}","[""openpangu__cmmlu__all_linear__iid_matched__s123__n2500__step_002500__cmmlu.json""]","[{""bind_formal_samples"": true, ""checkpoint"": 2500, ""dataset_split_hash"": ""fd0a5596e80d8029a0b54f04a7a250d2f40e5def742eb6ca088834f5c60a0d76"", ""evaluation_config"": {""checkpoint"": 2500, ""dataset_split_hash"": ""fd0a5596e80d8029a0b54f04a7a250d2f40e5def742eb6ca088834f5c60a0d76"", ""protocol"": {""decoding"": ""greedy"", ""metric"": ""macro_accuracy"", ""prompt"": ""fixed_5shot_by_subject"", ""sample_count"": 11582, ""sample_selection"": ""full_frozen_official_test_order""}, ""run_id"": ""openpangu__cmmlu__all_linear__iid_matched__s123__n2500"", ""sample_manifest"": {""ordered_sample_content_sha256"": ""5cad594c402be6e6bcce53b5552bcef36806aa5c3ddd8da1be67c332c8718e29"", ""ordered_sample_ids_sha256"": ""0f5aab4bcf6cc4b8893800d22b79af409a973946b0284fc8959c6ebb8fd0d51d"", ""sample_count"": 11582}, ""schema_version"": 1, ""task"": ""cmmlu""}, ""metrics"": [""macro_accuracy""], ""protocol"": {""decoding"": ""greedy"", ""metric"": ""macro_accuracy"", ""prompt"": ""fixed_5shot_by_subject"", ""sample_count"": 11582, ""sample_selection"": ""full_frozen_official_test_order""}, ""sample_set_hash"": ""c5fcd5f79503b4a9590576905e80b1cea954849cffedc3cb08f48c45fa28157e"", ""task"": ""cmmlu""}]","[""openpangu__cmmlu__all_linear__iid_matched__s123__n2500__step_002500__cmmlu.json""]",[],[],491.9861350134015,491.9861350134015,5564.665004317387,2.516852567991009,
openpangu__cmmlu__all_linear__iid_matched__s42__n2500,openpangu,cmmlu,iid_matched,42,2500,all_linear,"[""scope""]",1,"[""scope_all_linear""]",complete,complete,e1ee4af1f394b431972d392210af425215629f9cb026000cb421c7ec3ee542b9,3a55eecc2032a8fabf55d308c6455aac85b8d03850d111ce33d5762eefd5c7f9,313810738e0b92f1581e89197ea8ac90a76637f6,[2500],"[""3a55eecc2032a8fabf55d308c6455aac85b8d03850d111ce33d5762eefd5c7f9""]",[2500],[],"{""2500"": ""c1db1df28d4cd2f9aec10a76c4f9132f3839f88563a8e39d60b94b428b6dff89""}","[""openpangu__cmmlu__all_linear__iid_matched__s42__n2500__step_002500__cmmlu.json""]","[{""bind_formal_samples"": true, ""checkpoint"": 2500, ""dataset_split_hash"": ""fd0a5596e80d8029a0b54f04a7a250d2f40e5def742eb6ca088834f5c60a0d76"", ""evaluation_config"": {""checkpoint"": 2500, ""dataset_split_hash"": ""fd0a5596e80d8029a0b54f04a7a250d2f40e5def742eb6ca088834f5c60a0d76"", ""protocol"": {""decoding"": ""greedy"", ""metric"": ""macro_accuracy"", ""prompt"": ""fixed_5shot_by_subject"", ""sample_count"": 11582, ""sample_selection"": ""full_frozen_official_test_order""}, ""run_id"": ""openpangu__cmmlu__all_linear__iid_matched__s42__n2500"", ""sample_manifest"": {""ordered_sample_content_sha256"": ""5cad594c402be6e6bcce53b5552bcef36806aa5c3ddd8da1be67c332c8718e29"", ""ordered_sample_ids_sha256"": ""0f5aab4bcf6cc4b8893800d22b79af409a973946b0284fc8959c6ebb8fd0d51d"", ""sample_count"": 11582}, ""schema_version"": 1, ""task"": ""cmmlu""}, ""metrics"": [""macro_accuracy""], ""protocol"": {""decoding"": ""greedy"", ""metric"": ""macro_accuracy"", ""prompt"": ""fixed_5shot_by_subject"", ""sample_count"": 11582, ""sample_selection"": ""full_frozen_official_test_order""}, ""sample_set_hash"": ""c5fcd5f79503b4a9590576905e80b1cea954849cffedc3cb08f48c45fa28157e"", ""task"": ""cmmlu""}]","[""openpangu__cmmlu__all_linear__iid_matched__s42__n2500__step_002500__cmmlu.json""]",[],[],506.89710510894656,506.89710510894656,5628.946788276313,2.614530991006177,
openpangu__cmmlu__all_linear__peft_default__s1107__n2500,openpangu,cmmlu,peft_default,1107,2500,all_linear,"[""scope""]",1,"[""scope_all_linear""]",complete,complete,94f0b43d76df75ab031b1f55ff9d0773d2df95b5b856003d96af16514d46bbd0,312430fe1255c0f0adc58a9ab9af760ea9046c89fbc4666938632f30e1fe00e6,9237786aac16b97526354d12c8dbd7c6a9b3c28b,[2500],"[""312430fe1255c0f0adc58a9ab9af760ea9046c89fbc4666938632f30e1fe00e6""]",[2500],[],"{""2500"": ""fff332432614959670e7bdbe041feeb313d453133e939250797bb7ca9bc245e3""}","[""openpangu__cmmlu__all_linear__peft_default__s1107__n2500__step_002500__cmmlu.json""]","[{""bind_formal_samples"": true, ""checkpoint"": 2500, ""dataset_split_hash"": ""fd0a5596e80d8029a0b54f04a7a250d2f40e5def742eb6ca088834f5c60a0d76"", ""evaluation_config"": {""checkpoint"": 2500, ""dataset_split_hash"": ""fd0a5596e80d8029a0b54f04a7a250d2f40e5def742eb6ca088834f5c60a0d76"", ""protocol"": {""decoding"": ""greedy"", ""metric"": ""macro_accuracy"", ""prompt"": ""fixed_5shot_by_subject"", ""sample_count"": 11582, ""sample_selection"": ""full_frozen_official_test_order""}, ""run_id"": ""openpangu__cmmlu__all_linear__peft_default__s1107__n2500"", ""sample_manifest"": {""ordered_sample_content_sha256"": ""5cad594c402be6e6bcce53b5552bcef36806aa5c3ddd8da1be67c332c8718e29"", ""ordered_sample_ids_sha256"": ""0f5aab4bcf6cc4b8893800d22b79af409a973946b0284fc8959c6ebb8fd0d51d"", ""sample_count"": 11582}, ""schema_version"": 1, ""task"": ""cmmlu""}, ""metrics"": [""macro_accuracy""], ""protocol"": {""decoding"": ""greedy"", ""metric"": ""macro_accuracy"", ""prompt"": ""fixed_5shot_by_subject"", ""sample_count"": 11582, ""sample_selection"": ""full_frozen_official_test_order""}, ""sample_set_hash"": ""c5fcd5f79503b4a9590576905e80b1cea954849cffedc3cb08f48c45fa28157e"", ""task"": ""cmmlu""}]","[""openpangu__cmmlu__all_linear__peft_default__s1107__n2500__step_002500__cmmlu.json""]",[],[],554.7691411837004,554.7691411837004,5800.919286484772,0.887988499016501,
openpangu__cmmlu__all_linear__peft_default__s123__n2500,openpangu,cmmlu,peft_default,123,2500,all_linear,"[""scope""]",1,"[""scope_all_linear""]",complete,complete,ec070ea5de3c835faca60676fca30ec0c65e51a917045f3cb861d06f6a41e07d,218560558cb4840b62e8f62d201f47b1143e2f19a02de401784ab95743c55344,814f49076e0aba55e4cac0139cdac5f622a7d459,[2500],"[""218560558cb4840b62e8f62d201f47b1143e2f19a02de401784ab95743c55344""]",[2500],[],"{""2500"": ""4e500bae042b283bbd117cca5e89d769d4a9f479c1c0a687f62676891f93cb93""}","[""openpangu__cmmlu__all_linear__peft_default__s123__n2500__step_002500__cmmlu.json""]","[{""bind_formal_samples"": true, ""checkpoint"": 2500, ""dataset_split_hash"": ""fd0a5596e80d8029a0b54f04a7a250d2f40e5def742eb6ca088834f5c60a0d76"", ""evaluation_config"": {""checkpoint"": 2500, ""dataset_split_hash"": ""fd0a5596e80d8029a0b54f04a7a250d2f40e5def742eb6ca088834f5c60a0d76"", ""protocol"": {""decoding"": ""greedy"", ""metric"": ""macro_accuracy"", ""prompt"": ""fixed_5shot_by_subject"", ""sample_count"": 11582, ""sample_selection"": ""full_frozen_official_test_order""}, ""run_id"": ""openpangu__cmmlu__all_linear__peft_default__s123__n2500"", ""sample_manifest"": {""ordered_sample_content_sha256"": ""5cad594c402be6e6bcce53b5552bcef36806aa5c3ddd8da1be67c332c8718e29"", ""ordered_sample_ids_sha256"": ""0f5aab4bcf6cc4b8893800d22b79af409a973946b0284fc8959c6ebb8fd0d51d"", ""sample_count"": 11582}, ""schema_version"": 1, ""task"": ""cmmlu""}, ""metrics"": [""macro_accuracy""], ""protocol"": {""decoding"": ""greedy"", ""metric"": ""macro_accuracy"", ""prompt"": ""fixed_5shot_by_subject"", ""sample_count"": 11582, ""sample_selection"": ""full_frozen_official_test_order""}, ""sample_set_hash"": ""c5fcd5f79503b4a9590576905e80b1cea954849cffedc3cb08f48c45fa28157e"", ""task"": ""cmmlu""}]","[""openpangu__cmmlu__all_linear__peft_default__s123__n2500__step_002500__cmmlu.json""]",[],[],550.1862720763311,550.1862720763311,29502.646331423268,1.0731458039954305,
openpangu__cmmlu__all_linear__peft_default__s42__n2500,openpangu,cmmlu,peft_default,42,2500,all_linear,"[""scope""]",1,"[""scope_all_linear""]",complete,complete,f35d4730eb548dc9b5fa17122eaa24d07014cbc63a6491cfb5984ef1b0e9f460,23f4ffecfbc5d59018a543c63d50a12b89f74d797f915d99fb2f3f961a46f1a4,313810738e0b92f1581e89197ea8ac90a76637f6,[2500],"[""23f4ffecfbc5d59018a543c63d50a12b89f74d797f915d99fb2f3f961a46f1a4""]",[2500],[],"{""2500"": ""0f9c88ba282ee6aa7e07c175a7602dbd4caa1137320f597abd55ba7971889a98""}","[""openpangu__cmmlu__all_linear__peft_default__s42__n2500__step_002500__cmmlu.json""]","[{""bind_formal_samples"": true, ""checkpoint"": 2500, ""dataset_split_hash"": ""fd0a5596e80d8029a0b54f04a7a250d2f40e5def742eb6ca088834f5c60a0d76"", ""evaluation_config"": {""checkpoint"": 2500, ""dataset_split_hash"": ""fd0a5596e80d8029a0b54f04a7a250d2f40e5def742eb6ca088834f5c60a0d76"", ""protocol"": {""decoding"": ""greedy"", ""metric"": ""macro_accuracy"", ""prompt"": ""fixed_5shot_by_subject"", ""sample_count"": 11582, ""sample_selection"": ""full_frozen_official_test_order""}, ""run_id"": ""openpangu__cmmlu__all_linear__peft_default__s42__n2500"", ""sample_manifest"": {""ordered_sample_content_sha256"": ""5cad594c402be6e6bcce53b5552bcef36806aa5c3ddd8da1be67c332c8718e29"", ""ordered_sample_ids_sha256"": ""0f5aab4bcf6cc4b8893800d22b79af409a973946b0284fc8959c6ebb8fd0d51d"", ""sample_count"": 11582}, ""schema_version"": 1, ""task"": ""cmmlu""}, ""metrics"": [""macro_accuracy""], ""protocol"": {""decoding"": ""greedy"", ""metric"": ""macro_accuracy"", ""prompt"": ""fixed_5shot_by_subject"", ""sample_count"": 11582, ""sample_selection"": ""full_frozen_official_test_order""}, ""sample_set_hash"": ""c5fcd5f79503b4a9590576905e80b1cea954849cffedc3cb08f48c45fa28157e"", ""task"": ""cmmlu""}]","[""openpangu__cmmlu__all_linear__peft_default__s42__n2500__step_002500__cmmlu.json""]",[],[],503.72356428485364,503.72356428485364,10228.36046055636,0.7303376979980385,
openpangu__cmmlu__all_linear__powerlaw_global_a06__s1107__n2500,openpangu,cmmlu,powerlaw_global_a06,1107,2500,all_linear,"[""scope""]",1,"[""scope_all_linear""]",complete,complete,0fc40c9b1b6b1814d8fffaaa79f58ae100d2df0031a1732d5f1224df69dbee84,c43f12bda6b59527d025e0507662a7e9df49a7b8ea5e570d947f6354600d25b3,313810738e0b92f1581e89197ea8ac90a76637f6,[2500],"[""c43f12bda6b59527d025e0507662a7e9df49a7b8ea5e570d947f6354600d25b3""]",[2500],[],"{""2500"": ""4bf4dd41d6213bdde3cdab0439a3141c75d7e114659180858dee49d394cb4e3a""}","[""openpangu__cmmlu__all_linear__powerlaw_global_a06__s1107__n2500__step_002500__cmmlu.json""]","[{""bind_formal_samples"": true, ""checkpoint"": 2500, ""dataset_split_hash"": ""fd0a5596e80d8029a0b54f04a7a250d2f40e5def742eb6ca088834f5c60a0d76"", ""evaluation_config"": {""checkpoint"": 2500, ""dataset_split_hash"": ""fd0a5596e80d8029a0b54f04a7a250d2f40e5def742eb6ca088834f5c60a0d76"", ""protocol"": {""decoding"": ""greedy"", ""metric"": ""macro_accuracy"", ""prompt"": ""fixed_5shot_by_subject"", ""sample_count"": 11582, ""sample_selection"": ""full_frozen_official_test_order""}, ""run_id"": ""openpangu__cmmlu__all_linear__powerlaw_global_a06__s1107__n2500"", ""sample_manifest"": {""ordered_sample_content_sha256"": ""5cad594c402be6e6bcce53b5552bcef36806aa5c3ddd8da1be67c332c8718e29"", ""ordered_sample_ids_sha256"": ""0f5aab4bcf6cc4b8893800d22b79af409a973946b0284fc8959c6ebb8fd0d51d"", ""sample_count"": 11582}, ""schema_version"": 1, ""task"": ""cmmlu""}, ""metrics"": [""macro_accuracy""], ""protocol"": {""decoding"": ""greedy"", ""metric"": ""macro_accuracy"", ""prompt"": ""fixed_5shot_by_subject"", ""sample_count"": 11582, ""sample_selection"": ""full_frozen_official_test_order""}, ""sample_set_hash"": ""c5fcd5f79503b4a9590576905e80b1cea954849cffedc3cb08f48c45fa28157e"", ""task"": ""cmmlu""}]","[""openpangu__cmmlu__all_linear__powerlaw_global_a06__s1107__n2500__step_002500__cmmlu.json""]",[],[],494.41134129231796,494.41134129231796,5586.815192557784,2.1031061980174854,
openpangu__cmmlu__all_linear__powerlaw_global_a06__s123__n2500,openpangu,cmmlu,powerlaw_global_a06,123,2500,all_linear,"[""scope""]",1,"[""scope_all_linear""]",complete,complete,9e7ef6b2a0782669f51084f2dacc6b0d5161ee7a91c6a9b51ba2b3ab3afcfaba,59cb5118c4026f8ba79706ab479e0679d5e508be8f9249aad825735698ba2a88,313810738e0b92f1581e89197ea8ac90a76637f6,[2500],"[""59cb5118c4026f8ba79706ab479e0679d5e508be8f9249aad825735698ba2a88""]",[2500],[],"{""2500"": ""3e8d1be484aa6b2367e53533efa414b0de9b5f3f4b821df6c2d1037397ad49c6""}","[""openpangu__cmmlu__all_linear__powerlaw_global_a06__s123__n2500__step_002500__cmmlu.json""]","[{""bind_formal_samples"": true, ""checkpoint"": 2500, ""dataset_split_hash"": ""fd0a5596e80d8029a0b54f04a7a250d2f40e5def742eb6ca088834f5c60a0d76"", ""evaluation_config"": {""checkpoint"": 2500, ""dataset_split_hash"": ""fd0a5596e80d8029a0b54f04a7a250d2f40e5def742eb6ca088834f5c60a0d76"", ""protocol"": {""decoding"": ""greedy"", ""metric"": ""macro_accuracy"", ""prompt"": ""fixed_5shot_by_subject"", ""sample_count"": 11582, ""sample_selection"": ""full_frozen_official_test_order""}, ""run_id"": ""openpangu__cmmlu__all_linear__powerlaw_global_a06__s123__n2500"", ""sample_manifest"": {""ordered_sample_content_sha256"": ""5cad594c402be6e6bcce53b5552bcef36806aa5c3ddd8da1be67c332c8718e29"", ""ordered_sample_ids_sha256"": ""0f5aab4bcf6cc4b8893800d22b79af409a973946b0284fc8959c6ebb8fd0d51d"", ""sample_count"": 11582}, ""schema_version"": 1, ""task"": ""cmmlu""}, ""metrics"": [""macro_accuracy""], ""protocol"": {""decoding"": ""greedy"", ""metric"": ""macro_accuracy"", ""prompt"": ""fixed_5shot_by_subject"", ""sample_count"": 11582, ""sample_selection"": ""full_frozen_official_test_order""}, ""sample_set_hash"": ""c5fcd5f79503b4a9590576905e80b1cea954849cffedc3cb08f48c45fa28157e"", ""task"": ""cmmlu""}]","[""openpangu__cmmlu__all_linear__powerlaw_global_a06__s123__n2500__step_002500__cmmlu.json""]",[],[],509.3186045093462,509.3186045093462,5592.819849708321,2.0350794960104395,
openpangu__cmmlu__all_linear__powerlaw_global_a06__s42__n2500,openpangu,cmmlu,powerlaw_global_a06,42,2500,all_linear,"[""scope""]",1,"[""scope_all_linear""]",complete,complete,00dd43079e7ac2ecb2972ab82e2925989532eb85ff8f9c6876345d0e7f70b463,5cac1f0639a80cfeb181bec1037275cb5a9649bca029d326754247062b4d6716,313810738e0b92f1581e89197ea8ac90a76637f6,[2500],"[""5cac1f0639a80cfeb181bec1037275cb5a9649bca029d326754247062b4d6716""]",[2500],[],"{""2500"": ""bce738ce3a57db0517472976414d210c19832d44cff245561d79e8bff3294bd2""}","[""openpangu__cmmlu__all_linear__powerlaw_global_a06__s42__n2500__step_002500__cmmlu.json""]","[{""bind_formal_samples"": true, ""checkpoint"": 2500, ""dataset_split_hash"": ""fd0a5596e80d8029a0b54f04a7a250d2f40e5def742eb6ca088834f5c60a0d76"", ""evaluation_config"": {""checkpoint"": 2500, ""dataset_split_hash"": ""fd0a5596e80d8029a0b54f04a7a250d2f40e5def742eb6ca088834f5c60a0d76"", ""protocol"": {""decoding"": ""greedy"", ""metric"": ""macro_accuracy"", ""prompt"": ""fixed_5shot_by_subject"", ""sample_count"": 11582, ""sample_selection"": ""full_frozen_official_test_order""}, ""run_id"": ""openpangu__cmmlu__all_linear__powerlaw_global_a06__s42__n2500"", ""sample_manifest"": {""ordered_sample_content_sha256"": ""5cad594c402be6e6bcce53b5552bcef36806aa5c3ddd8da1be67c332c8718e29"", ""ordered_sample_ids_sha256"": ""0f5aab4bcf6cc4b8893800d22b79af409a973946b0284fc8959c6ebb8fd0d51d"", ""sample_count"": 11582}, ""schema_version"": 1, ""task"": ""cmmlu""}, ""metrics"": [""macro_accuracy""], ""protocol"": {""decoding"": ""greedy"", ""metric"": ""macro_accuracy"", ""prompt"": ""fixed_5shot_by_subject"", ""sample_count"": 11582, ""sample_selection"": ""full_frozen_official_test_order""}, ""sample_set_hash"": ""c5fcd5f79503b4a9590576905e80b1cea954849cffedc3cb08f48c45fa28157e"", ""task"": ""cmmlu""}]","[""openpangu__cmmlu__all_linear__powerlaw_global_a06__s42__n2500__step_002500__cmmlu.json""]",[],[],517.1809275504202,517.1809275504202,5711.3272469086805,1.9949026920075994,
openpangu__cmmlu__qv__fft_white_a0__s1107__n500__gradlog,openpangu,cmmlu,fft_white_a0,1107,500,qv,"[""mechanism_500step""]",1,"[""mechanism_500step""]",complete,complete,e3edf78133c5a227fe06780adadc3d6bbff021331b51f1638b82ad851fce152d,60e0f80869d2590ea8c047d213c512d5a5b532a716b6566432d233ee4a2779ca,b40a55b8c52a52353c2457afdad00f4de395e48a,"[100, 250, 500]","[""60e0f80869d2590ea8c047d213c512d5a5b532a716b6566432d233ee4a2779ca""]","[100, 250, 500]",[],"{""100"": ""f9044fbc7670d0aa81dc5943fe0a087f3a0abd3ef14c585cfd28f15d9c9432ef"", ""250"": ""17d3d7f14dd71ce6edf42e8897d47e4a3153241566176b89ad1255f200bcd604"", ""500"": ""8e3cb14a835adc1e2805f164cf056f3cb14bd5330dabaed19f16617dc4e7ebc7""}",[],[],[],[],[],975.6504775173962,975.6504775173962,940.445286311864,0.8034885009983554,
openpangu__cmmlu__qv__fft_white_a0__s123__n500__gradlog,openpangu,cmmlu,fft_white_a0,123,500,qv,"[""mechanism_500step""]",1,"[""mechanism_500step""]",complete,complete,bce9a23223dd2fc76c08284294b1d78b251e941ab77514ea7c8992ebd2bfd6c7,91459cf86ddd9118ab774f7e0aac1c81d824f75855896b3f1df4cb8641cb6868,b40a55b8c52a52353c2457afdad00f4de395e48a,"[100, 250, 500]","[""91459cf86ddd9118ab774f7e0aac1c81d824f75855896b3f1df4cb8641cb6868""]","[100, 250, 500]",[],"{""100"": ""cbebdf867b53f46c58bc956a13747d55df19d667d38943e09da3bbd345c04f37"", ""250"": ""ee3bf75a49f5f4e7ee5a11112477942944ffa4bc07340e6e679b9f2dc31f0c45"", ""500"": ""bc611d14331b725be59ca5596fb59bc5b4c3227d6c3ab2f421b3cc5d35b90d6a""}",[],[],[],[],[],956.5391271673143,956.5391271673143,940.1527095089114,0.7955340089974925,
openpangu__cmmlu__qv__fft_white_a0__s42__n500__gradlog,openpangu,cmmlu,fft_white_a0,42,500,qv,"[""mechanism_500step""]",1,"[""mechanism_500step""]",complete,complete,e36b62e8006dfb92142fd7a8b698d11b9daccd2086e9bd9e6aa9c8a03bcfe5a0,344fe5e07203da636cde2f7ca77a51d89e4abe0d8f32c47df2d4103b3be2fae6,b40a55b8c52a52353c2457afdad00f4de395e48a,"[100, 250, 500]","[""344fe5e07203da636cde2f7ca77a51d89e4abe0d8f32c47df2d4103b3be2fae6""]","[100, 250, 500]",[],"{""100"": ""133151f68c9ea8fcb5135414fc506c3b6264c977574c8bed43dad85393d3dc8d"", ""250"": ""f4fd9ee20da9538010629b39fcc65d6e585ef27aaf489e9f7956c90a3abd7334"", ""500"": ""72c5448584bfccebbfeb0b25aa159656c712a8f5c19307d6ffa62c89352332b5""}",[],[],[],[],[],980.6584558673203,980.6584558673203,941.3115848169837,0.7479965980019188,
openpangu__cmmlu__qv__iid_matched__s1107__n10000,openpangu,cmmlu,iid_matched,1107,10000,qv,"[""scope""]",1,"[""scope_long_run""]",complete,complete,72da5320611f9f13ceac8a28aa3113a06fd6b39147ec3ac0c70f060e06b424f7,8341daa63d7bf17e441895f0d8b69258638b5562a8a9eced0860e876bf55848a,313810738e0b92f1581e89197ea8ac90a76637f6,"[0, 100, 250, 500, 1000, 2500, 5000, 7500, 10000]","[""8341daa63d7bf17e441895f0d8b69258638b5562a8a9eced0860e876bf55848a""]","[0, 100, 250, 500, 1000, 2500, 5000, 7500, 10000]",[],"{""0"": ""62829de8f41856ce6712849355c1ffb1af9e0af953311222d0fc3179293157b9"", ""100"": ""cb21acc79ae08892a87472c3f45935360c0c29ab9be69b666a98d664ebc0616e"", ""1000"": ""54fc593b601ec9ef895be160fba8f69462cb253b44b02ee25bb49a8e9b6ba75a"", ""10000"": ""72647a2dda7228e8ee14de141cfd0975f9f0e8212b8f91686b496d8076953f34"", ""250"": ""b775fed93986db3a10e60282803f41e25202e1c5ca0f067c764c31a2b5affc5c"", ""2500"": ""41faf690a5e08774255c75e4a53aef4021bc9ed378a459f67c25fa9757009497"", ""500"": ""8c153f96e73f59f527e48dc65242fcaf90bf2948882c2b876ad7bd695b51bfd4"", ""5000"": ""ca7e4eee6724faf116c78d8065507762a67c4fa1fd2ad8cb1aea80ca53faa6de"", ""7500"": ""d1318d8e7463b018db8257c83ea8619616c049970874a060d4530824880454a1""}","[""openpangu__cmmlu__qv__iid_matched__s1107__n10000__step_000500__cmmlu.json"", ""openpangu__cmmlu__qv__iid_matched__s1107__n10000__step_002500__cmmlu.json"", ""openpangu__cmmlu__qv__iid_matched__s1107__n10000__step_010000__cmmlu.json""]","[{""bind_formal_samples"": true, ""checkpoint"": 500, ""dataset_split_hash"": ""fd0a5596e80d8029a0b54f04a7a250d2f40e5def742eb6ca088834f5c60a0d76"", ""evaluation_config"": {""checkpoint"": 500, ""dataset_split_hash"": ""fd0a5596e80d8029a0b54f04a7a250d2f40e5def742eb6ca088834f5c60a0d76"", ""protocol"": {""decoding"": ""greedy"", ""metric"": ""macro_accuracy"", ""prompt"": ""fixed_5shot_by_subject"", ""sample_count"": 11582, ""sample_selection"": ""full_frozen_official_test_order""}, ""run_id"": ""openpangu__cmmlu__qv__iid_matched__s1107__n10000"", ""sample_manifest"": {""ordered_sample_content_sha256"": ""5cad594c402be6e6bcce53b5552bcef36806aa5c3ddd8da1be67c332c8718e29"", ""ordered_sample_ids_sha256"": ""0f5aab4bcf6cc4b8893800d22b79af409a973946b0284fc8959c6ebb8fd0d51d"", ""sample_count"": 11582}, ""schema_version"": 1, ""task"": ""cmmlu""}, ""metrics"": [""macro_accuracy""], ""protocol"": {""decoding"": ""greedy"", ""metric"": ""macro_accuracy"", ""prompt"": ""fixed_5shot_by_subject"", ""sample_count"": 11582, ""sample_selection"": ""full_frozen_official_test_order""}, ""sample_set_hash"": ""c5fcd5f79503b4a9590576905e80b1cea954849cffedc3cb08f48c45fa28157e"", ""task"": ""cmmlu""}, {""bind_formal_samples"": true, ""checkpoint"": 2500, ""dataset_split_hash"": ""fd0a5596e80d8029a0b54f04a7a250d2f40e5def742eb6ca088834f5c60a0d76"", ""evaluation_config"": {""checkpoint"": 2500, ""dataset_split_hash"": ""fd0a5596e80d8029a0b54f04a7a250d2f40e5def742eb6ca088834f5c60a0d76"", ""protocol"": {""decoding"": ""greedy"", ""metric"": ""macro_accuracy"", ""prompt"": ""fixed_5shot_by_subject"", ""sample_count"": 11582, ""sample_selection"": ""full_frozen_official_test_order""}, ""run_id"": ""openpangu__cmmlu__qv__iid_matched__s1107__n10000"", ""sample_manifest"": {""ordered_sample_content_sha256"": ""5cad594c402be6e6bcce53b5552bcef36806aa5c3ddd8da1be67c332c8718e29"", ""ordered_sample_ids_sha256"": ""0f5aab4bcf6cc4b8893800d22b79af409a973946b0284fc8959c6ebb8fd0d51d"", ""sample_count"": 11582}, ""schema_version"": 1, ""task"": ""cmmlu""}, ""metrics"": [""macro_accuracy""], ""protocol"": {""decoding"": ""greedy"", ""metric"": ""macro_accuracy"", ""prompt"": ""fixed_5shot_by_subject"", ""sample_count"": 11582, ""sample_selection"": ""full_frozen_official_test_order""}, ""sample_set_hash"": ""c5fcd5f79503b4a9590576905e80b1cea954849cffedc3cb08f48c45fa28157e"", ""task"": ""cmmlu""}, {""bind_formal_samples"": true, ""checkpoint"": 10000, ""dataset_split_hash"": ""fd0a5596e80d8029a0b54f04a7a250d2f40e5def742eb6ca088834f5c60a0d76"", ""evaluation_config"": {""checkpoint"": 10000, ""dataset_split_hash"": ""fd0a5596e80d8029a0b54f04a7a250d2f40e5def742eb6ca088834f5c60a0d76"", ""protocol"": {""decoding"": ""greedy"", ""metric"": ""macro_accuracy"", ""prompt"": ""fixed_5shot_by_subject"", ""sample_count"": 11582, ""sample_selection"": ""full_frozen_official_test_order""}, ""run_id"": ""openpangu__cmmlu__qv__iid_matched__s1107__n10000"", ""sample_manifest"": {""ordered_sample_content_sha256"": ""5cad594c402be6e6bcce53b5552bcef36806aa5c3ddd8da1be67c332c8718e29"", ""ordered_sample_ids_sha256"": ""0f5aab4bcf6cc4b8893800d22b79af409a973946b0284fc8959c6ebb8fd0d51d"", ""sample_count"": 11582}, ""schema_version"": 1, ""task"": ""cmmlu""}, ""metrics"": [""macro_accuracy""], ""protocol"": {""decoding"": ""greedy"", ""metric"": ""macro_accuracy"", ""prompt"": ""fixed_5shot_by_subject"", ""sample_count"": 11582, ""sample_selection"": ""full_frozen_official_test_order""}, ""sample_set_hash"": ""c5fcd5f79503b4a9590576905e80b1cea954849cffedc3cb08f48c45fa28157e"", ""task"": ""cmmlu""}]","[""openpangu__cmmlu__qv__iid_matched__s1107__n10000__step_000500__cmmlu.json"", ""openpangu__cmmlu__qv__iid_matched__s1107__n10000__step_002500__cmmlu.json"", ""openpangu__cmmlu__qv__iid_matched__s1107__n10000__step_010000__cmmlu.json""]",[],[],940.7231606449932,940.7231606449932,16564.18049075565,1.0774838959914632,
openpangu__cmmlu__qv__iid_matched__s1107__n2500,openpangu,cmmlu,iid_matched,1107,2500,qv,"[""downstream_2500step""]",1,"[""downstream_2500step""]",complete,complete,545d7f37ef7c3a7a20766fe07074582b8e7121749f7173c13f299d1f6deff04b,5754d55c8a3ff8a84f4818a71f83a393ac1561bc9b23bf808b0ec23b3a3bfc30,6569e76bf27da84743934012d6d2df6eb2c28709,"[0, 100, 250, 500, 1000, 1500, 2500]","[""5754d55c8a3ff8a84f4818a71f83a393ac1561bc9b23bf808b0ec23b3a3bfc30""]","[0, 100, 250, 500, 1000, 1500, 2500]",[],"{""0"": ""13b9deaba80b3739edaa575468bf0b7364109f23304058573664898e0e36ca5b"", ""100"": ""9f15658c6c99bfbfe4bff192266ebb37c9da428a42ccfe3cf9dd1f99ee638b55"", ""1000"": ""534d25e7a5097d7dd66e996b7bc98682ed8e46cfc6684f2ee2eaf5ba17ca24f8"", ""1500"": ""e7d4cbc07c87e5d1555ba0044563db7677367bf310b03e053138c86f697d4e32"", ""250"": ""af5d9811cf3154b7a199118238bbe42b9baf68c79ba20303c8ca4636a46394f9"", ""2500"": ""69396973a99685bc213a1d33617ed2af490cbca25b1d1d64796300f656c267e7"", ""500"": ""c72ac36faec954d087a3f7940830dc3ffd6b23bb27fc63e0f4a22c9164433005""}","[""openpangu__cmmlu__qv__iid_matched__s1107__n2500__step_002500__cmmlu.json""]","[{""bind_formal_samples"": true, ""checkpoint"": 2500, ""dataset_split_hash"": ""fd0a5596e80d8029a0b54f04a7a250d2f40e5def742eb6ca088834f5c60a0d76"", ""evaluation_config"": {""checkpoint"": 2500, ""dataset_split_hash"": ""fd0a5596e80d8029a0b54f04a7a250d2f40e5def742eb6ca088834f5c60a0d76"", ""protocol"": {""decoding"": ""greedy"", ""metric"": ""macro_accuracy"", ""prompt"": ""fixed_5shot_by_subject"", ""sample_count"": 11582, ""sample_selection"": ""full_frozen_official_test_order""}, ""run_id"": ""openpangu__cmmlu__qv__iid_matched__s1107__n2500"", ""sample_manifest"": {""ordered_sample_content_sha256"": ""5cad594c402be6e6bcce53b5552bcef36806aa5c3ddd8da1be67c332c8718e29"", ""ordered_sample_ids_sha256"": ""0f5aab4bcf6cc4b8893800d22b79af409a973946b0284fc8959c6ebb8fd0d51d"", ""sample_count"": 11582}, ""schema_version"": 1, ""task"": ""cmmlu""}, ""metrics"": [""macro_accuracy""], ""protocol"": {""decoding"": ""greedy"", ""metric"": ""macro_accuracy"", ""prompt"": ""fixed_5shot_by_subject"", ""sample_count"": 11582, ""sample_selection"": ""full_frozen_official_test_order""}, ""sample_set_hash"": ""c5fcd5f79503b4a9590576905e80b1cea954849cffedc3cb08f48c45fa28157e"", ""task"": ""cmmlu""}]","[""openpangu__cmmlu__qv__iid_matched__s1107__n2500__step_002500__cmmlu.json""]",[],[],933.2346882112324,933.2346882112324,4069.2520797656616,0.6717907009879127,
openpangu__cmmlu__qv__iid_matched__s1107__n500,openpangu,cmmlu,iid_matched,1107,500,qv,"[""core_500step""]",1,"[""core_500step""]",complete,complete,b3558912755da6f91d39a81e241c927f7ced1f2ac8d6bdf129c54d0f004a74f4,3cdc2704540e602108dbc721db301fb97a794ec5a674a491d3febdb2b899cd28,0a68af0edd229e51727f8cd21ce7f82b63c742ed,"[100, 250, 500]","[""3cdc2704540e602108dbc721db301fb97a794ec5a674a491d3febdb2b899cd28""]","[100, 250, 500]",[],"{""100"": ""76d04d4141a32511ef6b4e9a802e8dd420c9e9f1232377c1ccc37dee523c8c12"", ""250"": ""85f8283c1ee229e4f29c5436034f419f12087ee952c6a7b85437a05332b6698c"", ""500"": ""f2f8d6afc0cee7bb77b1d3dac4024681809160f895ff8d8801c42ab764304bec""}",[],[],[],[],[],953.0397673510015,953.0397673510015,812.2481250950477,0.6790464969999448,
openpangu__cmmlu__qv__iid_matched__s1107__n500__gradlog,openpangu,cmmlu,iid_matched,1107,500,qv,"[""mechanism_500step""]",1,"[""mechanism_500step""]",complete,complete,25534db98e106bbc52b8733eabc083b4ac559da9928a361a2b077e4c9e39f879,fd562f850be944a786590f10c8ece320f4962f0f11c58c496fb7ea68750d4701,b40a55b8c52a52353c2457afdad00f4de395e48a,"[100, 250, 500]","[""fd562f850be944a786590f10c8ece320f4962f0f11c58c496fb7ea68750d4701""]","[100, 250, 500]",[],"{""100"": ""d6e10f4bdeac2b3b98af4a7c2586ea5b4b311f7cc5c47d563ba6436c4899efa2"", ""250"": ""153655672d9db3bb5cad421b8343c34ed794503b9716ffcaebca5b055287ff56"", ""500"": ""95b3c778c4f55255b2ee8f3eb344877597fe8915d062c34377ccb8ddd5757b32""}",[],[],[],[],[],953.0397673510015,953.0397673510015,947.4307788417209,0.687644999998156,
openpangu__cmmlu__qv__iid_matched__s123__n2500,openpangu,cmmlu,iid_matched,123,2500,qv,"[""downstream_2500step""]",1,"[""downstream_2500step""]",complete,complete,0174b61e821f792867905ba733666b2c3ce83c51c6d5ad49a38d2313d6a179ac,70b680d01c0ac267a8ad88bfc6c08fbddd7386ba63fbb676925d570cc7af8099,6569e76bf27da84743934012d6d2df6eb2c28709,"[0, 100, 250, 500, 1000, 1500, 2500]","[""70b680d01c0ac267a8ad88bfc6c08fbddd7386ba63fbb676925d570cc7af8099""]","[0, 100, 250, 500, 1000, 1500, 2500]",[],"{""0"": ""8b19de9e1e9ae578ef0ecdf8f14c04c48140f488a14c2d59a9285b433b8570bc"", ""100"": ""9a533880402c52f472ce8a35ced29bd6e3304a29f482813ba78750a55345483e"", ""1000"": ""d46a1bd6df655f8dc36452b0faedc4d53380cdc6d738334d483af9a0390b0d83"", ""1500"": ""a68a3927a01fae81092ab2bc1502b066845eb75712f06d9a4ebb9363065cac76"", ""250"": ""67004e79c6e793f40d022fdba52319a9554098cba673347ec3f3bac0189daf5f"", ""2500"": ""0c619011b844a660d45abd69f1bc994764ef7e63a820f42a7595ec19971a04df"", ""500"": ""e411b479489d9a208e14df868f222d0e659f39949058fe22efe42d67a4bdf41a""}","[""openpangu__cmmlu__qv__iid_matched__s123__n2500__step_002500__cmmlu.json""]","[{""bind_formal_samples"": true, ""checkpoint"": 2500, ""dataset_split_hash"": ""fd0a5596e80d8029a0b54f04a7a250d2f40e5def742eb6ca088834f5c60a0d76"", ""evaluation_config"": {""checkpoint"": 2500, ""dataset_split_hash"": ""fd0a5596e80d8029a0b54f04a7a250d2f40e5def742eb6ca088834f5c60a0d76"", ""protocol"": {""decoding"": ""greedy"", ""metric"": ""macro_accuracy"", ""prompt"": ""fixed_5shot_by_subject"", ""sample_count"": 11582, ""sample_selection"": ""full_frozen_official_test_order""}, ""run_id"": ""openpangu__cmmlu__qv__iid_matched__s123__n2500"", ""sample_manifest"": {""ordered_sample_content_sha256"": ""5cad594c402be6e6bcce53b5552bcef36806aa5c3ddd8da1be67c332c8718e29"", ""ordered_sample_ids_sha256"": ""0f5aab4bcf6cc4b8893800d22b79af409a973946b0284fc8959c6ebb8fd0d51d"", ""sample_count"": 11582}, ""schema_version"": 1, ""task"": ""cmmlu""}, ""metrics"": [""macro_accuracy""], ""protocol"": {""decoding"": ""greedy"", ""metric"": ""macro_accuracy"", ""prompt"": ""fixed_5shot_by_subject"", ""sample_count"": 11582, ""sample_selection"": ""full_frozen_official_test_order""}, ""sample_set_hash"": ""c5fcd5f79503b4a9590576905e80b1cea954849cffedc3cb08f48c45fa28157e"", ""task"": ""cmmlu""}]","[""openpangu__cmmlu__qv__iid_matched__s123__n2500__step_002500__cmmlu.json""]",[],[],939.2201319988817,939.2201319988817,4068.9806418814696,0.6953337999875657,
openpangu__cmmlu__qv__iid_matched__s123__n500,openpangu,cmmlu,iid_matched,123,500,qv,"[""core_500step""]",1,"[""core_500step""]",complete,complete,21974de3c45ef54f5024c6ddad79daa6c1385add1c7274053f4bbef96726b1f5,e0ebe6b68a5b3bb4976fc4737e5045cc9d4bdeaf796e36f4da2a69e759b1b94b,0a68af0edd229e51727f8cd21ce7f82b63c742ed,"[100, 250, 500]","[""e0ebe6b68a5b3bb4976fc4737e5045cc9d4bdeaf796e36f4da2a69e759b1b94b""]","[100, 250, 500]",[],"{""100"": ""c8829f46486338c65897a173229b62260d4ee174adfb3aefb3008b93118a140a"", ""250"": ""84fb49ebc07f9f233733fc46d2dcc884d4d3a940f134f17d9377580551fc0467"", ""500"": ""7e81020ae147137668def62e4e148d3e1abdf484d69ce06de6693559d3feb1d0""}",[],[],[],[],[],1007.3367697000504,1007.3367697000504,808.6551827149488,0.63164409899764,
openpangu__cmmlu__qv__iid_matched__s123__n500__gradlog,openpangu,cmmlu,iid_matched,123,500,qv,"[""mechanism_500step""]",1,"[""mechanism_500step""]",complete,complete,6653a339ff48557c5f0a4f03502a0405e0746650fbac637413c97edbdeb5642e,f77fce0d058438793410514129ff5fafa8f0e16d1e6627da0244d385f0521035,b40a55b8c52a52353c2457afdad00f4de395e48a,"[100, 250, 500]","[""f77fce0d058438793410514129ff5fafa8f0e16d1e6627da0244d385f0521035""]","[100, 250, 500]",[],"{""100"": ""8ec00eca45b5403639d762a7b7b861d1902abcadc5112bb3dd7da33c04137640"", ""250"": ""a31bd38ec976d8bdcab0f984bf313253d48706b8b6cbb71a6c93cdbb9b2482eb"", ""500"": ""25bdb8c0bc1ace26bdff3b068bfdb7447f4501d45e5820a382d98ad355834924""}",[],[],[],[],[],1007.3367697000504,1007.3367697000504,942.672769920915,0.6494338990014512,
openpangu__cmmlu__qv__iid_matched__s42__n2500,openpangu,cmmlu,iid_matched,42,2500,qv,"[""downstream_2500step""]",1,"[""downstream_2500step""]",complete,complete,92c2b240841bdcfde9f9ff3bf5c241ffeb5554b7b913ce22b6b2fa06658c4203,a11d62833770c5b00e8e5eaf16d7b1b5c6b49b67d4971105b173e26bcd0ceb81,6569e76bf27da84743934012d6d2df6eb2c28709,"[0, 100, 250, 500, 1000, 1500, 2500]","[""a11d62833770c5b00e8e5eaf16d7b1b5c6b49b67d4971105b173e26bcd0ceb81""]","[0, 100, 250, 500, 1000, 1500, 2500]",[],"{""0"": ""9a12f178693d05da17bbfc08a6275ac316a64f1adbf119bb45cec60ba956ca53"", ""100"": ""fcf49b8ab0797bf7cc9e069c5a85f155664055a20dd3362ba54463755e26d277"", ""1000"": ""1782f11aa416824af14aeaa9f7a2712c0d4fe8bf9366c46cb6d5c6a21f4d09c5"", ""1500"": ""f0103b97815902873f7ed405feb5cb0abc27baf1ba6f714e72c1cc82a46bea5c"", ""250"": ""f8f2a571178e118eb28df79b558888811150d22472f4c006a0f5d6f6ef5be48d"", ""2500"": ""8d20835988869099e0646e76c4d14aa83d64796eb10a9ba6b18ca72f65999e07"", ""500"": ""c1e8c6b3490712e936f7f2851d4755ccde47cd67bb2ff9ca9000695f07bc8684""}","[""openpangu__cmmlu__qv__iid_matched__s42__n2500__step_002500__cmmlu.json""]","[{""bind_formal_samples"": true, ""checkpoint"": 2500, ""dataset_split_hash"": ""fd0a5596e80d8029a0b54f04a7a250d2f40e5def742eb6ca088834f5c60a0d76"", ""evaluation_config"": {""checkpoint"": 2500, ""dataset_split_hash"": ""fd0a5596e80d8029a0b54f04a7a250d2f40e5def742eb6ca088834f5c60a0d76"", ""protocol"": {""decoding"": ""greedy"", ""metric"": ""macro_accuracy"", ""prompt"": ""fixed_5shot_by_subject"", ""sample_count"": 11582, ""sample_selection"": ""full_frozen_official_test_order""}, ""run_id"": ""openpangu__cmmlu__qv__iid_matched__s42__n2500"", ""sample_manifest"": {""ordered_sample_content_sha256"": ""5cad594c402be6e6bcce53b5552bcef36806aa5c3ddd8da1be67c332c8718e29"", ""ordered_sample_ids_sha256"": ""0f5aab4bcf6cc4b8893800d22b79af409a973946b0284fc8959c6ebb8fd0d51d"", ""sample_count"": 11582}, ""schema_version"": 1, ""task"": ""cmmlu""}, ""metrics"": [""macro_accuracy""], ""protocol"": {""decoding"": ""greedy"", ""metric"": ""macro_accuracy"", ""prompt"": ""fixed_5shot_by_subject"", ""sample_count"": 11582, ""sample_selection"": ""full_frozen_official_test_order""}, ""sample_set_hash"": ""c5fcd5f79503b4a9590576905e80b1cea954849cffedc3cb08f48c45fa28157e"", ""task"": ""cmmlu""}]","[""openpangu__cmmlu__qv__iid_matched__s42__n2500__step_002500__cmmlu.json""]",[],[],907.1540130935609,907.1540130935609,4069.7776940698677,0.6511344989994541,
openpangu__cmmlu__qv__iid_matched__s42__n500,openpangu,cmmlu,iid_matched,42,500,qv,"[""core_500step""]",1,"[""core_500step""]",complete,complete,2f543b7ac00cf50d58766765cd947d81bb2b6a7ae37f5474300219dd5802b8fa,59be7f17d57c54cf257987827ec791cc73a6c8c765f298cad385469ff8915613,0a68af0edd229e51727f8cd21ce7f82b63c742ed,"[100, 250, 500]","[""59be7f17d57c54cf257987827ec791cc73a6c8c765f298cad385469ff8915613""]","[100, 250, 500]",[],"{""100"": ""3f4f78c02400153a483c36c854be66543a873d9c22743faad4f896cd36b3704e"", ""250"": ""c39db841603d35550c44e6e640013e29a7b59a93a507d85b554d30f61d6813fe"", ""500"": ""7383dfd40fd2caa73160167d9dd33ecf433437acf32deb561b96567fd4783662""}",[],[],[],[],[],968.2296874038875,968.2296874038875,811.124307370992,0.6478672729972459,
openpangu__cmmlu__qv__iid_matched__s42__n500__gradlog,openpangu,cmmlu,iid_matched,42,500,qv,"[""mechanism_500step""]",1,"[""mechanism_500step""]",complete,complete,536b49405c5b7a9cbc730b03690fb9d65ccdcdf6906765c2e04bd9b316cf56d4,6d7e9359cf9753e0090226950009bd2eee8036a4256536544b589df550f9e046,b40a55b8c52a52353c2457afdad00f4de395e48a,"[100, 250, 500]","[""6d7e9359cf9753e0090226950009bd2eee8036a4256536544b589df550f9e046""]","[100, 250, 500]",[],"{""100"": ""539dd989c4f2d94e8e392fda5add67678b530c36c005fc87ff6f3ad5351a1e64"", ""250"": ""cd13c8c9927251b3c201e929c515e06945baa88075cbaace5a0241c4b989971b"", ""500"": ""52097f456ff560d43dcbc9e065877c9adc1a6ab68d1a9f83b34c7d9bf2b66adf""}",[],[],[],[],[],968.2296874038875,968.2296874038875,948.1077052469918,0.6633202990051359,
openpangu__cmmlu__qv__peft_default__s1107__n10000,openpangu,cmmlu,peft_default,1107,10000,qv,"[""scope""]",1,"[""scope_long_run""]",complete,complete,7c7bcb15de97d7e00e097663c9ddd935294b56a35429f7cc8697e7e51dab6b7b,d6dcde5c157bc97aaf5005ce5f8227d4ca02e35f80abe28e19012cbc9c971a15,313810738e0b92f1581e89197ea8ac90a76637f6,"[0, 100, 250, 500, 1000, 2500, 5000, 7500, 10000]","[""d6dcde5c157bc97aaf5005ce5f8227d4ca02e35f80abe28e19012cbc9c971a15""]","[0, 100, 250, 500, 1000, 2500, 5000, 7500, 10000]",[],"{""0"": ""0e86efdecb55972b438274e7018d113021b42ba91dd8ee7bc7b603e662178b11"", ""100"": ""1848b3bc3df5fd4158618401803fb405b0881db4c549f7d6ca7b7e0c3fb68fed"", ""1000"": ""82ef766cddc753a194f1ae4520ced55137dddf1eae3f9b7d19640db2d907e80d"", ""10000"": ""6392c736db5eef1e112c023029429cfcdbbebd45f3eed5c070754f37de661301"", ""250"": ""fb0fae6732d7824c4ecf44497660f12f028da6d9c4d9cd7d38d2bfa51b7d33bb"", ""2500"": ""b8aa94dd0ee17f3f75cef2b2d376025076855e135d639104afdd8f96c96bb993"", ""500"": ""a3c9a987c2c4731b7e5a3bd33ed4127838d47ce131be987dc01fe3091ded7c37"", ""5000"": ""a6abedcadfe992c09419042945ca9e63fd068d6b3c4f16ffa4da861c6c29ff30"", ""7500"": ""a82db407c5a2aeeb44220106ef037acc00f65cb9bad3647e6e48368c7e4a72d4""}","[""openpangu__cmmlu__qv__peft_default__s1107__n10000__step_000500__cmmlu.json"", ""openpangu__cmmlu__qv__peft_default__s1107__n10000__step_002500__cmmlu.json"", ""openpangu__cmmlu__qv__peft_default__s1107__n10000__step_010000__cmmlu.json""]","[{""bind_formal_samples"": true, ""checkpoint"": 500, ""dataset_split_hash"": ""fd0a5596e80d8029a0b54f04a7a250d2f40e5def742eb6ca088834f5c60a0d76"", ""evaluation_config"": {""checkpoint"": 500, ""dataset_split_hash"": ""fd0a5596e80d8029a0b54f04a7a250d2f40e5def742eb6ca088834f5c60a0d76"", ""protocol"": {""decoding"": ""greedy"", ""metric"": ""macro_accuracy"", ""prompt"": ""fixed_5shot_by_subject"", ""sample_count"": 11582, ""sample_selection"": ""full_frozen_official_test_order""}, ""run_id"": ""openpangu__cmmlu__qv__peft_default__s1107__n10000"", ""sample_manifest"": {""ordered_sample_content_sha256"": ""5cad594c402be6e6bcce53b5552bcef36806aa5c3ddd8da1be67c332c8718e29"", ""ordered_sample_ids_sha256"": ""0f5aab4bcf6cc4b8893800d22b79af409a973946b0284fc8959c6ebb8fd0d51d"", ""sample_count"": 11582}, ""schema_version"": 1, ""task"": ""cmmlu""}, ""metrics"": [""macro_accuracy""], ""protocol"": {""decoding"": ""greedy"", ""metric"": ""macro_accuracy"", ""prompt"": ""fixed_5shot_by_subject"", ""sample_count"": 11582, ""sample_selection"": ""full_frozen_official_test_order""}, ""sample_set_hash"": ""c5fcd5f79503b4a9590576905e80b1cea954849cffedc3cb08f48c45fa28157e"", ""task"": ""cmmlu""}, {""bind_formal_samples"": true, ""checkpoint"": 2500, ""dataset_split_hash"": ""fd0a5596e80d8029a0b54f04a7a250d2f40e5def742eb6ca088834f5c60a0d76"", ""evaluation_config"": {""checkpoint"": 2500, ""dataset_split_hash"": ""fd0a5596e80d8029a0b54f04a7a250d2f40e5def742eb6ca088834f5c60a0d76"", ""protocol"": {""decoding"": ""greedy"", ""metric"": ""macro_accuracy"", ""prompt"": ""fixed_5shot_by_subject"", ""sample_count"": 11582, ""sample_selection"": ""full_frozen_official_test_order""}, ""run_id"": ""openpangu__cmmlu__qv__peft_default__s1107__n10000"", ""sample_manifest"": {""ordered_sample_content_sha256"": ""5cad594c402be6e6bcce53b5552bcef36806aa5c3ddd8da1be67c332c8718e29"", ""ordered_sample_ids_sha256"": ""0f5aab4bcf6cc4b8893800d22b79af409a973946b0284fc8959c6ebb8fd0d51d"", ""sample_count"": 11582}, ""schema_version"": 1, ""task"": ""cmmlu""}, ""metrics"": [""macro_accuracy""], ""protocol"": {""decoding"": ""greedy"", ""metric"": ""macro_accuracy"", ""prompt"": ""fixed_5shot_by_subject"", ""sample_count"": 11582, ""sample_selection"": ""full_frozen_official_test_order""}, ""sample_set_hash"": ""c5fcd5f79503b4a9590576905e80b1cea954849cffedc3cb08f48c45fa28157e"", ""task"": ""cmmlu""}, {""bind_formal_samples"": true, ""checkpoint"": 10000, ""dataset_split_hash"": ""fd0a5596e80d8029a0b54f04a7a250d2f40e5def742eb6ca088834f5c60a0d76"", ""evaluation_config"": {""checkpoint"": 10000, ""dataset_split_hash"": ""fd0a5596e80d8029a0b54f04a7a250d2f40e5def742eb6ca088834f5c60a0d76"", ""protocol"": {""decoding"": ""greedy"", ""metric"": ""macro_accuracy"", ""prompt"": ""fixed_5shot_by_subject"", ""sample_count"": 11582, ""sample_selection"": ""full_frozen_official_test_order""}, ""run_id"": ""openpangu__cmmlu__qv__peft_default__s1107__n10000"", ""sample_manifest"": {""ordered_sample_content_sha256"": ""5cad594c402be6e6bcce53b5552bcef36806aa5c3ddd8da1be67c332c8718e29"", ""ordered_sample_ids_sha256"": ""0f5aab4bcf6cc4b8893800d22b79af409a973946b0284fc8959c6ebb8fd0d51d"", ""sample_count"": 11582}, ""schema_version"": 1, ""task"": ""cmmlu""}, ""metrics"": [""macro_accuracy""], ""protocol"": {""decoding"": ""greedy"", ""metric"": ""macro_accuracy"", ""prompt"": ""fixed_5shot_by_subject"", ""sample_count"": 11582, ""sample_selection"": ""full_frozen_official_test_order""}, ""sample_set_hash"": ""c5fcd5f79503b4a9590576905e80b1cea954849cffedc3cb08f48c45fa28157e"", ""task"": ""cmmlu""}]","[""openpangu__cmmlu__qv__peft_default__s1107__n10000__step_000500__cmmlu.json"", ""openpangu__cmmlu__qv__peft_default__s1107__n10000__step_002500__cmmlu.json"", ""openpangu__cmmlu__qv__peft_default__s1107__n10000__step_010000__cmmlu.json""]",[],[],1002.5123209021986,1002.5123209021986,17793.586970000004,0.21359929998288862,
openpangu__cmmlu__qv__peft_default__s1107__n2500,openpangu,cmmlu,peft_default,1107,2500,qv,"[""downstream_2500step""]",1,"[""downstream_2500step""]",complete,complete,5fdda4e1bd770474c99c16e0cb4339f4f4f919cef9da7475f7c3c4b650ccaa6b,2614d460d4316cf1d2052055f4697e8d94cb03fe0550ad5bacae15ac9f047906,6569e76bf27da84743934012d6d2df6eb2c28709,"[0, 100, 250, 500, 1000, 1500, 2500]","[""2614d460d4316cf1d2052055f4697e8d94cb03fe0550ad5bacae15ac9f047906""]","[0, 100, 250, 500, 1000, 1500, 2500]",[],"{""0"": ""dab1014d7f8f0c8dfa9b7f9bd4d741c8e5292cbfc0e76215fd8c721e12364077"", ""100"": ""5851f58a6255719dfb891ab3da1567716c0b4089082ea2e74801e3e6f1368d3f"", ""1000"": ""89d6e94c5fc410eedeac70b6daf5758ac4b50de6708ca8d1d8956ab13d816cb0"", ""1500"": ""7f4e015638e4a6b308a335d931935ea1b63b7075055699b7362a485b00fe5c09"", ""250"": ""f88b42a00d0e51d158369a501cfdc8153ad0b365ead812528cb4da4364ae6207"", ""2500"": ""65d832dad98166c0cefea7cd3cf632df477efe912396bf6dc9e07155f83f4621"", ""500"": ""c5aafbe4507464422e193542d33560a89f9f77358c0635c0304a3557f0c6762b""}","[""openpangu__cmmlu__qv__peft_default__s1107__n2500__step_000100__cmmlu.json"", ""openpangu__cmmlu__qv__peft_default__s1107__n2500__step_000500__cmmlu.json"", ""openpangu__cmmlu__qv__peft_default__s1107__n2500__step_001500__cmmlu.json"", ""openpangu__cmmlu__qv__peft_default__s1107__n2500__step_002500__cmmlu.json""]","[{""bind_formal_samples"": true, ""checkpoint"": 100, ""dataset_split_hash"": ""fd0a5596e80d8029a0b54f04a7a250d2f40e5def742eb6ca088834f5c60a0d76"", ""evaluation_config"": {""checkpoint"": 100, ""dataset_split_hash"": ""fd0a5596e80d8029a0b54f04a7a250d2f40e5def742eb6ca088834f5c60a0d76"", ""protocol"": {""decoding"": ""greedy"", ""metric"": ""macro_accuracy"", ""prompt"": ""fixed_5shot_by_subject"", ""sample_count"": 11582, ""sample_selection"": ""full_frozen_official_test_order""}, ""run_id"": ""openpangu__cmmlu__qv__peft_default__s1107__n2500"", ""sample_manifest"": {""ordered_sample_content_sha256"": ""5cad594c402be6e6bcce53b5552bcef36806aa5c3ddd8da1be67c332c8718e29"", ""ordered_sample_ids_sha256"": ""0f5aab4bcf6cc4b8893800d22b79af409a973946b0284fc8959c6ebb8fd0d51d"", ""sample_count"": 11582}, ""schema_version"": 1, ""task"": ""cmmlu""}, ""metrics"": [""macro_accuracy""], ""protocol"": {""decoding"": ""greedy"", ""metric"": ""macro_accuracy"", ""prompt"": ""fixed_5shot_by_subject"", ""sample_count"": 11582, ""sample_selection"": ""full_frozen_official_test_order""}, ""sample_set_hash"": ""c5fcd5f79503b4a9590576905e80b1cea954849cffedc3cb08f48c45fa28157e"", ""task"": ""cmmlu""}, {""bind_formal_samples"": true, ""checkpoint"": 500, ""dataset_split_hash"": ""fd0a5596e80d8029a0b54f04a7a250d2f40e5def742eb6ca088834f5c60a0d76"", ""evaluation_config"": {""checkpoint"": 500, ""dataset_split_hash"": ""fd0a5596e80d8029a0b54f04a7a250d2f40e5def742eb6ca088834f5c60a0d76"", ""protocol"": {""decoding"": ""greedy"", ""metric"": ""macro_accuracy"", ""prompt"": ""fixed_5shot_by_subject"", ""sample_count"": 11582, ""sample_selection"": ""full_frozen_official_test_order""}, ""run_id"": ""openpangu__cmmlu__qv__peft_default__s1107__n2500"", ""sample_manifest"": {""ordered_sample_content_sha256"": ""5cad594c402be6e6bcce53b5552bcef36806aa5c3ddd8da1be67c332c8718e29"", ""ordered_sample_ids_sha256"": ""0f5aab4bcf6cc4b8893800d22b79af409a973946b0284fc8959c6ebb8fd0d51d"", ""sample_count"": 11582}, ""schema_version"": 1, ""task"": ""cmmlu""}, ""metrics"": [""macro_accuracy""], ""protocol"": {""decoding"": ""greedy"", ""metric"": ""macro_accuracy"", ""prompt"": ""fixed_5shot_by_subject"", ""sample_count"": 11582, ""sample_selection"": ""full_frozen_official_test_order""}, ""sample_set_hash"": ""c5fcd5f79503b4a9590576905e80b1cea954849cffedc3cb08f48c45fa28157e"", ""task"": ""cmmlu""}, {""bind_formal_samples"": true, ""checkpoint"": 1500, ""dataset_split_hash"": ""fd0a5596e80d8029a0b54f04a7a250d2f40e5def742eb6ca088834f5c60a0d76"", ""evaluation_config"": {""checkpoint"": 1500, ""dataset_split_hash"": ""fd0a5596e80d8029a0b54f04a7a250d2f40e5def742eb6ca088834f5c60a0d76"", ""protocol"": {""decoding"": ""greedy"", ""metric"": ""macro_accuracy"", ""prompt"": ""fixed_5shot_by_subject"", ""sample_count"": 11582, ""sample_selection"": ""full_frozen_official_test_order""}, ""run_id"": ""openpangu__cmmlu__qv__peft_default__s1107__n2500"", ""sample_manifest"": {""ordered_sample_content_sha256"": ""5cad594c402be6e6bcce53b5552bcef36806aa5c3ddd8da1be67c332c8718e29"", ""ordered_sample_ids_sha256"": ""0f5aab4bcf6cc4b8893800d22b79af409a973946b0284fc8959c6ebb8fd0d51d"", ""sample_count"": 11582}, ""schema_version"": 1, ""task"": ""cmmlu""}, ""metrics"": [""macro_accuracy""], ""protocol"": {""decoding"": ""greedy"", ""metric"": ""macro_accuracy"", ""prompt"": ""fixed_5shot_by_subject"", ""sample_count"": 11582, ""sample_selection"": ""full_frozen_official_test_order""}, ""sample_set_hash"": ""c5fcd5f79503b4a9590576905e80b1cea954849cffedc3cb08f48c45fa28157e"", ""task"": ""cmmlu""}, {""bind_formal_samples"": true, ""checkpoint"": 2500, ""dataset_split_hash"": ""fd0a5596e80d8029a0b54f04a7a250d2f40e5def742eb6ca088834f5c60a0d76"", ""evaluation_config"": {""checkpoint"": 2500, ""dataset_split_hash"": ""fd0a5596e80d8029a0b54f04a7a250d2f40e5def742eb6ca088834f5c60a0d76"", ""protocol"": {""decoding"": ""greedy"", ""metric"": ""macro_accuracy"", ""prompt"": ""fixed_5shot_by_subject"", ""sample_count"": 11582, ""sample_selection"": ""full_frozen_official_test_order""}, ""run_id"": ""openpangu__cmmlu__qv__peft_default__s1107__n2500"", ""sample_manifest"": {""ordered_sample_content_sha256"": ""5cad594c402be6e6bcce53b5552bcef36806aa5c3ddd8da1be67c332c8718e29"", ""ordered_sample_ids_sha256"": ""0f5aab4bcf6cc4b8893800d22b79af409a973946b0284fc8959c6ebb8fd0d51d"", ""sample_count"": 11582}, ""schema_version"": 1, ""task"": ""cmmlu""}, ""metrics"": [""macro_accuracy""], ""protocol"": {""decoding"": ""greedy"", ""metric"": ""macro_accuracy"", ""prompt"": ""fixed_5shot_by_subject"", ""sample_count"": 11582, ""sample_selection"": ""full_frozen_official_test_order""}, ""sample_set_hash"": ""c5fcd5f79503b4a9590576905e80b1cea954849cffedc3cb08f48c45fa28157e"", ""task"": ""cmmlu""}]","[""openpangu__cmmlu__qv__peft_default__s1107__n2500__step_000100__cmmlu.json"", ""openpangu__cmmlu__qv__peft_default__s1107__n2500__step_000500__cmmlu.json"", ""openpangu__cmmlu__qv__peft_default__s1107__n2500__step_001500__cmmlu.json"", ""openpangu__cmmlu__qv__peft_default__s1107__n2500__step_002500__cmmlu.json""]",[],[],999.1537210717797,999.1537210717797,4024.32808244397,0.20671469700027956,
openpangu__cmmlu__qv__peft_default__s1107__n500,openpangu,cmmlu,peft_default,1107,500,qv,"[""core_500step""]",1,"[""core_500step""]",complete,complete,1776c99f5ca0d2ff3b3e3146e0311e0630e73799fd9376173d6b5e0161e28b7e,c7565f9547e5ee7a3a1bd6337e450da741657f0a9c328a26b26b7ff68e1cd5f6,0a68af0edd229e51727f8cd21ce7f82b63c742ed,"[100, 250, 500]","[""c7565f9547e5ee7a3a1bd6337e450da741657f0a9c328a26b26b7ff68e1cd5f6""]","[100, 250, 500]",[],"{""100"": ""9cab01632da6c17c582a390827468858896f3329eb5f3e9017a4c5990199ce97"", ""250"": ""1f4e60dd082711859d40483563608bb2f0c2a25caf3e091cb42c71cf2983a498"", ""500"": ""11e6efc121bd6b30c3cd9da86fa140a90130bd1d96011e700b3cd96e7b09c9d6""}",[],[],[],[],[],1052.6774686574936,1052.6774686574936,808.6731456120051,0.2042299999993702,
openpangu__cmmlu__qv__peft_default__s1107__n500__gradlog,openpangu,cmmlu,peft_default,1107,500,qv,"[""mechanism_500step""]",1,"[""mechanism_500step""]",complete,complete,9e098ac91915032bb7819f1c0f2b772d0263084c2e6c624d423003e5cd740859,d6a66bbb4162a7bebb230e173e3491aa0f42fcd3c1664404d7ec288bc71e389f,b40a55b8c52a52353c2457afdad00f4de395e48a,"[100, 250, 500]","[""d6a66bbb4162a7bebb230e173e3491aa0f42fcd3c1664404d7ec288bc71e389f""]","[100, 250, 500]",[],"{""100"": ""840d32211514423579579bca97c16af0dcd684b398d39cd513edae0643613822"", ""250"": ""504d33403c6c26249e44f016b9e0987efa9213c9c3241718c92cd0d50eff2879"", ""500"": ""dce259fe050fa906d14b071ce44b4e1933b28a25d9f5b26a05dd21ae8e949814""}",[],[],[],[],[],1052.6774686574936,1052.6774686574936,944.8773854280444,0.3042291110032238,
openpangu__cmmlu__qv__peft_default__s123__n2500,openpangu,cmmlu,peft_default,123,2500,qv,"[""downstream_2500step""]",1,"[""downstream_2500step""]",complete,complete,0411c72d731d6f3cde78abc672a8c24be394e5e6803e39c0fd5c87d810946946,07b55661085ffbf4aa89adf3957cc177a9a76a2c9d7c82ba83764f3b1307e1f4,6569e76bf27da84743934012d6d2df6eb2c28709,"[0, 100, 250, 500, 1000, 1500, 2500]","[""07b55661085ffbf4aa89adf3957cc177a9a76a2c9d7c82ba83764f3b1307e1f4""]","[0, 100, 250, 500, 1000, 1500, 2500]",[],"{""0"": ""54949314ff13d3f82d80d91edda34fe8ad441640f9c63d8f24522e45ac07586c"", ""100"": ""be56bc7fb8c94db867fd48fc7c25552899cbce749169374e0ac843ca59077c9d"", ""1000"": ""660b38c6e8b4930d5ce12b835066ab55f296ea134d8c335fd0782fb18c7aa65a"", ""1500"": ""c2b489acf3e337e264313c6e7e3dd046675a768679fe54548a79718b632376c6"", ""250"": ""e0116bc4e9ce5e4af07e30ca8d2b332ecb98b206b637ffe5ada7bc0c8af31b68"", ""2500"": ""bb08aef3fba755ba83eac3c8cf81a058c9ffc28623c1671bc364ec034114b74a"", ""500"": ""2b09fa4ca01a33b3e3efb3873fc433516fa02aedc0e1d3dd71e4e8a3724327f4""}","[""openpangu__cmmlu__qv__peft_default__s123__n2500__step_002500__cmmlu.json""]","[{""bind_formal_samples"": true, ""checkpoint"": 2500, ""dataset_split_hash"": ""fd0a5596e80d8029a0b54f04a7a250d2f40e5def742eb6ca088834f5c60a0d76"", ""evaluation_config"": {""checkpoint"": 2500, ""dataset_split_hash"": ""fd0a5596e80d8029a0b54f04a7a250d2f40e5def742eb6ca088834f5c60a0d76"", ""protocol"": {""decoding"": ""greedy"", ""metric"": ""macro_accuracy"", ""prompt"": ""fixed_5shot_by_subject"", ""sample_count"": 11582, ""sample_selection"": ""full_frozen_official_test_order""}, ""run_id"": ""openpangu__cmmlu__qv__peft_default__s123__n2500"", ""sample_manifest"": {""ordered_sample_content_sha256"": ""5cad594c402be6e6bcce53b5552bcef36806aa5c3ddd8da1be67c332c8718e29"", ""ordered_sample_ids_sha256"": ""0f5aab4bcf6cc4b8893800d22b79af409a973946b0284fc8959c6ebb8fd0d51d"", ""sample_count"": 11582}, ""schema_version"": 1, ""task"": ""cmmlu""}, ""metrics"": [""macro_accuracy""], ""protocol"": {""decoding"": ""greedy"", ""metric"": ""macro_accuracy"", ""prompt"": ""fixed_5shot_by_subject"", ""sample_count"": 11582, ""sample_selection"": ""full_frozen_official_test_order""}, ""sample_set_hash"": ""c5fcd5f79503b4a9590576905e80b1cea954849cffedc3cb08f48c45fa28157e"", ""task"": ""cmmlu""}]","[""openpangu__cmmlu__qv__peft_default__s123__n2500__step_002500__cmmlu.json""]",[],[],1002.4987349845469,1002.4987349845469,4030.6330465549545,0.22810880000179168,
openpangu__cmmlu__qv__peft_default__s123__n500,openpangu,cmmlu,peft_default,123,500,qv,"[""core_500step""]",1,"[""core_500step""]",complete,complete,1a3008f4a51c65edcbcea6ca1612f9ba5a41d1b31821e4fcac4db9f54cbbdb8a,9239c42bad795ef386438c5c02fa2d5edbbd34cfe8cbe84e399e89ea297889d7,0a68af0edd229e51727f8cd21ce7f82b63c742ed,"[100, 250, 500]","[""9239c42bad795ef386438c5c02fa2d5edbbd34cfe8cbe84e399e89ea297889d7""]","[100, 250, 500]",[],"{""100"": ""3e418c51094c18ff6ebf8aa8cb11258cf53806350b80f7505d3b7d30f1bba6a9"", ""250"": ""e597f6efb09b1f9e08514db1031dd7196f29f01fa68f24e89c9ef846837dcc18"", ""500"": ""295ddfa579fadefc50a405453cac732120d388a7831d9a4a0c77d79d7695fa46""}",[],[],[],[],[],1067.749992147088,1067.749992147088,808.3914605159662,0.22917088999929547,
openpangu__cmmlu__qv__peft_default__s123__n500__gradlog,openpangu,cmmlu,peft_default,123,500,qv,"[""mechanism_500step""]",1,"[""mechanism_500step""]",complete,complete,16f4aaee5aac1ae9eb6c1408d561f681ec0920200380d04e8d9f3ddbba5add92,7e8142814c9b22a5ff1c7fc03123789983dcf236eea63fe3e42bdbd479f46e12,b40a55b8c52a52353c2457afdad00f4de395e48a,"[100, 250, 500]","[""7e8142814c9b22a5ff1c7fc03123789983dcf236eea63fe3e42bdbd479f46e12""]","[100, 250, 500]",[],"{""100"": ""b41fcbf437dcbc5e316d120aaa585cda2d9be64f993e02d8f9fd4a4e0f340011"", ""250"": ""80f174b1765d9a1c4a01548c995f5d1f366e1deee9bf2f738d5a0fd87865e8d1"", ""500"": ""0fab72d9998c9a75aff5edaeadf2d0663d29dc93b161558b86798c9ebffc43d2""}",[],[],[],[],[],1067.749992147088,1067.749992147088,941.2817900490918,0.34163989999797195,
openpangu__cmmlu__qv__peft_default__s42__n2500,openpangu,cmmlu,peft_default,42,2500,qv,"[""downstream_2500step""]",1,"[""downstream_2500step""]",complete,complete,3827c6e28882f95c995c7b977857f361cf74c313bfc1e736ea1e8e097305ffac,d600b2d4762bbf994c97a2161ffa230b14199baad23cd04eeae8d22ffae4c1da,6569e76bf27da84743934012d6d2df6eb2c28709,"[0, 100, 250, 500, 1000, 1500, 2500]","[""d600b2d4762bbf994c97a2161ffa230b14199baad23cd04eeae8d22ffae4c1da""]","[0, 100, 250, 500, 1000, 1500, 2500]",[],"{""0"": ""63a79cafc36e684f7c5af6dd8e075a138f48d1dfdb71c991fb64d52d1efcc67c"", ""100"": ""80cbf4238332e0a8d5250eb8d712d6d091b81647138932d370b55b4eb1fc2001"", ""1000"": ""cffd2390d281c31f435dd745429a064b19fdd7050add19a7d3ad1191cc31961f"", ""1500"": ""97b8993fa93b1ffbbe85665b5d29dc09e34cf25323db7e8adba8c7341c05062c"", ""250"": ""dc78b5dd4a87b061232bd9271203c5d2361e034e3dfb1839b6061763a2693430"", ""2500"": ""45d89d798ea9ad77a891fa302660fbb3571ee0a185d4b791be81dbcb9063afc1"", ""500"": ""02614bc894a4555365cbeb2524bde04c11fce0cff2b6689d3fa2d8d7808b978f""}","[""openpangu__cmmlu__qv__peft_default__s42__n2500__step_002500__cmmlu.json""]","[{""bind_formal_samples"": true, ""checkpoint"": 2500, ""dataset_split_hash"": ""fd0a5596e80d8029a0b54f04a7a250d2f40e5def742eb6ca088834f5c60a0d76"", ""evaluation_config"": {""checkpoint"": 2500, ""dataset_split_hash"": ""fd0a5596e80d8029a0b54f04a7a250d2f40e5def742eb6ca088834f5c60a0d76"", ""protocol"": {""decoding"": ""greedy"", ""metric"": ""macro_accuracy"", ""prompt"": ""fixed_5shot_by_subject"", ""sample_count"": 11582, ""sample_selection"": ""full_frozen_official_test_order""}, ""run_id"": ""openpangu__cmmlu__qv__peft_default__s42__n2500"", ""sample_manifest"": {""ordered_sample_content_sha256"": ""5cad594c402be6e6bcce53b5552bcef36806aa5c3ddd8da1be67c332c8718e29"", ""ordered_sample_ids_sha256"": ""0f5aab4bcf6cc4b8893800d22b79af409a973946b0284fc8959c6ebb8fd0d51d"", ""sample_count"": 11582}, ""schema_version"": 1, ""task"": ""cmmlu""}, ""metrics"": [""macro_accuracy""], ""protocol"": {""decoding"": ""greedy"", ""metric"": ""macro_accuracy"", ""prompt"": ""fixed_5shot_by_subject"", ""sample_count"": 11582, ""sample_selection"": ""full_frozen_official_test_order""}, ""sample_set_hash"": ""c5fcd5f79503b4a9590576905e80b1cea954849cffedc3cb08f48c45fa28157e"", ""task"": ""cmmlu""}]","[""openpangu__cmmlu__qv__peft_default__s42__n2500__step_002500__cmmlu.json""]",[],[],1005.7731955386698,1005.7731955386698,4025.392429712945,0.32319900099901133,
openpangu__cmmlu__qv__peft_default__s42__n500,openpangu,cmmlu,peft_default,42,500,qv,"[""core_500step""]",1,"[""core_500step""]",complete,complete,be2cc718121aab66a434be02d561b7c37e4805d6e2f9cb7143e1f1b0f49cbbac,568e9344301a15f7e535892492d1230b235e55960ccf7f10243832c76ce6220b,0a68af0edd229e51727f8cd21ce7f82b63c742ed,"[100, 250, 500]","[""568e9344301a15f7e535892492d1230b235e55960ccf7f10243832c76ce6220b""]","[100, 250, 500]",[],"{""100"": ""e37aaff185e37b5e6a1790d7154c6965c388cef3effed5c2a6abf881fc37cf62"", ""250"": ""b0b2a46d1a75bbec4b0915f1d967db02cb06246cc30a47e6c626bc07eb94e60f"", ""500"": ""fd1e927816a8c3661b71f4b7a5be47171558e9e42534d35b584d8d273b104861""}",[],[],[],[],[],1068.4208307489753,1068.4208307489753,807.4923706840382,0.4136389949999284,
openpangu__cmmlu__qv__peft_default__s42__n500__gradlog,openpangu,cmmlu,peft_default,42,500,qv,"[""mechanism_500step""]",1,"[""mechanism_500step""]",complete,complete,931b0dd4dd1ec9e3171ca743fa9eca8644b568c5c0c6bd1531f72786473b4bb5,d8a55ea14b5dab575bccf743385de1be3579dc48561154a6da2da82a91e439e4,b40a55b8c52a52353c2457afdad00f4de395e48a,"[100, 250, 500]","[""d8a55ea14b5dab575bccf743385de1be3579dc48561154a6da2da82a91e439e4""]","[100, 250, 500]",[],"{""100"": ""c93466d1c9186a4a6313550fefa7d2b418e23340dc907f959ed14b3b0240a23c"", ""250"": ""dc728f73e5a87d571c6696aa4f33988cbc8a3ac78280db3ac6bdedd8aeea0cc9"", ""500"": ""b4e4bcd54dda5903eea9d13747384c8fc5854863bb5d0e1a90e0746d7ebd28f0""}",[],[],[],[],[],1068.4208307489753,1068.4208307489753,940.2392835840874,0.22306649899110198,
openpangu__cmmlu__qv__powerlaw_col_a06__s1107__n500__gradlog,openpangu,cmmlu,powerlaw_col_a06,1107,500,qv,"[""mechanism_500step""]",1,"[""mechanism_500step""]",complete,complete,3194f45c5d88902a9d6904cbd0ee8adb5d486bcb05ff3a375e12a3122b66f890,1473ab3a1ee19f6d3bd313f53f9180844eab3b8bc6c8b6637c98ca79df3d6611,b40a55b8c52a52353c2457afdad00f4de395e48a,"[100, 250, 500]","[""1473ab3a1ee19f6d3bd313f53f9180844eab3b8bc6c8b6637c98ca79df3d6611""]","[100, 250, 500]",[],"{""100"": ""9394abf3e63b3924a0034f40f7df2f94a6383c20d15309bcdb4cb5de89f9f7c4"", ""250"": ""1c4b634ffc07a5eccc0b2e9abf9659b2bf05ab592840802f71374650338ccde3"", ""500"": ""136797b5df3328b8a356eda311549cad7728c6704db5c6fd63a66dd2b070110b""}",[],[],[],[],[],950.7901628240943,950.7901628240943,946.3658432791126,8.73536985401006,
openpangu__cmmlu__qv__powerlaw_col_a06__s123__n500__gradlog,openpangu,cmmlu,powerlaw_col_a06,123,500,qv,"[""mechanism_500step""]",1,"[""mechanism_500step""]",complete,complete,cc7cdc5e787c2eda60e97ef5227e55db574c5dd57acca8e36f8929cf03b9e9ab,e229eb50bfbd75bf2cf7bd76015a6ce7457c8c8e3afc7822df622e717a76a9b5,b40a55b8c52a52353c2457afdad00f4de395e48a,"[100, 250, 500]","[""e229eb50bfbd75bf2cf7bd76015a6ce7457c8c8e3afc7822df622e717a76a9b5""]","[100, 250, 500]",[],"{""100"": ""807ce55da462142e759aa09bc4ef78f8613c4c64a584e33c5233223e0779066a"", ""250"": ""5b50b5dfb518ab92637e331fd0f95ccccb27cb07a2c8f8b3b4b66f739eb8cc94"", ""500"": ""511019fbe2a8730a1aa0f83a23edc37f9dd6078aeb2d8434c80845a6db80f041""}",[],[],[],[],[],975.3395265266299,975.3395265266299,947.523169419932,8.422998088004533,
openpangu__cmmlu__qv__powerlaw_col_a06__s42__n500__gradlog,openpangu,cmmlu,powerlaw_col_a06,42,500,qv,"[""mechanism_500step""]",1,"[""mechanism_500step""]",complete,complete,c1f3aaa9ce573e6883109db5e451db376806f2c9fbf963d3effa6275e6c0e6b8,c20dec6c7115eac917b0de6d5b5269c59460e7e33536230788d616eac36ca2ff,b40a55b8c52a52353c2457afdad00f4de395e48a,"[100, 250, 500]","[""c20dec6c7115eac917b0de6d5b5269c59460e7e33536230788d616eac36ca2ff""]","[100, 250, 500]",[],"{""100"": ""c2dce4e83b0ec4690fbd1ddb760c7fd8ac6eaaaad5d8b436a80dfcffc09b8896"", ""250"": ""c4274840af57b94265ef3ad36c36d93715569254bcbb02f1aa201d41f0001df8"", ""500"": ""ac42d829341dc869b069094053da9001c99f3b9bd00f29f0dbc444f2cce62390""}",[],[],[],[],[],975.1456338390708,975.1456338390708,950.1315564271063,8.669060337007977,
openpangu__cmmlu__qv__powerlaw_global_a03__s1107__n500__gradlog,openpangu,cmmlu,powerlaw_global_a03,1107,500,qv,"[""mechanism_500step""]",1,"[""mechanism_500step""]",complete,complete,58cd203ec7c96732c8eb1e4c6c638f665aeed097073637db49a95c1e5405a2ff,56ecc5e113f626e00e27023766da172b7eb0baab41f3ec6b8d1279145debe912,b40a55b8c52a52353c2457afdad00f4de395e48a,"[100, 250, 500]","[""56ecc5e113f626e00e27023766da172b7eb0baab41f3ec6b8d1279145debe912""]","[100, 250, 500]",[],"{""100"": ""70649685dbf8f057bb5ec9f3a10020f4210a48f7482aba26f2b9186dcf670168"", ""250"": ""7f931a55987823813663fb556813f5e60aa067cdb89c29d7b7b326acc25517a8"", ""500"": ""33784e6904b403a814a241fc08f427808d97d6baf5faf653a3a342945d3588fb""}",[],[],[],[],[],997.0244719684124,997.0244719684124,941.4581761798618,0.5365607990097487,
openpangu__cmmlu__qv__powerlaw_global_a03__s123__n500__gradlog,openpangu,cmmlu,powerlaw_global_a03,123,500,qv,"[""mechanism_500step""]",1,"[""mechanism_500step""]",complete,complete,dd65762ad09500691e1e943bc7c310a9d110a5ed6fdb1c74f183b70f9acda836,3455150973711246c0a6eafc32f53023163c86f751cb586a0f382ebb0da943e4,b40a55b8c52a52353c2457afdad00f4de395e48a,"[100, 250, 500]","[""3455150973711246c0a6eafc32f53023163c86f751cb586a0f382ebb0da943e4""]","[100, 250, 500]",[],"{""100"": ""f38ebbcd0a154ac29d2493adc641912a8f06ba813c2bf3da902f5b098e0b6e23"", ""250"": ""1adca6bc2c7038495b5e40d221e8bcedbe458ade3f2fb5c7d04d29c3029b4479"", ""500"": ""e4a88fbf3c281d689699d920cc9ad015b4deefc2a1af3421afb62f11d0159d9b""}",[],[],[],[],[],1005.2415648698807,1005.2415648698807,940.491796147413,0.5515450990060344,
openpangu__cmmlu__qv__powerlaw_global_a03__s42__n500__gradlog,openpangu,cmmlu,powerlaw_global_a03,42,500,qv,"[""mechanism_500step""]",1,"[""mechanism_500step""]",complete,complete,888220e39a1e3290334df69288a146c5877c6d12bd7155360b6a4bf9ba3cd5af,6b8c2db84c57f548d2956dbe299d9aea6406871a57407445e0a270410c66c9fd,b40a55b8c52a52353c2457afdad00f4de395e48a,"[100, 250, 500]","[""6b8c2db84c57f548d2956dbe299d9aea6406871a57407445e0a270410c66c9fd""]","[100, 250, 500]",[],"{""100"": ""651fbb4dc350ad4a3efbfccc88dde8797076987fb485c4c869fa4c4fbe07418a"", ""250"": ""a624752b5827027ad5119ada6e25eaca7e9f43fa398eb32f2052bb208375117c"", ""500"": ""85db33beef18fed5ccfe0a80f03b0336e47055c232dd13a079454fc232926f5d""}",[],[],[],[],[],959.0168663412333,959.0168663412333,941.499612507163,0.5571664899907773,
openpangu__cmmlu__qv__powerlaw_global_a06__s1107__n10000,openpangu,cmmlu,powerlaw_global_a06,1107,10000,qv,"[""scope""]",1,"[""scope_long_run""]",complete,complete,01c1b11f07a1c271bc8314920d172eb7a29e1c0935855a1f5238bbb89816fddd,fb648edc8ae76ef54d081c917cdee531b060b95316c07b09d6ab563ff73a8d6a,313810738e0b92f1581e89197ea8ac90a76637f6,"[0, 100, 250, 500, 1000, 2500, 5000, 7500, 10000]","[""fb648edc8ae76ef54d081c917cdee531b060b95316c07b09d6ab563ff73a8d6a""]","[0, 100, 250, 500, 1000, 2500, 5000, 7500, 10000]",[],"{""0"": ""b5e0b1156f44f7e575da8f5cc3f5ed579b935de4ba70f3c6391ab78e5da99873"", ""100"": ""bc9ad00c5b74a1c4a72ce09eade36814a5691e4b73f5bfee0012891593b614ba"", ""1000"": ""aaadb21db25e404bd2b9d431717ec82acdfba43b03759e31f2cb25148c492cd8"", ""10000"": ""f03d9637c4e49661656e84be874024a7df4736d62dbc8b3b00be0adcfd742858"", ""250"": ""443d62c9f74907eb5fd7b265f97280d6f788acb114c7051bbdc1bc2eabb5a27e"", ""2500"": ""d5803dd8960d5e9ee2ffcd389010879050e85f2f59b205523430ce41689e97cb"", ""500"": ""a0d6222c1af1ca4369de4f6ab04a8971ebbe78703a396fd7dbac1fd5b962d83c"", ""5000"": ""9a583ee93ba95b7f76ff7dca7e19bacb98b6ee1a2f81ca61eb35a589165ee239"", ""7500"": ""01ce7dfe5715ec83ac5b389957104546b430c093077baf58c55609f7966ef6cf""}","[""openpangu__cmmlu__qv__powerlaw_global_a06__s1107__n10000__step_000500__cmmlu.json"", ""openpangu__cmmlu__qv__powerlaw_global_a06__s1107__n10000__step_002500__cmmlu.json"", ""openpangu__cmmlu__qv__powerlaw_global_a06__s1107__n10000__step_010000__cmmlu.json""]","[{""bind_formal_samples"": true, ""checkpoint"": 500, ""dataset_split_hash"": ""fd0a5596e80d8029a0b54f04a7a250d2f40e5def742eb6ca088834f5c60a0d76"", ""evaluation_config"": {""checkpoint"": 500, ""dataset_split_hash"": ""fd0a5596e80d8029a0b54f04a7a250d2f40e5def742eb6ca088834f5c60a0d76"", ""protocol"": {""decoding"": ""greedy"", ""metric"": ""macro_accuracy"", ""prompt"": ""fixed_5shot_by_subject"", ""sample_count"": 11582, ""sample_selection"": ""full_frozen_official_test_order""}, ""run_id"": ""openpangu__cmmlu__qv__powerlaw_global_a06__s1107__n10000"", ""sample_manifest"": {""ordered_sample_content_sha256"": ""5cad594c402be6e6bcce53b5552bcef36806aa5c3ddd8da1be67c332c8718e29"", ""ordered_sample_ids_sha256"": ""0f5aab4bcf6cc4b8893800d22b79af409a973946b0284fc8959c6ebb8fd0d51d"", ""sample_count"": 11582}, ""schema_version"": 1, ""task"": ""cmmlu""}, ""metrics"": [""macro_accuracy""], ""protocol"": {""decoding"": ""greedy"", ""metric"": ""macro_accuracy"", ""prompt"": ""fixed_5shot_by_subject"", ""sample_count"": 11582, ""sample_selection"": ""full_frozen_official_test_order""}, ""sample_set_hash"": ""c5fcd5f79503b4a9590576905e80b1cea954849cffedc3cb08f48c45fa28157e"", ""task"": ""cmmlu""}, {""bind_formal_samples"": true, ""checkpoint"": 2500, ""dataset_split_hash"": ""fd0a5596e80d8029a0b54f04a7a250d2f40e5def742eb6ca088834f5c60a0d76"", ""evaluation_config"": {""checkpoint"": 2500, ""dataset_split_hash"": ""fd0a5596e80d8029a0b54f04a7a250d2f40e5def742eb6ca088834f5c60a0d76"", ""protocol"": {""decoding"": ""greedy"", ""metric"": ""macro_accuracy"", ""prompt"": ""fixed_5shot_by_subject"", ""sample_count"": 11582, ""sample_selection"": ""full_frozen_official_test_order""}, ""run_id"": ""openpangu__cmmlu__qv__powerlaw_global_a06__s1107__n10000"", ""sample_manifest"": {""ordered_sample_content_sha256"": ""5cad594c402be6e6bcce53b5552bcef36806aa5c3ddd8da1be67c332c8718e29"", ""ordered_sample_ids_sha256"": ""0f5aab4bcf6cc4b8893800d22b79af409a973946b0284fc8959c6ebb8fd0d51d"", ""sample_count"": 11582}, ""schema_version"": 1, ""task"": ""cmmlu""}, ""metrics"": [""macro_accuracy""], ""protocol"": {""decoding"": ""greedy"", ""metric"": ""macro_accuracy"", ""prompt"": ""fixed_5shot_by_subject"", ""sample_count"": 11582, ""sample_selection"": ""full_frozen_official_test_order""}, ""sample_set_hash"": ""c5fcd5f79503b4a9590576905e80b1cea954849cffedc3cb08f48c45fa28157e"", ""task"": ""cmmlu""}, {""bind_formal_samples"": true, ""checkpoint"": 10000, ""dataset_split_hash"": ""fd0a5596e80d8029a0b54f04a7a250d2f40e5def742eb6ca088834f5c60a0d76"", ""evaluation_config"": {""checkpoint"": 10000, ""dataset_split_hash"": ""fd0a5596e80d8029a0b54f04a7a250d2f40e5def742eb6ca088834f5c60a0d76"", ""protocol"": {""decoding"": ""greedy"", ""metric"": ""macro_accuracy"", ""prompt"": ""fixed_5shot_by_subject"", ""sample_count"": 11582, ""sample_selection"": ""full_frozen_official_test_order""}, ""run_id"": ""openpangu__cmmlu__qv__powerlaw_global_a06__s1107__n10000"", ""sample_manifest"": {""ordered_sample_content_sha256"": ""5cad594c402be6e6bcce53b5552bcef36806aa5c3ddd8da1be67c332c8718e29"", ""ordered_sample_ids_sha256"": ""0f5aab4bcf6cc4b8893800d22b79af409a973946b0284fc8959c6ebb8fd0d51d"", ""sample_count"": 11582}, ""schema_version"": 1, ""task"": ""cmmlu""}, ""metrics"": [""macro_accuracy""], ""protocol"": {""decoding"": ""greedy"", ""metric"": ""macro_accuracy"", ""prompt"": ""fixed_5shot_by_subject"", ""sample_count"": 11582, ""sample_selection"": ""full_frozen_official_test_order""}, ""sample_set_hash"": ""c5fcd5f79503b4a9590576905e80b1cea954849cffedc3cb08f48c45fa28157e"", ""task"": ""cmmlu""}]","[""openpangu__cmmlu__qv__powerlaw_global_a06__s1107__n10000__step_000500__cmmlu.json"", ""openpangu__cmmlu__qv__powerlaw_global_a06__s1107__n10000__step_002500__cmmlu.json"", ""openpangu__cmmlu__qv__powerlaw_global_a06__s1107__n10000__step_010000__cmmlu.json""]",[],[],939.5861312747002,939.5861312747002,16491.602660834964,0.6689151000173297,
openpangu__cmmlu__qv__powerlaw_global_a06__s1107__n2500,openpangu,cmmlu,powerlaw_global_a06,1107,2500,qv,"[""downstream_2500step""]",1,"[""downstream_2500step""]",complete,complete,133bc4a880a53cfb3f4291127135cc9a63ef7009fcfe9e2ada21fd70d80161bc,0174b78a8563dd77072b6c25472a75e39b05a674986639148ed63102cedb31d2,6569e76bf27da84743934012d6d2df6eb2c28709,"[0, 100, 250, 500, 1000, 1500, 2500]","[""0174b78a8563dd77072b6c25472a75e39b05a674986639148ed63102cedb31d2""]","[0, 100, 250, 500, 1000, 1500, 2500]",[],"{""0"": ""cc75ddcb658850e82cca16a83029ec865a9920b353aa9bc90a936a76e1630461"", ""100"": ""0a0ac1384f1fdbf44bef23447a96879164c59b79686944c10c51978cdfca23f4"", ""1000"": ""cbc9e5127a70ef645cb1ad5070b24bdd84ce8ba63f98b3b13c9ba3041167938b"", ""1500"": ""4d4d6f2a18a4119374d0c07ed2c5b6db968358a4d81caa46d55ce95b93e3a384"", ""250"": ""e0528a87b2b72f86dd0455ea3cf4411dc9346224b0dcb4d8cc9c997fae5d0b2a"", ""2500"": ""5dcab55fd915935815916b0be654bb0fceb9edc8248b35497f06beb2fa3ecae3"", ""500"": ""83fb1e5f9ffee9d670c74beba508ee1910776952378e24e10e5e7c1dc744a7d7""}","[""openpangu__cmmlu__qv__powerlaw_global_a06__s1107__n2500__step_000100__cmmlu.json"", ""openpangu__cmmlu__qv__powerlaw_global_a06__s1107__n2500__step_000500__cmmlu.json"", ""openpangu__cmmlu__qv__powerlaw_global_a06__s1107__n2500__step_001500__cmmlu.json"", ""openpangu__cmmlu__qv__powerlaw_global_a06__s1107__n2500__step_002500__cmmlu.json""]","[{""bind_formal_samples"": true, ""checkpoint"": 100, ""dataset_split_hash"": ""fd0a5596e80d8029a0b54f04a7a250d2f40e5def742eb6ca088834f5c60a0d76"", ""evaluation_config"": {""checkpoint"": 100, ""dataset_split_hash"": ""fd0a5596e80d8029a0b54f04a7a250d2f40e5def742eb6ca088834f5c60a0d76"", ""protocol"": {""decoding"": ""greedy"", ""metric"": ""macro_accuracy"", ""prompt"": ""fixed_5shot_by_subject"", ""sample_count"": 11582, ""sample_selection"": ""full_frozen_official_test_order""}, ""run_id"": ""openpangu__cmmlu__qv__powerlaw_global_a06__s1107__n2500"", ""sample_manifest"": {""ordered_sample_content_sha256"": ""5cad594c402be6e6bcce53b5552bcef36806aa5c3ddd8da1be67c332c8718e29"", ""ordered_sample_ids_sha256"": ""0f5aab4bcf6cc4b8893800d22b79af409a973946b0284fc8959c6ebb8fd0d51d"", ""sample_count"": 11582}, ""schema_version"": 1, ""task"": ""cmmlu""}, ""metrics"": [""macro_accuracy""], ""protocol"": {""decoding"": ""greedy"", ""metric"": ""macro_accuracy"", ""prompt"": ""fixed_5shot_by_subject"", ""sample_count"": 11582, ""sample_selection"": ""full_frozen_official_test_order""}, ""sample_set_hash"": ""c5fcd5f79503b4a9590576905e80b1cea954849cffedc3cb08f48c45fa28157e"", ""task"": ""cmmlu""}, {""bind_formal_samples"": true, ""checkpoint"": 500, ""dataset_split_hash"": ""fd0a5596e80d8029a0b54f04a7a250d2f40e5def742eb6ca088834f5c60a0d76"", ""evaluation_config"": {""checkpoint"": 500, ""dataset_split_hash"": ""fd0a5596e80d8029a0b54f04a7a250d2f40e5def742eb6ca088834f5c60a0d76"", ""protocol"": {""decoding"": ""greedy"", ""metric"": ""macro_accuracy"", ""prompt"": ""fixed_5shot_by_subject"", ""sample_count"": 11582, ""sample_selection"": ""full_frozen_official_test_order""}, ""run_id"": ""openpangu__cmmlu__qv__powerlaw_global_a06__s1107__n2500"", ""sample_manifest"": {""ordered_sample_content_sha256"": ""5cad594c402be6e6bcce53b5552bcef36806aa5c3ddd8da1be67c332c8718e29"", ""ordered_sample_ids_sha256"": ""0f5aab4bcf6cc4b8893800d22b79af409a973946b0284fc8959c6ebb8fd0d51d"", ""sample_count"": 11582}, ""schema_version"": 1, ""task"": ""cmmlu""}, ""metrics"": [""macro_accuracy""], ""protocol"": {""decoding"": ""greedy"", ""metric"": ""macro_accuracy"", ""prompt"": ""fixed_5shot_by_subject"", ""sample_count"": 11582, ""sample_selection"": ""full_frozen_official_test_order""}, ""sample_set_hash"": ""c5fcd5f79503b4a9590576905e80b1cea954849cffedc3cb08f48c45fa28157e"", ""task"": ""cmmlu""}, {""bind_formal_samples"": true, ""checkpoint"": 1500, ""dataset_split_hash"": ""fd0a5596e80d8029a0b54f04a7a250d2f40e5def742eb6ca088834f5c60a0d76"", ""evaluation_config"": {""checkpoint"": 1500, ""dataset_split_hash"": ""fd0a5596e80d8029a0b54f04a7a250d2f40e5def742eb6ca088834f5c60a0d76"", ""protocol"": {""decoding"": ""greedy"", ""metric"": ""macro_accuracy"", ""prompt"": ""fixed_5shot_by_subject"", ""sample_count"": 11582, ""sample_selection"": ""full_frozen_official_test_order""}, ""run_id"": ""openpangu__cmmlu__qv__powerlaw_global_a06__s1107__n2500"", ""sample_manifest"": {""ordered_sample_content_sha256"": ""5cad594c402be6e6bcce53b5552bcef36806aa5c3ddd8da1be67c332c8718e29"", ""ordered_sample_ids_sha256"": ""0f5aab4bcf6cc4b8893800d22b79af409a973946b0284fc8959c6ebb8fd0d51d"", ""sample_count"": 11582}, ""schema_version"": 1, ""task"": ""cmmlu""}, ""metrics"": [""macro_accuracy""], ""protocol"": {""decoding"": ""greedy"", ""metric"": ""macro_accuracy"", ""prompt"": ""fixed_5shot_by_subject"", ""sample_count"": 11582, ""sample_selection"": ""full_frozen_official_test_order""}, ""sample_set_hash"": ""c5fcd5f79503b4a9590576905e80b1cea954849cffedc3cb08f48c45fa28157e"", ""task"": ""cmmlu""}, {""bind_formal_samples"": true, ""checkpoint"": 2500, ""dataset_split_hash"": ""fd0a5596e80d8029a0b54f04a7a250d2f40e5def742eb6ca088834f5c60a0d76"", ""evaluation_config"": {""checkpoint"": 2500, ""dataset_split_hash"": ""fd0a5596e80d8029a0b54f04a7a250d2f40e5def742eb6ca088834f5c60a0d76"", ""protocol"": {""decoding"": ""greedy"", ""metric"": ""macro_accuracy"", ""prompt"": ""fixed_5shot_by_subject"", ""sample_count"": 11582, ""sample_selection"": ""full_frozen_official_test_order""}, ""run_id"": ""openpangu__cmmlu__qv__powerlaw_global_a06__s1107__n2500"", ""sample_manifest"": {""ordered_sample_content_sha256"": ""5cad594c402be6e6bcce53b5552bcef36806aa5c3ddd8da1be67c332c8718e29"", ""ordered_sample_ids_sha256"": ""0f5aab4bcf6cc4b8893800d22b79af409a973946b0284fc8959c6ebb8fd0d51d"", ""sample_count"": 11582}, ""schema_version"": 1, ""task"": ""cmmlu""}, ""metrics"": [""macro_accuracy""], ""protocol"": {""decoding"": ""greedy"", ""metric"": ""macro_accuracy"", ""prompt"": ""fixed_5shot_by_subject"", ""sample_count"": 11582, ""sample_selection"": ""full_frozen_official_test_order""}, ""sample_set_hash"": ""c5fcd5f79503b4a9590576905e80b1cea954849cffedc3cb08f48c45fa28157e"", ""task"": ""cmmlu""}]","[""openpangu__cmmlu__qv__powerlaw_global_a06__s1107__n2500__step_000100__cmmlu.json"", ""openpangu__cmmlu__qv__powerlaw_global_a06__s1107__n2500__step_000500__cmmlu.json"", ""openpangu__cmmlu__qv__powerlaw_global_a06__s1107__n2500__step_001500__cmmlu.json"", ""openpangu__cmmlu__qv__powerlaw_global_a06__s1107__n2500__step_002500__cmmlu.json""]",[],[],934.0531484298408,934.0531484298408,4031.7028844029737,0.6511126999976113,
openpangu__cmmlu__qv__powerlaw_global_a06__s1107__n500,openpangu,cmmlu,powerlaw_global_a06,1107,500,qv,"[""core_500step""]",1,"[""core_500step""]",complete,complete,5d7b911021772ae777cf562000dd7997354ebacb1571cb67ebc19eac0d0399bb,f458daedec6c81fad1e21b69f1729c1038ce1f04e974271794101b7a33ad7340,0a68af0edd229e51727f8cd21ce7f82b63c742ed,"[100, 250, 500]","[""f458daedec6c81fad1e21b69f1729c1038ce1f04e974271794101b7a33ad7340""]","[100, 250, 500]",[],"{""100"": ""7b6cdf3f803361e72d0aee65bc826a8f19413e52530303a8a34165dc77ee995a"", ""250"": ""3ac44bcadf06b09cc2f27acdbe2266ea124dee3c5179213795f908bd52c112b7"", ""500"": ""1c757741fb97939c2cc951f242d545626d3d29b3795b6dd2c5c83e889619e2ab""}",[],[],[],[],[],1003.3985354527831,1003.3985354527831,808.1787204330176,0.5623803999988013,
openpangu__cmmlu__qv__powerlaw_global_a06__s1107__n500__gradlog,openpangu,cmmlu,powerlaw_global_a06,1107,500,qv,"[""mechanism_500step""]",1,"[""mechanism_500step""]",complete,complete,43dee1f7ac527b7b960701da216f834a7f81338081f50b6fa45113e3f039fd95,c56eb6771328b827cd7b7c9cd225a4333470a4661a3bdd44f0dcb906d51db165,b40a55b8c52a52353c2457afdad00f4de395e48a,"[100, 250, 500]","[""c56eb6771328b827cd7b7c9cd225a4333470a4661a3bdd44f0dcb906d51db165""]","[100, 250, 500]",[],"{""100"": ""92ce19196fceb3bdc29cfa34e6d600530c458f0a889a3c053b4fc1dea3242239"", ""250"": ""c65be00fabb41f7974d8a4eefe45e76b88e79b62f015e7a5d16cf9f083621f40"", ""500"": ""22ceba8f851ace5e0e5ea1422a1c41b3babd1e3d3cdbb8845cebe4b2578ebc41""}",[],[],[],[],[],1003.3985354527831,1003.3985354527831,941.9558333180903,0.5293708000099286,
openpangu__cmmlu__qv__powerlaw_global_a06__s123__n2500,openpangu,cmmlu,powerlaw_global_a06,123,2500,qv,"[""downstream_2500step""]",1,"[""downstream_2500step""]",complete,complete,63388a13df29c064ea996c052eaf88c9c21cc1c62ac78011878450b10158e52c,5547b3b556cd22da3c0dff7972c21cbed209abd932450e941700019b41b3f19f,6569e76bf27da84743934012d6d2df6eb2c28709,"[0, 100, 250, 500, 1000, 1500, 2500]","[""5547b3b556cd22da3c0dff7972c21cbed209abd932450e941700019b41b3f19f""]","[0, 100, 250, 500, 1000, 1500, 2500]",[],"{""0"": ""d95b9313f2c8dc03f682a6f3b64cd106b668ab03f5efb56565bf9cf31c559c85"", ""100"": ""e8a91767b24c13336838a8c51c73cb2a7c6e56e3cbbdcae305170854c20f793c"", ""1000"": ""26b37e3c8f5cb4aa289d76d3ced4dc120b78eb694a9b3320d0ef50e4928e29a1"", ""1500"": ""a91fbe7e613a5adc82bab7cc490f3cd1e31b807d2ff8bcafdbb1a15ab7456cce"", ""250"": ""7c244c86897e41f5a3d75dfe5e1f5b431394a26c1f9ec0d68af3a8cb6676d9b9"", ""2500"": ""4fe712a8f50ffe600a61e68759bbc986535c20e38cf882f1b3f7dd95f34d6f1f"", ""500"": ""2db0167d3275baca5ff3e5ae5b5e1e4c589e6d829db8766b559010971b3416f4""}","[""openpangu__cmmlu__qv__powerlaw_global_a06__s123__n2500__step_002500__cmmlu.json""]","[{""bind_formal_samples"": true, ""checkpoint"": 2500, ""dataset_split_hash"": ""fd0a5596e80d8029a0b54f04a7a250d2f40e5def742eb6ca088834f5c60a0d76"", ""evaluation_config"": {""checkpoint"": 2500, ""dataset_split_hash"": ""fd0a5596e80d8029a0b54f04a7a250d2f40e5def742eb6ca088834f5c60a0d76"", ""protocol"": {""decoding"": ""greedy"", ""metric"": ""macro_accuracy"", ""prompt"": ""fixed_5shot_by_subject"", ""sample_count"": 11582, ""sample_selection"": ""full_frozen_official_test_order""}, ""run_id"": ""openpangu__cmmlu__qv__powerlaw_global_a06__s123__n2500"", ""sample_manifest"": {""ordered_sample_content_sha256"": ""5cad594c402be6e6bcce53b5552bcef36806aa5c3ddd8da1be67c332c8718e29"", ""ordered_sample_ids_sha256"": ""0f5aab4bcf6cc4b8893800d22b79af409a973946b0284fc8959c6ebb8fd0d51d"", ""sample_count"": 11582}, ""schema_version"": 1, ""task"": ""cmmlu""}, ""metrics"": [""macro_accuracy""], ""protocol"": {""decoding"": ""greedy"", ""metric"": ""macro_accuracy"", ""prompt"": ""fixed_5shot_by_subject"", ""sample_count"": 11582, ""sample_selection"": ""full_frozen_official_test_order""}, ""sample_set_hash"": ""c5fcd5f79503b4a9590576905e80b1cea954849cffedc3cb08f48c45fa28157e"", ""task"": ""cmmlu""}]","[""openpangu__cmmlu__qv__powerlaw_global_a06__s123__n2500__step_002500__cmmlu.json""]",[],[],926.5790955983102,926.5790955983102,4048.324369376911,0.7736068920021353,
openpangu__cmmlu__qv__powerlaw_global_a06__s123__n500,openpangu,cmmlu,powerlaw_global_a06,123,500,qv,"[""core_500step""]",1,"[""core_500step""]",complete,complete,da8d26240f00d614ae7b0ede5bffac0366f4e7f922aef8a5163f05a7b9c03b12,b0736a43ab694218df104b31e4b4a9b9aeb0c7e4c1faa6e629b723a8b42c619f,0a68af0edd229e51727f8cd21ce7f82b63c742ed,"[100, 250, 500]","[""b0736a43ab694218df104b31e4b4a9b9aeb0c7e4c1faa6e629b723a8b42c619f""]","[100, 250, 500]",[],"{""100"": ""3ac52ce97298870627ba87c835c089fb6a340d84cd23c51510f0ef633ec11aa2"", ""250"": ""c9ad6a6fb79ad21bd47076ed577596148b9119ecf8941f46d0609ec191067cb6"", ""500"": ""fd4676f1dc0f9d53f495dccef567eb1d214ae10223cb88e1e8a0e676cc8e50e0""}",[],[],[],[],[],986.2047509178519,986.2047509178519,810.308301095014,0.5522025909995136,
openpangu__cmmlu__qv__powerlaw_global_a06__s123__n500__gradlog,openpangu,cmmlu,powerlaw_global_a06,123,500,qv,"[""mechanism_500step""]",1,"[""mechanism_500step""]",complete,complete,af0b3d37bcb17e13b748382d1acc7ec96ac26258092b42f8ced362ff244279b8,0e000930294c651441c549aedb65d63c0d4be0da49b49e40b5b4cbe5fd1bb9c6,b40a55b8c52a52353c2457afdad00f4de395e48a,"[100, 250, 500]","[""0e000930294c651441c549aedb65d63c0d4be0da49b49e40b5b4cbe5fd1bb9c6""]","[100, 250, 500]",[],"{""100"": ""61e966b57afe50b59e2a64d31c0216022dc1c8e3ef0ad57d2289647d151b7517"", ""250"": ""ff0ce904a6c99152fbee4a853112182af42b0a3c446ae3a60c9db4dcde619ca8"", ""500"": ""893bfe3bef20078741efdd9ba82fc70c9a979ec4e4624e1c3ee1f48564931f61""}",[],[],[],[],[],986.2047509178519,986.2047509178519,945.3390663538885,0.5317816969909472,
openpangu__cmmlu__qv__powerlaw_global_a06__s42__n2500,openpangu,cmmlu,powerlaw_global_a06,42,2500,qv,"[""downstream_2500step""]",1,"[""downstream_2500step""]",complete,complete,6cc762f27a6ad25f9b11cebc547a548871f3daa3de44af9e557523e4843df880,2aeea296c0d13579f1688272a7507b7fae7c3f39043f7313bd00e87bf2962c50,6569e76bf27da84743934012d6d2df6eb2c28709,"[0, 100, 250, 500, 1000, 1500, 2500]","[""2aeea296c0d13579f1688272a7507b7fae7c3f39043f7313bd00e87bf2962c50""]","[0, 100, 250, 500, 1000, 1500, 2500]",[],"{""0"": ""33574a7b3686256dadd288418e2a689bd260a21cb7e559fa3de44e046e143d8b"", ""100"": ""d6661a719adba7b7ecbeab81742dc9ef2f9d295c735971b58e5b05a74ae90537"", ""1000"": ""cf73bfad537f5bd4f8854d375d347119846f9aefb1f14800606e9d9171d52908"", ""1500"": ""f8819784ae728c6de7154cf8891139d5d93a8b041ca3db34586a67fd49eb9460"", ""250"": ""bc22df7312a894d75221dce00f4ff26d0beb55351a3c72604a7bac5dfa86fba6"", ""2500"": ""c25d7efec2a37e704d333796f65253160a417cbcd671411861177731d02f4f22"", ""500"": ""d5729b5ca05273d8361d1978e6ef7db0f1bb71099baf9ec5778ec1185cccb59f""}","[""openpangu__cmmlu__qv__powerlaw_global_a06__s42__n2500__step_002500__cmmlu.json""]","[{""bind_formal_samples"": true, ""checkpoint"": 2500, ""dataset_split_hash"": ""fd0a5596e80d8029a0b54f04a7a250d2f40e5def742eb6ca088834f5c60a0d76"", ""evaluation_config"": {""checkpoint"": 2500, ""dataset_split_hash"": ""fd0a5596e80d8029a0b54f04a7a250d2f40e5def742eb6ca088834f5c60a0d76"", ""protocol"": {""decoding"": ""greedy"", ""metric"": ""macro_accuracy"", ""prompt"": ""fixed_5shot_by_subject"", ""sample_count"": 11582, ""sample_selection"": ""full_frozen_official_test_order""}, ""run_id"": ""openpangu__cmmlu__qv__powerlaw_global_a06__s42__n2500"", ""sample_manifest"": {""ordered_sample_content_sha256"": ""5cad594c402be6e6bcce53b5552bcef36806aa5c3ddd8da1be67c332c8718e29"", ""ordered_sample_ids_sha256"": ""0f5aab4bcf6cc4b8893800d22b79af409a973946b0284fc8959c6ebb8fd0d51d"", ""sample_count"": 11582}, ""schema_version"": 1, ""task"": ""cmmlu""}, ""metrics"": [""macro_accuracy""], ""protocol"": {""decoding"": ""greedy"", ""metric"": ""macro_accuracy"", ""prompt"": ""fixed_5shot_by_subject"", ""sample_count"": 11582, ""sample_selection"": ""full_frozen_official_test_order""}, ""sample_set_hash"": ""c5fcd5f79503b4a9590576905e80b1cea954849cffedc3cb08f48c45fa28157e"", ""task"": ""cmmlu""}]","[""openpangu__cmmlu__qv__powerlaw_global_a06__s42__n2500__step_002500__cmmlu.json""]",[],[],923.2031580004841,923.2031580004841,4032.4362306611656,0.5399277100004838,
openpangu__cmmlu__qv__powerlaw_global_a06__s42__n500,openpangu,cmmlu,powerlaw_global_a06,42,500,qv,"[""core_500step""]",1,"[""core_500step""]",complete,complete,c2915edc055eeb56b7dbcd4df8f56c6ccb8198bdb62d7f5be13d7e36a7d4a0f9,bfae7167dc8bbaca487112b9ebf669d07b943d1a8ca2622ab68257dd5774e8ca,0a68af0edd229e51727f8cd21ce7f82b63c742ed,"[100, 250, 500]","[""bfae7167dc8bbaca487112b9ebf669d07b943d1a8ca2622ab68257dd5774e8ca""]","[100, 250, 500]",[],"{""100"": ""2ec79e90abc2a392fe85f363e7654e87102e9b0bc6dec89379d4b5947d0d4b8a"", ""250"": ""f0d7991588a6fa72baeaae6be21dc517930c26328a828f22aa4087dbac89fbec"", ""500"": ""e29e43179bc5145c04c83235201c1980b5c59e8b22e2450296a2e94c5633c4dc""}",[],[],[],[],[],985.8209882229567,985.8209882229567,808.3546072870122,0.5698108990000037,
openpangu__cmmlu__qv__powerlaw_global_a06__s42__n500__gradlog,openpangu,cmmlu,powerlaw_global_a06,42,500,qv,"[""mechanism_500step""]",1,"[""mechanism_500step""]",complete,complete,cf761015bd6fa3e0b7c291050be395115ef35e0762c457823eb9c3b22ad9da4d,58eefedea0995d1f15f920c00cc96191e5815a62f1926938030190f98cb4f6ec,b40a55b8c52a52353c2457afdad00f4de395e48a,"[100, 250, 500]","[""58eefedea0995d1f15f920c00cc96191e5815a62f1926938030190f98cb4f6ec""]","[100, 250, 500]",[],"{""100"": ""466887ff623717ecfc51d4ec1b2f34bcadec6b36b1d608af6bf37123acce614d"", ""250"": ""5d6c05e0086d0210c23c4be4d0f2accc4fb8799d947111d2a69bf07f2016f879"", ""500"": ""ce77b7f859dd54260d045c2a3d0fbc3db98a5acaafb76972aa8bd1681628bb5b""}",[],[],[],[],[],985.8209882229567,985.8209882229567,943.0183603340847,0.599211093998747,
openpangu__cmmlu__qv__powerlaw_row_a06__s1107__n500__gradlog,openpangu,cmmlu,powerlaw_row_a06,1107,500,qv,"[""mechanism_500step""]",1,"[""mechanism_500step""]",complete,complete,932cec045d56e0f48e86af1bde266ee16434a29e82ccac66cace25890f987cf6,a28d3ae98fd121167e58d3fa56b5d2cce25db0161a2eb50f932bd76a272af127,b40a55b8c52a52353c2457afdad00f4de395e48a,"[100, 250, 500]","[""a28d3ae98fd121167e58d3fa56b5d2cce25db0161a2eb50f932bd76a272af127""]","[100, 250, 500]",[],"{""100"": ""d144ba9741767a903eb82de249309cf76406cabf513d2470d5adc8fb7fb7215e"", ""250"": ""bec65d85a1e2ff867fd42abb8364b25cd50aa437621422314ca782f4fda4f914"", ""500"": ""48d9524b8de10d1a3bc6e6df0f927265cf15751044d7b4645727346d3071fb58""}",[],[],[],[],[],966.3952988646924,966.3952988646924,946.5750331827585,0.9150591939978767,
openpangu__cmmlu__qv__powerlaw_row_a06__s123__n500__gradlog,openpangu,cmmlu,powerlaw_row_a06,123,500,qv,"[""mechanism_500step""]",1,"[""mechanism_500step""]",complete,complete,9548aa499a2a238660ed82acc02648719a987a730ea6462331925c6dbc1ca92b,7d71eda476c944878d79d79e50a54c6317024366e8954bdd1cb69c742ab71aff,b40a55b8c52a52353c2457afdad00f4de395e48a,"[100, 250, 500]","[""7d71eda476c944878d79d79e50a54c6317024366e8954bdd1cb69c742ab71aff""]","[100, 250, 500]",[],"{""100"": ""4437ce70ab33b0c37a9633792ddc3012eac10174e095576905e2ee6445747d36"", ""250"": ""7788983b76bab037fda2729e1880a1d7ec0a4523c6ab348e2591335b3fa40999"", ""500"": ""5e0952060d9a2f3e0baeb274485a63ffc73f8c426cf4094374711b4a87ec4e7b""}",[],[],[],[],[],982.613470274955,982.613470274955,947.0752931169554,0.8785207999899285,
openpangu__cmmlu__qv__powerlaw_row_a06__s42__n500__gradlog,openpangu,cmmlu,powerlaw_row_a06,42,500,qv,"[""mechanism_500step""]",1,"[""mechanism_500step""]",complete,complete,a0289a31e98b6f6607c5b68df167f034b88ceba2f298c4e009003d0c4752b307,ec86aa60fb761bcee83d71807bec6223bada20a44d63cd53a58791dd9058994b,b40a55b8c52a52353c2457afdad00f4de395e48a,"[100, 250, 500]","[""ec86aa60fb761bcee83d71807bec6223bada20a44d63cd53a58791dd9058994b""]","[100, 250, 500]",[],"{""100"": ""d508e6f60227a41b2d6602fa8b9ec661f3fd1fa69f097e5a9bdf369e30c5d84e"", ""250"": ""4a6d18c705defd6390db714d1aec0672582f8b593976f21e9d56561d6695a09f"", ""500"": ""49aa938a11355695d20c180a1d616a90abf6c7683d42d3233ff87a87a9eedf6a""}",[],[],[],[],[],1000.5276627652347,1000.5276627652347,946.5403751309932,0.8000013959972421,
openpangu__cmmlu__qv__powerlaw_shuffle_a06__s1107__n500,openpangu,cmmlu,powerlaw_shuffle_a06,1107,500,qv,"[""core_500step""]",1,"[""core_500step""]",complete,complete,10970b49a877fc36293e8e482a2978c9669f78e8f8f62f8c2591251952774558,0f199f99afd456bfff92e24881af492a6ad48c548f2cfab948d49d2f65a47ecd,0a68af0edd229e51727f8cd21ce7f82b63c742ed,"[100, 250, 500]","[""0f199f99afd456bfff92e24881af492a6ad48c548f2cfab948d49d2f65a47ecd""]","[100, 250, 500]",[],"{""100"": ""c8c816a79e5431ae8447a71967b7424c94b6107385208428cb7333829175ca96"", ""250"": ""72add0b6de768f9ec448221a9330f2160a2e6aec59065c769174fe96519d337c"", ""500"": ""b5d62bc1110965752b12ab657436191792b501e2e8c2edb7fd772181c9a8d820""}",[],[],[],[],[],977.6902092471719,977.6902092471719,808.8011097939489,0.6223549630012712,
openpangu__cmmlu__qv__powerlaw_shuffle_a06__s1107__n500__gradlog,openpangu,cmmlu,powerlaw_shuffle_a06,1107,500,qv,"[""mechanism_500step""]",1,"[""mechanism_500step""]",complete,complete,f126a36db64ce1f7170ce11c7bdddb76be81280862434901f6b5577af0603e79,b504e95ef37682a09d21f5a553263ea6c8984928eda20f06d3f741fedc316c32,b40a55b8c52a52353c2457afdad00f4de395e48a,"[100, 250, 500]","[""b504e95ef37682a09d21f5a553263ea6c8984928eda20f06d3f741fedc316c32""]","[100, 250, 500]",[],"{""100"": ""c522a45bd4f59dc5ae694c7b67bbe503d3073a2906699054cd4b0ae26ad5ad3e"", ""250"": ""6714e98122bfbf6b4a6a7e160fad4818e8e4efb68bb8a16383b7410ba94de0a1"", ""500"": ""e39c6f03fd8ddf9bc03c882b3344e1f45bd11a7ffb005f3c017f7320cab70ef6""}",[],[],[],[],[],977.6902092471719,977.6902092471719,941.5004597820662,0.6462262999993982,
openpangu__cmmlu__qv__powerlaw_shuffle_a06__s123__n500,openpangu,cmmlu,powerlaw_shuffle_a06,123,500,qv,"[""core_500step""]",1,"[""core_500step""]",complete,complete,b30936541ed1652b4cf7ba30d7fdc2de17495a5ebd92f17f00519f67a17e609b,5ed4397d8895e9be3e4bf4b7026cf5e1258b68b91fa6c4614e9a6ea77602fbe0,0a68af0edd229e51727f8cd21ce7f82b63c742ed,"[100, 250, 500]","[""5ed4397d8895e9be3e4bf4b7026cf5e1258b68b91fa6c4614e9a6ea77602fbe0""]","[100, 250, 500]",[],"{""100"": ""1232e4930d65b68aae535d45b6c1de2547a5b31499f9595c12495401a1ee34f1"", ""250"": ""1b4840a4f39de1e18d8263026a3ad246f0ccc5ab2c5e0ab97f8c86040b9b2f18"", ""500"": ""ddd7d9fc492d8dfb37c8d1867e7f6257b44eea1a7ab941cd9741c5d33fb46d1d""}",[],[],[],[],[],996.3099684417248,996.3099684417248,808.1785362810333,0.637754399998812,
openpangu__cmmlu__qv__powerlaw_shuffle_a06__s123__n500__gradlog,openpangu,cmmlu,powerlaw_shuffle_a06,123,500,qv,"[""mechanism_500step""]",1,"[""mechanism_500step""]",complete,complete,66095d2a7565e1e79567fc3895e814d35b240b41264c6fd835a70a0686cbc11b,50f2d0f9c82643cb66e5ccaa6507078e30a94096440b35ed2e3390a99eeaec50,b40a55b8c52a52353c2457afdad00f4de395e48a,"[100, 250, 500]","[""50f2d0f9c82643cb66e5ccaa6507078e30a94096440b35ed2e3390a99eeaec50""]","[100, 250, 500]",[],"{""100"": ""0f973aa008b7c0647b9513851d9481bdc65d1314e08c340c93eb4b8b472b3870"", ""250"": ""2c6cee7534de6ae0b8ac78ae67f6b5650de3dcaaabaaf483abad5cd66c3f2407"", ""500"": ""9977024c15ba46384006ca194443d8a22be8861d79b244768c8e44d4cd5ac841""}",[],[],[],[],[],996.3099684417248,996.3099684417248,943.0381032198493,0.6369811010081321,
openpangu__cmmlu__qv__powerlaw_shuffle_a06__s42__n500,openpangu,cmmlu,powerlaw_shuffle_a06,42,500,qv,"[""core_500step""]",1,"[""core_500step""]",complete,complete,db1e2fc085df9f734fe847abe13d4050709bf18b12d6279c72dc088054659f05,62d051331743c2d83987d0408c66d96600d6ab5a6a39c6484cb471ff6a2ee820,0a68af0edd229e51727f8cd21ce7f82b63c742ed,"[100, 250, 500]","[""62d051331743c2d83987d0408c66d96600d6ab5a6a39c6484cb471ff6a2ee820""]","[100, 250, 500]",[],"{""100"": ""2821fd1a13db22d5a16a18c3549fa0dbe5ef7e75600e2647a20b1ec8b6100744"", ""250"": ""ed5ef5c73e099f756a9dc49742b9ef19a25e9f8bbc6865f88442b15b1f8c163a"", ""500"": ""304f39c28324825b1cbba409cbfcf287996f70ec526a56de394685f84e9a255e""}",[],[],[],[],[],992.0729255490005,992.0729255490005,809.6242542899454,0.6466187980004179,
openpangu__cmmlu__qv__powerlaw_shuffle_a06__s42__n500__gradlog,openpangu,cmmlu,powerlaw_shuffle_a06,42,500,qv,"[""mechanism_500step""]",1,"[""mechanism_500step""]",complete,complete,59ade3a3e5b3175f466e692936cd3ca4151a67c34a87e9e6d53272cc1986f571,9e3ff4924e82355140ae07352256d8e0409f9441c06683728f09e5c3b261fd28,b40a55b8c52a52353c2457afdad00f4de395e48a,"[100, 250, 500]","[""9e3ff4924e82355140ae07352256d8e0409f9441c06683728f09e5c3b261fd28""]","[100, 250, 500]",[],"{""100"": ""b3783daedb9b73ed48c3abebb78535d1f2a36ae6431439e69b54c5a94d95da7d"", ""250"": ""bbc9aae5fd3bddc9c3769b2fa03409a40202f4d7fc26a8b0cd3d9bce56dee84f"", ""500"": ""f17754d5b89d3599d20e2f92afd28a7b9e65867c45fc2934fdf37a2243aceb1d""}",[],[],[],[],[],992.0729255490005,992.0729255490005,945.3928019261366,0.6352995950001059,
openpangu__gsm8k__qv__iid_matched__s1107__n2500,openpangu,gsm8k,iid_matched,1107,2500,qv,"[""downstream_2500step""]",1,"[""downstream_2500step""]",complete,complete,ca907596f316b4da60a9284527a2809b8a393159c66d150cfdcfa9d94ae4930e,c7409e2f834247d58ba29a090149066ecae67b1d7dfc62c04abcf4f0f3dcf1fe,6569e76bf27da84743934012d6d2df6eb2c28709,"[0, 100, 250, 500, 1000, 1500, 2500]","[""c7409e2f834247d58ba29a090149066ecae67b1d7dfc62c04abcf4f0f3dcf1fe""]","[0, 100, 250, 500, 1000, 1500, 2500]",[],"{""0"": ""d6a297ba58c4061bfe0d9c34ba1b785de2b50cdc588b464cfc6fa77dce2ecf0b"", ""100"": ""4e29e818ae4fcbe6914d7181fb7bad20ea1d8afd449d245cc5aad27251d5f84d"", ""1000"": ""0062c39f70156416f75ad8a48a6c5b0d4464886db9267af6982d8760590f4a23"", ""1500"": ""dd82addb3611b75f2b2263d297ebae8446f89587f7336c501269d31ac0e6357a"", ""250"": ""94d10dcb40ce0088572a7b3eeee415d0d4061f261a95d278f296674b84658259"", ""2500"": ""2e0114b06fba60da876b6e5e94c3eab174eac43386786742b93b03337da84b56"", ""500"": ""18c7a28101c275e74053d8e9c04dff774f2d77682be83bd6d599d86d5ac0f09d""}",[],[],[],[],[],686.5759503915906,686.5759503915906,4240.676393907401,0.6698210030153859,
openpangu__gsm8k__qv__iid_matched__s1107__n500,openpangu,gsm8k,iid_matched,1107,500,qv,"[""core_500step""]",1,"[""core_500step""]",complete,complete,f72d0ed96525e6f78d23badf9cce1b89e8e89785e4643d395e1dd0bc0428226a,f72dc7d920be191f9077d139578fa59d7cfa13b33acd0d7846b3bfc7997bcdde,0a68af0edd229e51727f8cd21ce7f82b63c742ed,"[100, 250, 500]","[""f72dc7d920be191f9077d139578fa59d7cfa13b33acd0d7846b3bfc7997bcdde""]","[100, 250, 500]",[],"{""100"": ""266fb82ea6c10d8c9e665984be0cd2be58043d01c6d91f1544fc83a4463b015b"", ""250"": ""8f539e10ccb1a303de7267a7dc74d762e18d202585f9e1a9f1029e05deb729f4"", ""500"": ""384e48aa057d590479e22cf79cc70c2f0b9b141c726f3a242862f45b7be81f62""}",[],[],[],[],[],694.8628866747022,694.8628866747022,811.7881446939919,0.654242482999507,
openpangu__gsm8k__qv__iid_matched__s123__n2500,openpangu,gsm8k,iid_matched,123,2500,qv,"[""downstream_2500step""]",1,"[""downstream_2500step""]",complete,complete,cf3b2908aa3966255af678a1f886431db0cdaa8a288279422f6f3623b58a1a3b,800d7b2ec85953f44b12670f0994eb9b28c19322cf16c099420e7d002b17fe88,6569e76bf27da84743934012d6d2df6eb2c28709,"[0, 100, 250, 500, 1000, 1500, 2500]","[""800d7b2ec85953f44b12670f0994eb9b28c19322cf16c099420e7d002b17fe88""]","[0, 100, 250, 500, 1000, 1500, 2500]",[],"{""0"": ""dd516d1bc603c2f903f178d308a0fc86a58f0af9dc3684a0c66e7e6a78a9c022"", ""100"": ""a1c009a8149eebe04874df4241ab5fbed4d2fa94b66284572771e37aeb849090"", ""1000"": ""545a208deffa82c968494c91bd5fb62e9eb44a31ad421d3ad769f25e182e8e25"", ""1500"": ""47961c511bf1eecbbd594880aa34cf3297d94099f03793c14a9187f1549c6913"", ""250"": ""b2a31f4e43e5aef2fd7c92fd40568b292fdad1ce117459ec84d846ba30688070"", ""2500"": ""f34847169cf14ba1b7778a04570d5ffbf4daa81dd4128982f09b672ef999104b"", ""500"": ""c0708988ef20873bc9530aaaf60a6e809f2aaa51149bf5c33409cc1e593f48a4""}",[],[],[],[],[],684.5108327232301,684.5108327232301,4084.513165153796,0.7701568999909796,
openpangu__gsm8k__qv__iid_matched__s123__n500,openpangu,gsm8k,iid_matched,123,500,qv,"[""core_500step""]",1,"[""core_500step""]",complete,complete,bb4952ef7bbcdfc5acbf37f66779953bf3fc237df94aecb4d7ab210a1ca3fc87,d8b738ac3a9f6acc9902d334e07594855dfeaa18dff2d0d3b827a2f427dd1520,0a68af0edd229e51727f8cd21ce7f82b63c742ed,"[100, 250, 500]","[""d8b738ac3a9f6acc9902d334e07594855dfeaa18dff2d0d3b827a2f427dd1520""]","[100, 250, 500]",[],"{""100"": ""14c0953cc0ae1a68b348da063123970ac9aa3d4ed7e8e1ca006e823d69021825"", ""250"": ""f051b75c99c49cfa4722d19db22bf23ef700cc7b5f446ce0d518bcef0454028e"", ""500"": ""61d64092ca9ccd3fa4c47262bedabb1ecd73f6ac0b22f500af5c5899d29fb5e1""}",[],[],[],[],[],683.8060391955078,683.8060391955078,810.8417238689981,0.7618027930002427,
openpangu__gsm8k__qv__iid_matched__s42__n2500,openpangu,gsm8k,iid_matched,42,2500,qv,"[""downstream_2500step""]",1,"[""downstream_2500step""]",complete,complete,db52557bdde6e67e380ce8835a69f95f616a302b6e25bbf084b7eda7896dee75,7c9cab3cf027b6ff7ae0d731ab9bf86d14354755686c5545027b023fbe81c3a9,6569e76bf27da84743934012d6d2df6eb2c28709,"[0, 100, 250, 500, 1000, 1500, 2500]","[""7c9cab3cf027b6ff7ae0d731ab9bf86d14354755686c5545027b023fbe81c3a9""]","[0, 100, 250, 500, 1000, 1500, 2500]",[],"{""0"": ""c11c25f04b1fba9f00ff1eea3bed28f5ea2d8e6e01666dfb8bb4211bbca94a10"", ""100"": ""d686e69452f24324f2876a170e1e13af8ddcd3f1a6382d7d1f2644c3b44a5b15"", ""1000"": ""4c6fe41f16ff465c8b4d56a168ca2a3c06ce6fd73dde620b045e3cda22fa7810"", ""1500"": ""5a7e341610bb19ffe52e465abf72e993dc7fa908ac1693fc6c13c180b09fec5b"", ""250"": ""07a06001474eda255be4c66ce0094f0311fe2aa73de7ec1ed084d4fcd304085a"", ""2500"": ""31a48d0a163a7a9a5ae55a9c57b0f70c462bdafe99df7e448d7511f86c4de3f7"", ""500"": ""9221e925b5b8c28a9c99d97ffd14b2837d74dc834ed5e2cb146bd6c5077ef8de""}",[],[],[],[],[],675.9705996178091,675.9705996178091,4306.893929234706,0.7944450030045118,
openpangu__gsm8k__qv__iid_matched__s42__n500,openpangu,gsm8k,iid_matched,42,500,qv,"[""core_500step""]",1,"[""core_500step""]",complete,complete,56ab26e53ac5da03e785e13e433a143c0af3b96bd2320162d3ba3fe15e195812,f39fd808fcf234a718071668fd2f9d738dce095cf2f3b501d4105a5cb8b58fc0,0a68af0edd229e51727f8cd21ce7f82b63c742ed,"[100, 250, 500]","[""f39fd808fcf234a718071668fd2f9d738dce095cf2f3b501d4105a5cb8b58fc0""]","[100, 250, 500]",[],"{""100"": ""7850ac99dc2edb5fe2ad1a2df1c993f48827fca9a19e4ffe03e3de40f4520cce"", ""250"": ""69f3aa7a314da9a15a131bd73da02221229b3d9a7e5cb95ae5e5f2e40c5b26f4"", ""500"": ""f8c557c992a7bf4f4e0180cbc2fc22aa04caeeeb4a8b9e58394179f90d0a5e43""}",[],[],[],[],[],677.955697260797,677.955697260797,810.2826944280059,0.6255555010011449,
openpangu__gsm8k__qv__peft_default__s1107__n2500,openpangu,gsm8k,peft_default,1107,2500,qv,"[""downstream_2500step""]",1,"[""downstream_2500step""]",complete,complete,813b66f6dfc8bea032d319d3965fa3a0fbaeda12f0a6089ce0b8e49ba62f508d,68248871f5379292478eef8349e3622e2eeae43a652b341460a033fc7a9a5ade,6569e76bf27da84743934012d6d2df6eb2c28709,"[0, 100, 250, 500, 1000, 1500, 2500]","[""68248871f5379292478eef8349e3622e2eeae43a652b341460a033fc7a9a5ade""]","[0, 100, 250, 500, 1000, 1500, 2500]",[],"{""0"": ""a4a3757a7a3686d3b4374393abe39cae8b4d61af2e92571e9995efb6e6e51d3f"", ""100"": ""0bdcebaa3bc2dbae3c167f453a567067115bdef212479eb6d006198d83175559"", ""1000"": ""a5129ec690ea23acca95f89d4691567c8c3b6cbf065bf80d71df7e94d21ea712"", ""1500"": ""f9555de9cde0f156fdd7adbcb97691bb0b84681917cecd496c88c96751c540d1"", ""250"": ""8d71193b632deae2c1dc2b6740c9b6f9c4714bd3039ee0375f5e1efcf500e878"", ""2500"": ""4b6c3196477d84e2cb6e0da384a9da4b4428f645f1afda77556a889e22dd832a"", ""500"": ""c688b4b81cfaf28203fc734346eb5a3084d9fa75fce48a8347e3fa6940819a2d""}","[""openpangu__gsm8k__qv__peft_default__s1107__n2500__step_001500__gsm8k.json"", ""openpangu__gsm8k__qv__peft_default__s1107__n2500__step_002500__gsm8k.json""]","[{""bind_formal_samples"": true, ""checkpoint"": 1500, ""dataset_split_hash"": ""00fb108842db88dc8b6e9e7d5c63da7fea8688673448a0ca2b5206214e0f738b"", ""evaluation_config"": {""checkpoint"": 1500, ""dataset_split_hash"": ""00fb108842db88dc8b6e9e7d5c63da7fea8688673448a0ca2b5206214e0f738b"", ""protocol"": {""decoding"": ""greedy"", ""metric"": ""exact_match"", ""prompt"": ""fixed_8shot_cot"", ""sample_count"": 1319, ""sample_selection"": ""full_frozen_official_test_order""}, ""run_id"": ""openpangu__gsm8k__qv__peft_default__s1107__n2500"", ""sample_manifest"": {""ordered_sample_content_sha256"": ""7d7e49d1579b2b660b2dc3d0a7557261e875e79980da2fd0d45c0625c7566811"", ""ordered_sample_ids_sha256"": ""69d6744016699073a7ad0e561dab501fffe5a1197aa7dbe66907c4f14bfd22df"", ""sample_count"": 1319}, ""schema_version"": 1, ""task"": ""gsm8k""}, ""metrics"": [""exact_match""], ""protocol"": {""decoding"": ""greedy"", ""metric"": ""exact_match"", ""prompt"": ""fixed_8shot_cot"", ""sample_count"": 1319, ""sample_selection"": ""full_frozen_official_test_order""}, ""sample_set_hash"": ""47ddc577ceba4e4a971899fb851b5e55fae68187873121a4ec6edfb8771c4d29"", ""task"": ""gsm8k""}, {""bind_formal_samples"": true, ""checkpoint"": 2500, ""dataset_split_hash"": ""00fb108842db88dc8b6e9e7d5c63da7fea8688673448a0ca2b5206214e0f738b"", ""evaluation_config"": {""checkpoint"": 2500, ""dataset_split_hash"": ""00fb108842db88dc8b6e9e7d5c63da7fea8688673448a0ca2b5206214e0f738b"", ""protocol"": {""decoding"": ""greedy"", ""metric"": ""exact_match"", ""prompt"": ""fixed_8shot_cot"", ""sample_count"": 1319, ""sample_selection"": ""full_frozen_official_test_order""}, ""run_id"": ""openpangu__gsm8k__qv__peft_default__s1107__n2500"", ""sample_manifest"": {""ordered_sample_content_sha256"": ""7d7e49d1579b2b660b2dc3d0a7557261e875e79980da2fd0d45c0625c7566811"", ""ordered_sample_ids_sha256"": ""69d6744016699073a7ad0e561dab501fffe5a1197aa7dbe66907c4f14bfd22df"", ""sample_count"": 1319}, ""schema_version"": 1, ""task"": ""gsm8k""}, ""metrics"": [""exact_match""], ""protocol"": {""decoding"": ""greedy"", ""metric"": ""exact_match"", ""prompt"": ""fixed_8shot_cot"", ""sample_count"": 1319, ""sample_selection"": ""full_frozen_official_test_order""}, ""sample_set_hash"": ""47ddc577ceba4e4a971899fb851b5e55fae68187873121a4ec6edfb8771c4d29"", ""task"": ""gsm8k""}]","[""openpangu__gsm8k__qv__peft_default__s1107__n2500__step_001500__gsm8k.json"", ""openpangu__gsm8k__qv__peft_default__s1107__n2500__step_002500__gsm8k.json""]",[],[],699.3857198543847,699.3857198543847,4032.703500115982,0.3247659009939525,
openpangu__gsm8k__qv__peft_default__s1107__n500,openpangu,gsm8k,peft_default,1107,500,qv,"[""core_500step""]",1,"[""core_500step""]",complete,complete,e7cd652d4bb5b160efbd87826e58bddd7f5070d0ea682a56834c91cbedc740f4,0a8cd93fe8455295050c63eea2652654f8d589c1aa1a07909ccb7ef34c731bd5,0a68af0edd229e51727f8cd21ce7f82b63c742ed,"[100, 250, 500]","[""0a8cd93fe8455295050c63eea2652654f8d589c1aa1a07909ccb7ef34c731bd5""]","[100, 250, 500]",[],"{""100"": ""c247e997290a01a90cdcecad05d143a237473b853670c97f8c7e6688a613fa80"", ""250"": ""4fa3ec2076661fd7f5bbb4defcf6a3d0f25de6720fe7010cd1ffd8380c501cd5"", ""500"": ""4a14a34e6de7aaafc203c8c1eaa1ba7082097dc662c896c569e9bf0c9cdbca22""}",[],[],[],[],[],710.6426748372614,710.6426748372614,809.2983728350064,0.33164900099927763,
openpangu__gsm8k__qv__peft_default__s123__n2500,openpangu,gsm8k,peft_default,123,2500,qv,"[""downstream_2500step""]",1,"[""downstream_2500step""]",complete,complete,d2aa5af1673c4e573420809db8e5040ea2bbe73c233b1a3f69e030ba48c73a12,0b5886c1eba31d8a700c81aba896ed6bdfcaf49d7f2d42666f200ed1d15152c3,6569e76bf27da84743934012d6d2df6eb2c28709,"[0, 100, 250, 500, 1000, 1500, 2500]","[""0b5886c1eba31d8a700c81aba896ed6bdfcaf49d7f2d42666f200ed1d15152c3""]","[0, 100, 250, 500, 1000, 1500, 2500]",[],"{""0"": ""a2a3cd384246b92a5de117b65d654b2d017b490a95c840e15b23a8ef0b456fdf"", ""100"": ""9286cb6a129070e438c20d1bed551d1ec838a7b9b4a1223514214b670ec42276"", ""1000"": ""ee6da81f37244b04f42c378d24bc42bca648cc69e70d98ff40060bf3eddf49bf"", ""1500"": ""7c7ba62e94d0eee40b492eecdfb01b7fa6c83787422d64fe26bae277289f9f4f"", ""250"": ""6515de6d2b71877aef99928de240db6791282fd3fc9474e013c531d0c65c5ee3"", ""2500"": ""03379f775834e73c12ba318c86bd8f8e354252d943bbd5cf1295bc46586b3e0c"", ""500"": ""d91b5226fb374465cc40ca83760f29cadf066a1b1f7221a53f5faf4edc3c5b90""}","[""openpangu__gsm8k__qv__peft_default__s123__n2500__step_002500__gsm8k.json""]","[{""bind_formal_samples"": true, ""checkpoint"": 2500, ""dataset_split_hash"": ""00fb108842db88dc8b6e9e7d5c63da7fea8688673448a0ca2b5206214e0f738b"", ""evaluation_config"": {""checkpoint"": 2500, ""dataset_split_hash"": ""00fb108842db88dc8b6e9e7d5c63da7fea8688673448a0ca2b5206214e0f738b"", ""protocol"": {""decoding"": ""greedy"", ""metric"": ""exact_match"", ""prompt"": ""fixed_8shot_cot"", ""sample_count"": 1319, ""sample_selection"": ""full_frozen_official_test_order""}, ""run_id"": ""openpangu__gsm8k__qv__peft_default__s123__n2500"", ""sample_manifest"": {""ordered_sample_content_sha256"": ""7d7e49d1579b2b660b2dc3d0a7557261e875e79980da2fd0d45c0625c7566811"", ""ordered_sample_ids_sha256"": ""69d6744016699073a7ad0e561dab501fffe5a1197aa7dbe66907c4f14bfd22df"", ""sample_count"": 1319}, ""schema_version"": 1, ""task"": ""gsm8k""}, ""metrics"": [""exact_match""], ""protocol"": {""decoding"": ""greedy"", ""metric"": ""exact_match"", ""prompt"": ""fixed_8shot_cot"", ""sample_count"": 1319, ""sample_selection"": ""full_frozen_official_test_order""}, ""sample_set_hash"": ""47ddc577ceba4e4a971899fb851b5e55fae68187873121a4ec6edfb8771c4d29"", ""task"": ""gsm8k""}]","[""openpangu__gsm8k__qv__peft_default__s123__n2500__step_002500__gsm8k.json""]",[],[],707.9358329065144,707.9358329065144,4027.3880968508893,0.24470597298932262,
openpangu__gsm8k__qv__peft_default__s123__n500,openpangu,gsm8k,peft_default,123,500,qv,"[""core_500step""]",1,"[""core_500step""]",complete,complete,8533f5b4a8d0cc65f958967374b1fe4d6cc2c073136555c339e8059cf358f34b,6cded95c51e4ca27bd01b8154a2d74dab51aebcb4c7ac9753a330cb5f90810d9,0a68af0edd229e51727f8cd21ce7f82b63c742ed,"[100, 250, 500]","[""6cded95c51e4ca27bd01b8154a2d74dab51aebcb4c7ac9753a330cb5f90810d9""]","[100, 250, 500]",[],"{""100"": ""8488af7556421a8a8b94b27ac88914ce8a44e5dcbe9237fb61fdc49885568321"", ""250"": ""a042bbad546e9c12bd45c6c0054715b7672888ac6a1f62ccee39fb874e75ae8f"", ""500"": ""033fdb17bdcece46c11ea862102d0655b8bcdbd451989f5fb952b1185b41b6fc""}",[],[],[],[],[],715.1073744222522,715.1073744222522,808.682317311007,0.2283833000001323,
openpangu__gsm8k__qv__peft_default__s42__n2500,openpangu,gsm8k,peft_default,42,2500,qv,"[""downstream_2500step""]",1,"[""downstream_2500step""]",complete,complete,90b3e4845d5410fb3b579d7622b785e5e7ee648f52224f522c5405561116c333,867cc9327890bf0459dd45f7e160bde2460f4d8971888d460bdeabe65b7f808a,6569e76bf27da84743934012d6d2df6eb2c28709,"[0, 100, 250, 500, 1000, 1500, 2500]","[""867cc9327890bf0459dd45f7e160bde2460f4d8971888d460bdeabe65b7f808a""]","[0, 100, 250, 500, 1000, 1500, 2500]",[],"{""0"": ""42aa0d195c4f275baa576b6487b596a5072c46cdca537d53479fe26103b463e0"", ""100"": ""4e1c232bf544acbc9e262263056d7e2288934d2ae8afb67995661463f21f1ceb"", ""1000"": ""c507bdac7fd91005cd7a6f36db04d31713dc8f254a7b674376d8e3bb1b2116a1"", ""1500"": ""1798d865dcf8eed3329a43ee696f1bae5cb9eccefb3f5226485675793128eeca"", ""250"": ""b19bf2ef72bac9b8ac59bd9c4236a14a67ae9690b0eae54aaa821c97e746cc06"", ""2500"": ""7097fd7ec2cae27d4efe840487e90197325def6197118ad1b18eb289419d7c90"", ""500"": ""dacbe9e4419c173902d0cb2d1f2ae052124238b74b8aec9676aee89cd3a96643""}","[""openpangu__gsm8k__qv__peft_default__s42__n2500__step_002500__gsm8k.json""]","[{""bind_formal_samples"": true, ""checkpoint"": 2500, ""dataset_split_hash"": ""00fb108842db88dc8b6e9e7d5c63da7fea8688673448a0ca2b5206214e0f738b"", ""evaluation_config"": {""checkpoint"": 2500, ""dataset_split_hash"": ""00fb108842db88dc8b6e9e7d5c63da7fea8688673448a0ca2b5206214e0f738b"", ""protocol"": {""decoding"": ""greedy"", ""metric"": ""exact_match"", ""prompt"": ""fixed_8shot_cot"", ""sample_count"": 1319, ""sample_selection"": ""full_frozen_official_test_order""}, ""run_id"": ""openpangu__gsm8k__qv__peft_default__s42__n2500"", ""sample_manifest"": {""ordered_sample_content_sha256"": ""7d7e49d1579b2b660b2dc3d0a7557261e875e79980da2fd0d45c0625c7566811"", ""ordered_sample_ids_sha256"": ""69d6744016699073a7ad0e561dab501fffe5a1197aa7dbe66907c4f14bfd22df"", ""sample_count"": 1319}, ""schema_version"": 1, ""task"": ""gsm8k""}, ""metrics"": [""exact_match""], ""protocol"": {""decoding"": ""greedy"", ""metric"": ""exact_match"", ""prompt"": ""fixed_8shot_cot"", ""sample_count"": 1319, ""sample_selection"": ""full_frozen_official_test_order""}, ""sample_set_hash"": ""47ddc577ceba4e4a971899fb851b5e55fae68187873121a4ec6edfb8771c4d29"", ""task"": ""gsm8k""}]","[""openpangu__gsm8k__qv__peft_default__s42__n2500__step_002500__gsm8k.json""]",[],[],710.0892084464431,710.0892084464431,4057.80133799091,0.21196169999893755,
openpangu__gsm8k__qv__peft_default__s42__n500,openpangu,gsm8k,peft_default,42,500,qv,"[""core_500step""]",1,"[""core_500step""]",complete,complete,5d9d4cc49e0c2d0dc5fcd99ec73762bde2b4bc7a1348271998e6daa9cadd4abd,ead1c6b3a6285207bc8d087eb2e26871fb64400649cc5c2d50d9ce7420455200,0a68af0edd229e51727f8cd21ce7f82b63c742ed,"[100, 250, 500]","[""ead1c6b3a6285207bc8d087eb2e26871fb64400649cc5c2d50d9ce7420455200""]","[100, 250, 500]",[],"{""100"": ""f389f7f30bc537e346dee1a97b9b96d62f2a86917a538808d20e748572686403"", ""250"": ""23fa22ca4d0cfc6c1f8229fd010cd8d5261a5dd96d1e4a9a330ca908c0ed2971"", ""500"": ""5578b14bc91a96dc6ecb28a2a931daa716cc151ad6d782aecf88f3cce406c62e""}",[],[],[],[],[],707.8145488239825,707.8145488239825,809.0254069250113,0.29601499999989755,
openpangu__gsm8k__qv__powerlaw_global_a06__s1107__n2500,openpangu,gsm8k,powerlaw_global_a06,1107,2500,qv,"[""downstream_2500step""]",1,"[""downstream_2500step""]",complete,complete,077a30e3d9e32875e700fa52dd9e87d6fe4496e096f580ccb7bc2f28c8bae227,0320f0a708df0e569c9aaf8dafce39fc4f97b0fb2675a02af38ab34745bf4919,6569e76bf27da84743934012d6d2df6eb2c28709,"[0, 100, 250, 500, 1000, 1500, 2500]","[""0320f0a708df0e569c9aaf8dafce39fc4f97b0fb2675a02af38ab34745bf4919""]","[0, 100, 250, 500, 1000, 1500, 2500]",[],"{""0"": ""04f239a4bbab8e85ad6df5172b7efb7caf323ef800e243a0497a8c5cb591ae3d"", ""100"": ""95b44c116edd93756d4be4a415793cac39d1291fe849083a07a09be2a72942a7"", ""1000"": ""66acdfc71ec51df11e61746507c8a60cadf7c74ca02d9bbbc4ef5f8fee803a29"", ""1500"": ""27b7ca39b8b9ace8078ccc918985f45cdbd16947fdc592e99c8fa37d0d86eedf"", ""250"": ""813bc22635020609f9ffd7ad520fbf66b48f1b2ec1f6e3eb49de785860e4a05c"", ""2500"": ""e0544a074a7fbbcfb237820a0a0a6ef270a146ade0bf4059da004d8a199595c5"", ""500"": ""47c54430c5a2f1f5bc70ee58120d5e402d517ed518c40da3459210914cbd6b93""}","[""openpangu__gsm8k__qv__powerlaw_global_a06__s1107__n2500__step_001500__gsm8k.json"", ""openpangu__gsm8k__qv__powerlaw_global_a06__s1107__n2500__step_002500__gsm8k.json""]","[{""bind_formal_samples"": true, ""checkpoint"": 1500, ""dataset_split_hash"": ""00fb108842db88dc8b6e9e7d5c63da7fea8688673448a0ca2b5206214e0f738b"", ""evaluation_config"": {""checkpoint"": 1500, ""dataset_split_hash"": ""00fb108842db88dc8b6e9e7d5c63da7fea8688673448a0ca2b5206214e0f738b"", ""protocol"": {""decoding"": ""greedy"", ""metric"": ""exact_match"", ""prompt"": ""fixed_8shot_cot"", ""sample_count"": 1319, ""sample_selection"": ""full_frozen_official_test_order""}, ""run_id"": ""openpangu__gsm8k__qv__powerlaw_global_a06__s1107__n2500"", ""sample_manifest"": {""ordered_sample_content_sha256"": ""7d7e49d1579b2b660b2dc3d0a7557261e875e79980da2fd0d45c0625c7566811"", ""ordered_sample_ids_sha256"": ""69d6744016699073a7ad0e561dab501fffe5a1197aa7dbe66907c4f14bfd22df"", ""sample_count"": 1319}, ""schema_version"": 1, ""task"": ""gsm8k""}, ""metrics"": [""exact_match""], ""protocol"": {""decoding"": ""greedy"", ""metric"": ""exact_match"", ""prompt"": ""fixed_8shot_cot"", ""sample_count"": 1319, ""sample_selection"": ""full_frozen_official_test_order""}, ""sample_set_hash"": ""47ddc577ceba4e4a971899fb851b5e55fae68187873121a4ec6edfb8771c4d29"", ""task"": ""gsm8k""}, {""bind_formal_samples"": true, ""checkpoint"": 2500, ""dataset_split_hash"": ""00fb108842db88dc8b6e9e7d5c63da7fea8688673448a0ca2b5206214e0f738b"", ""evaluation_config"": {""checkpoint"": 2500, ""dataset_split_hash"": ""00fb108842db88dc8b6e9e7d5c63da7fea8688673448a0ca2b5206214e0f738b"", ""protocol"": {""decoding"": ""greedy"", ""metric"": ""exact_match"", ""prompt"": ""fixed_8shot_cot"", ""sample_count"": 1319, ""sample_selection"": ""full_frozen_official_test_order""}, ""run_id"": ""openpangu__gsm8k__qv__powerlaw_global_a06__s1107__n2500"", ""sample_manifest"": {""ordered_sample_content_sha256"": ""7d7e49d1579b2b660b2dc3d0a7557261e875e79980da2fd0d45c0625c7566811"", ""ordered_sample_ids_sha256"": ""69d6744016699073a7ad0e561dab501fffe5a1197aa7dbe66907c4f14bfd22df"", ""sample_count"": 1319}, ""schema_version"": 1, ""task"": ""gsm8k""}, ""metrics"": [""exact_match""], ""protocol"": {""decoding"": ""greedy"", ""metric"": ""exact_match"", ""prompt"": ""fixed_8shot_cot"", ""sample_count"": 1319, ""sample_selection"": ""full_frozen_official_test_order""}, ""sample_set_hash"": ""47ddc577ceba4e4a971899fb851b5e55fae68187873121a4ec6edfb8771c4d29"", ""task"": ""gsm8k""}]","[""openpangu__gsm8k__qv__powerlaw_global_a06__s1107__n2500__step_001500__gsm8k.json"", ""openpangu__gsm8k__qv__powerlaw_global_a06__s1107__n2500__step_002500__gsm8k.json""]",[],[],695.0401321388781,695.0401321388781,4490.911542905992,1.468549003000021,
openpangu__gsm8k__qv__powerlaw_global_a06__s1107__n500,openpangu,gsm8k,powerlaw_global_a06,1107,500,qv,"[""core_500step""]",1,"[""core_500step""]",complete,complete,6a4850f9bf04634f8bc9a6c8f47601bd1c096a9ff3adb3456f0f1542f1034db9,8b523e26b820ec49206ce4dd3465da2535e6b99feefd6ad561f1d494765a6152,0a68af0edd229e51727f8cd21ce7f82b63c742ed,"[100, 250, 500]","[""8b523e26b820ec49206ce4dd3465da2535e6b99feefd6ad561f1d494765a6152""]","[100, 250, 500]",[],"{""100"": ""9d92df74f987317e53d0437aff5c61d5b7e7179e7ee6fd94cb9e605022dff167"", ""250"": ""fa337d337e3aa7e69cda0de4e62d9ae920255a273aee72226870c75550f065fb"", ""500"": ""0683e79e39f04a30bd15e61c90e0913aca23a945ec2d68fac8555f7377698168""}",[],[],[],[],[],694.2589408531785,694.2589408531785,808.1420375809903,0.5369549949991779,
openpangu__gsm8k__qv__powerlaw_global_a06__s123__n2500,openpangu,gsm8k,powerlaw_global_a06,123,2500,qv,"[""downstream_2500step""]",1,"[""downstream_2500step""]",complete,complete,ee92014287e446325d019aa162c3ba3039ddb958fdb191871aa4292405141430,13e4f1dfe42d204cc77c41935685e474f27fef8cef783b4598edadccb2f158a7,6569e76bf27da84743934012d6d2df6eb2c28709,"[0, 100, 250, 500, 1000, 1500, 2500]","[""13e4f1dfe42d204cc77c41935685e474f27fef8cef783b4598edadccb2f158a7""]","[0, 100, 250, 500, 1000, 1500, 2500]",[],"{""0"": ""2b67c089dfc730491a7d3ee6b8002fec5adb04fdc2fc94eb04b17ec0cc50ce6e"", ""100"": ""6281f4392028ccc6431f2907c707c834a34523a80676b4d4260deec01a9386cf"", ""1000"": ""d6098076444d83a695f47692e6d31e22adbce42b35af080708c0ef8f7411e150"", ""1500"": ""a2ead0c54e29ac817e4fa8a8663138abcb13b171e4bd3e8cfc6aa69a4139501a"", ""250"": ""0cb31829d940c713fdc653983a969eb907eb9fbf75e757c539c542baf39edd31"", ""2500"": ""f3183c16ed7f1178553377cbf0772909d7b4925fb5ba8f2e441749b2934d8ea9"", ""500"": ""ad9864ceb17a16c74746d461c6d9efd4b9e8521e96124c016728b157b8e681da""}","[""openpangu__gsm8k__qv__powerlaw_global_a06__s123__n2500__step_002500__gsm8k.json""]","[{""bind_formal_samples"": true, ""checkpoint"": 2500, ""dataset_split_hash"": ""00fb108842db88dc8b6e9e7d5c63da7fea8688673448a0ca2b5206214e0f738b"", ""evaluation_config"": {""checkpoint"": 2500, ""dataset_split_hash"": ""00fb108842db88dc8b6e9e7d5c63da7fea8688673448a0ca2b5206214e0f738b"", ""protocol"": {""decoding"": ""greedy"", ""metric"": ""exact_match"", ""prompt"": ""fixed_8shot_cot"", ""sample_count"": 1319, ""sample_selection"": ""full_frozen_official_test_order""}, ""run_id"": ""openpangu__gsm8k__qv__powerlaw_global_a06__s123__n2500"", ""sample_manifest"": {""ordered_sample_content_sha256"": ""7d7e49d1579b2b660b2dc3d0a7557261e875e79980da2fd0d45c0625c7566811"", ""ordered_sample_ids_sha256"": ""69d6744016699073a7ad0e561dab501fffe5a1197aa7dbe66907c4f14bfd22df"", ""sample_count"": 1319}, ""schema_version"": 1, ""task"": ""gsm8k""}, ""metrics"": [""exact_match""], ""protocol"": {""decoding"": ""greedy"", ""metric"": ""exact_match"", ""prompt"": ""fixed_8shot_cot"", ""sample_count"": 1319, ""sample_selection"": ""full_frozen_official_test_order""}, ""sample_set_hash"": ""47ddc577ceba4e4a971899fb851b5e55fae68187873121a4ec6edfb8771c4d29"", ""task"": ""gsm8k""}]","[""openpangu__gsm8k__qv__powerlaw_global_a06__s123__n2500__step_002500__gsm8k.json""]",[],[],686.9819249846041,686.9819249846041,4207.5517875720425,0.7137278049995075,
openpangu__gsm8k__qv__powerlaw_global_a06__s123__n500,openpangu,gsm8k,powerlaw_global_a06,123,500,qv,"[""core_500step""]",1,"[""core_500step""]",complete,complete,efd41ce4dc2fc66526578368084ded25cd89b395bec34a0f4ed7286e251713fc,b2d32fefbd713ad2353e982fce2b14caeb66dea99d6a8c9a53b3bc2e286621ef,0a68af0edd229e51727f8cd21ce7f82b63c742ed,"[100, 250, 500]","[""b2d32fefbd713ad2353e982fce2b14caeb66dea99d6a8c9a53b3bc2e286621ef""]","[100, 250, 500]",[],"{""100"": ""a0836147c43fafe399f01fa9248d7a452b7a9374b482c8ac817c412785373924"", ""250"": ""85d7d7d5481864b9537db6512460769935b073c0c4ddbebd114c28b3355a27e9"", ""500"": ""953aaf58fe6b001c530e83577bf20ddd18642a2d1823a281d02adca3275e0e79""}",[],[],[],[],[],695.3500596359372,695.3500596359372,810.4123376519965,0.5363503979988309,
openpangu__gsm8k__qv__powerlaw_global_a06__s42__n2500,openpangu,gsm8k,powerlaw_global_a06,42,2500,qv,"[""downstream_2500step""]",1,"[""downstream_2500step""]",complete,complete,35dc32f4d8abc380c28453c851c0909c85822a7e58722a230940b2b597d6ea10,fce339215240ee4337e4ae8477144ed7280f659cac7d598604704dd708a1074a,6569e76bf27da84743934012d6d2df6eb2c28709,"[0, 100, 250, 500, 1000, 1500, 2500]","[""fce339215240ee4337e4ae8477144ed7280f659cac7d598604704dd708a1074a""]","[0, 100, 250, 500, 1000, 1500, 2500]",[],"{""0"": ""c9a65c5e7a3834f99db01884555cc11f3388892bd746c036ed51fa3b5bc7c96f"", ""100"": ""1702dd64f895027125776fa80c00c596ab3e4f2b0947784a332120804e17aa68"", ""1000"": ""2ecdb076e9ac1dc17f8ce2237b1f3857064f16fe9edfc610c5c94c1d3bae983c"", ""1500"": ""501ecd8d47767f0945a66ac1c56d88c842d838820d98927e00f1e88a5637707a"", ""250"": ""a365279f86718235fc27a90a4ba22b6b445e5cf100ef660cb75b4dbb63616b6c"", ""2500"": ""38cd7dd0198faa219c22ba1b25b2a3c27a3aadb170c192e9d404eb122f68b37d"", ""500"": ""d828f41fd3df74f3bd16e7dcf614a411c03303c5ad933627c6b1537fef1ebb28""}","[""openpangu__gsm8k__qv__powerlaw_global_a06__s42__n2500__step_002500__gsm8k.json""]","[{""bind_formal_samples"": true, ""checkpoint"": 2500, ""dataset_split_hash"": ""00fb108842db88dc8b6e9e7d5c63da7fea8688673448a0ca2b5206214e0f738b"", ""evaluation_config"": {""checkpoint"": 2500, ""dataset_split_hash"": ""00fb108842db88dc8b6e9e7d5c63da7fea8688673448a0ca2b5206214e0f738b"", ""protocol"": {""decoding"": ""greedy"", ""metric"": ""exact_match"", ""prompt"": ""fixed_8shot_cot"", ""sample_count"": 1319, ""sample_selection"": ""full_frozen_official_test_order""}, ""run_id"": ""openpangu__gsm8k__qv__powerlaw_global_a06__s42__n2500"", ""sample_manifest"": {""ordered_sample_content_sha256"": ""7d7e49d1579b2b660b2dc3d0a7557261e875e79980da2fd0d45c0625c7566811"", ""ordered_sample_ids_sha256"": ""69d6744016699073a7ad0e561dab501fffe5a1197aa7dbe66907c4f14bfd22df"", ""sample_count"": 1319}, ""schema_version"": 1, ""task"": ""gsm8k""}, ""metrics"": [""exact_match""], ""protocol"": {""decoding"": ""greedy"", ""metric"": ""exact_match"", ""prompt"": ""fixed_8shot_cot"", ""sample_count"": 1319, ""sample_selection"": ""full_frozen_official_test_order""}, ""sample_set_hash"": ""47ddc577ceba4e4a971899fb851b5e55fae68187873121a4ec6edfb8771c4d29"", ""task"": ""gsm8k""}]","[""openpangu__gsm8k__qv__powerlaw_global_a06__s42__n2500__step_002500__gsm8k.json""]",[],[],677.3118998110294,677.3118998110294,4045.4045672420198,0.5440028909997636,
openpangu__gsm8k__qv__powerlaw_global_a06__s42__n500,openpangu,gsm8k,powerlaw_global_a06,42,500,qv,"[""core_500step""]",1,"[""core_500step""]",complete,complete,8ce97a27bb082c9e84a940ff250c11cf24895f20894fa5158a9ccb7fb9030f13,4ea241000abc456ee7b827aba5199dfb232e216e6756a48e9bc7e6a77c8f9c7d,0a68af0edd229e51727f8cd21ce7f82b63c742ed,"[100, 250, 500]","[""4ea241000abc456ee7b827aba5199dfb232e216e6756a48e9bc7e6a77c8f9c7d""]","[100, 250, 500]",[],"{""100"": ""1c737a990b6b9284e73da30c7196e44d8ab867dd7a11423dde8706ba554a9d60"", ""250"": ""a7ad8405222c138a9615ee360d202d666e085eb9d0e8c4e886eec6cca543c9ad"", ""500"": ""3850fd6cfa405256c278cd35aa689d7ea46d54b56a3ca76304bba11b881d6b73""}",[],[],[],[],[],692.5004273466766,692.5004273466766,809.840209457996,0.5445549099986238,
openpangu__gsm8k__qv__powerlaw_shuffle_a06__s1107__n500,openpangu,gsm8k,powerlaw_shuffle_a06,1107,500,qv,"[""core_500step""]",1,"[""core_500step""]",complete,complete,a840c456048c55441e690277989a1a2424badfee48b344c7704572e9a6caff94,5ab363bc6f09529556a5afd4faa85004bcf5f7a83b15a2e394b1e5315e45650a,0a68af0edd229e51727f8cd21ce7f82b63c742ed,"[100, 250, 500]","[""5ab363bc6f09529556a5afd4faa85004bcf5f7a83b15a2e394b1e5315e45650a""]","[100, 250, 500]",[],"{""100"": ""02781aea488c25c95ec5d1e90fc28e9599ec954adf5d324e109c202e85f6448e"", ""250"": ""9304eaf1e3657490a20e3b3b111e707bcf508a43b0533394a7d640587efb9e4b"", ""500"": ""e588618ab89d7a51b7f0377527f7bbba5a1423ebba44e1bf54ef5ba1eda90c8d""}",[],[],[],[],[],688.5153098925948,688.5153098925948,809.7910589199946,0.6393320000006497,
openpangu__gsm8k__qv__powerlaw_shuffle_a06__s123__n500,openpangu,gsm8k,powerlaw_shuffle_a06,123,500,qv,"[""core_500step""]",1,"[""core_500step""]",complete,complete,79d87fcaa430893a21e3488bb8b3df78250bcad97c6aebcc4e6492d50a5aedc9,5a4bd0339a23d0b8981ae802467d59b2281d05ca8cd7f8f8551c5c16049a5795,0a68af0edd229e51727f8cd21ce7f82b63c742ed,"[100, 250, 500]","[""5a4bd0339a23d0b8981ae802467d59b2281d05ca8cd7f8f8551c5c16049a5795""]","[100, 250, 500]",[],"{""100"": ""c22256c6623be85290fa99639cfcdbdacb0905c5424f36f45b7e3c5040b57290"", ""250"": ""f809473090474bc9b37b6187581fb8986645705e933e81127c165490a527eb27"", ""500"": ""33675301503126a6b58a9b5f85bd4432e778b299cbeae826bc42e2db55612aee""}",[],[],[],[],[],700.514369495213,700.514369495213,810.0168670669955,0.5946853000004921,
openpangu__gsm8k__qv__powerlaw_shuffle_a06__s42__n500,openpangu,gsm8k,powerlaw_shuffle_a06,42,500,qv,"[""core_500step""]",1,"[""core_500step""]",complete,complete,af3a426cfc40675244ab99b3c74002435a55cafedfaf50f847cde5e2cc6d6eca,be99639039ebdf8f0380169c69fb2543edf66b9bde2e70cf18584e0c5a8b34ed,0a68af0edd229e51727f8cd21ce7f82b63c742ed,"[100, 250, 500]","[""be99639039ebdf8f0380169c69fb2543edf66b9bde2e70cf18584e0c5a8b34ed""]","[100, 250, 500]",[],"{""100"": ""54711d6deb06711fff4737ad31a9f2986d3110d84f486a827e7791ae92f4aa4d"", ""250"": ""2c1a466c1f5c564cb72f5aa0c9b24b8b4ba33a3c3f26bc8d0f7d386e4a4f88f5"", ""500"": ""13f0d084b8a195b4de9fcf6a50b7601d517ddcd1b0c75b374d7bbc10b72b5079""}",[],[],[],[],[],690.7939393445849,690.7939393445849,810.3849121809908,0.7431465999998181,
openpangu__mbpp__qv__iid_matched__s1107__n2500,openpangu,mbpp,iid_matched,1107,2500,qv,"[""downstream_2500step""]",1,"[""downstream_2500step""]",complete,complete,181d71e4a4c79f74c8b9c2a9463cb78a7d882f7079f7921c9b1c17daa5e67e12,a18212bf0be7dbf8691abe310b1f3d2fc41ed54daf2ca65b7c0779047a8c394a,6569e76bf27da84743934012d6d2df6eb2c28709,"[0, 100, 250, 500, 1000, 1500, 2500]","[""a18212bf0be7dbf8691abe310b1f3d2fc41ed54daf2ca65b7c0779047a8c394a""]","[0, 100, 250, 500, 1000, 1500, 2500]",[],"{""0"": ""da7a1da8e12c771c1629d2e8c6c365160bc310c7444a1c1bf1d7fdad1383233d"", ""100"": ""4560b9e11fad76bcb89b8c2ba055eed9e6e892a3e7b923dc50f7866cee5c9fa3"", ""1000"": ""7744f5485a37843e5e8b7b19f304a9d802c0a71f05b7ab530993ad47d0671064"", ""1500"": ""ac90faef99e6cef95d3e0fac1387598e3609ea5c4680c39baddc84fd2f17f315"", ""250"": ""573e58ae2cf3b181e76f5ce3611053a6ecff4e6ff1a4c192cb6786ec1bd271b7"", ""2500"": ""3c17581c1f77d25dd0972f3b4c59bfb75eea9aaa84e0403ac0f174963730adb1"", ""500"": ""5d1adadc2e8fefadfb67927dc4a94300a3b4ab8f9e9182a3496af859a25aa933""}",[],[],[],[],[],691.2029408849776,691.2029408849776,4073.5308698480367,0.7671791699831374,
openpangu__mbpp__qv__iid_matched__s1107__n500,openpangu,mbpp,iid_matched,1107,500,qv,"[""core_500step""]",1,"[""core_500step""]",complete,complete,559050dc48581ef404b996f7214d508311ad0d7c29cc1596c06308a07baf5cba,77a00162ad505d79200be0736f37610b601babad519890229663ef579c99fba4,0a68af0edd229e51727f8cd21ce7f82b63c742ed,"[100, 250, 500]","[""77a00162ad505d79200be0736f37610b601babad519890229663ef579c99fba4""]","[100, 250, 500]",[],"{""100"": ""8cbbc9690a7070db8b45aa615ea1eaa3febd550cd1f2521fff3ad1fb1c233582"", ""250"": ""3cb53c8274caf496410a72374113a2d7c6b5f6d714494118c2f652ca96a10f16"", ""500"": ""6207887732c210efe9519ae8d0c6bf6533617dadd8f923c03054fb62563bca8d""}",[],[],[],[],[],710.9522930569947,710.9522930569947,806.933480716034,0.7152878990018507,
openpangu__mbpp__qv__iid_matched__s123__n2500,openpangu,mbpp,iid_matched,123,2500,qv,"[""downstream_2500step""]",1,"[""downstream_2500step""]",complete,complete,5e6f845bffadabff10386046be2e7b7428810b05628cc72761068d93ef563b6b,be66873bcc36cc48c74d2a40aed8d89caeefad011a6133c4446060a958ff4c9d,6569e76bf27da84743934012d6d2df6eb2c28709,"[0, 100, 250, 500, 1000, 1500, 2500]","[""be66873bcc36cc48c74d2a40aed8d89caeefad011a6133c4446060a958ff4c9d""]","[0, 100, 250, 500, 1000, 1500, 2500]",[],"{""0"": ""1b23131e3e4e5c00c88bff723b9cdb392ff3aaa5661f9ec9dffd5168186cd282"", ""100"": ""ba4856ee6c7154a244bbf56a4efaa612bc1abe728c7a4954d2e162e1c48b4e56"", ""1000"": ""4ce3ef0a0fed3d64c92e9086d6a8505326e3f5adf9619de86b355c3da030cb62"", ""1500"": ""77d9c9db2bf45fbe8bc7305f0caba1bb35ce02edd528dc771bde2e097fa329fa"", ""250"": ""9ab62d63cb0b7e15a6b3f11b80e04b0e113682a2bc4855f8badc32a3ee46bc45"", ""2500"": ""a12764cca2646f1b7e64ca682ec6f5d8a4c0df918db9c81738919b8686dc9975"", ""500"": ""db84c058dc7c60b00130c1f4b3e8879b2a44a2f2484e47cf6c890aabb3a7b4ad""}",[],[],[],[],[],683.152432333678,683.152432333678,4062.6498075860727,0.8910072050057352,
openpangu__mbpp__qv__iid_matched__s123__n500,openpangu,mbpp,iid_matched,123,500,qv,"[""core_500step""]",1,"[""core_500step""]",complete,complete,031f3aa4db28c211b79ff4a430625b95df107e3551d03fe70a11559136b98ae9,be8773d762f9b5a6e2f2043ffd15b2ba87e97c4ff53f85b82b1de1655573f768,0a68af0edd229e51727f8cd21ce7f82b63c742ed,"[100, 250, 500]","[""be8773d762f9b5a6e2f2043ffd15b2ba87e97c4ff53f85b82b1de1655573f768""]","[100, 250, 500]",[],"{""100"": ""3ceae8b9de253b7806dd94e14c808d2068f3c8c17d3fd62b121db170c16fc299"", ""250"": ""20f0df2bfd1c53c35a8a2e9d5fd3028b62cffe326f27481882076ecd9ef0eedc"", ""500"": ""3ce7925f7aca6ad1a045e4c69f9d1aa38a650797101ab0def140fadef0533eb5""}",[],[],[],[],[],708.4026573374867,708.4026573374867,807.7722681629675,0.8351916989995516,
openpangu__mbpp__qv__iid_matched__s42__n2500,openpangu,mbpp,iid_matched,42,2500,qv,"[""downstream_2500step""]",1,"[""downstream_2500step""]",complete,complete,da984dad475c64519b1ada1ddf2617e03d83e05e1536a717c46209fa1de9b5b9,301f75b84236fbb5bfad6e7ce7f658707f75fdb32baff02343d00c19fb0dfa57,6569e76bf27da84743934012d6d2df6eb2c28709,"[0, 100, 250, 500, 1000, 1500, 2500]","[""301f75b84236fbb5bfad6e7ce7f658707f75fdb32baff02343d00c19fb0dfa57""]","[0, 100, 250, 500, 1000, 1500, 2500]",[],"{""0"": ""8413e72070c8b86c8b4d9e077dfe0d6be61640beb37e6ed14e63303b88ee1396"", ""100"": ""d53a6164eccf21556b04dc053140bbf26e1c7f40a746c634e4f51453870a7ec7"", ""1000"": ""7c289ebe22801d488ebfda29272410dafc9911f05c7d7cc977a522b9c5b9d286"", ""1500"": ""3892fdd3e121d77c230e61c708116be6f9e6a2b1ebc8afd0d1d3efe606c58e27"", ""250"": ""4d74d85dd848e989b93828629ec53cf4451612a59ecddbe87c3ef70dde97fb02"", ""2500"": ""e5a548555f108b4dc5b74961372f6da04b36bb726582a9db0aed44ae807d0120"", ""500"": ""e65e6070053bcd0b335d9c6fabd5bddcac93a331e5626c84e2b65e5595d4a285""}",[],[],[],[],[],677.4914405588061,677.4914405588061,4091.225280185172,0.8132706009782851,
openpangu__mbpp__qv__iid_matched__s42__n500,openpangu,mbpp,iid_matched,42,500,qv,"[""core_500step""]",1,"[""core_500step""]",complete,complete,6ba3e0ffe6052bab630a876e65cc902601c4a5857ea897688f3b4f5984978fa1,9dd41b5232a11fa37f65981fb930ae9df5794744de6a423d56e75d0670bc07b9,0a68af0edd229e51727f8cd21ce7f82b63c742ed,"[100, 250, 500]","[""9dd41b5232a11fa37f65981fb930ae9df5794744de6a423d56e75d0670bc07b9""]","[100, 250, 500]",[],"{""100"": ""b26d88f1a67449015bc834cce43cc3453ba97db1fdb0d72f60cb7c6a918b7daa"", ""250"": ""34fedf577363f99c281894da4109666c160ab4994eb3fcefbc6265f7544baba8"", ""500"": ""70004808e3d4580d6d3af3cc12397868127139be4433c68f1553a2835ae2f5ac""}",[],[],[],[],[],689.7176444679499,689.7176444679499,806.5917642861459,0.6536321000021417,
openpangu__mbpp__qv__peft_default__s1107__n2500,openpangu,mbpp,peft_default,1107,2500,qv,"[""downstream_2500step""]",1,"[""downstream_2500step""]",complete,complete,c2a19dd50d2665e8d7850bcd105e23f76bb72a39560a7c7be8b7669b6b32808b,7bf90636acf39cca75de5d3806f4dc4172fb6b7dd81478ca39301d4f50d3ebd5,6569e76bf27da84743934012d6d2df6eb2c28709,"[0, 100, 250, 500, 1000, 1500, 2500]","[""7bf90636acf39cca75de5d3806f4dc4172fb6b7dd81478ca39301d4f50d3ebd5""]","[0, 100, 250, 500, 1000, 1500, 2500]",[],"{""0"": ""55b9a9931c3462f1be050a4733f3d0f1ab6c189d048e07e084900e43ec80eeca"", ""100"": ""13a43360b52e88bba5e3f2b83b7f6f29001fe1225bbc515abe862c4a7a3496c4"", ""1000"": ""14eece18b6487ff935907d2288d53fbc668eaa823b3350b34a2aa5df8cec6a99"", ""1500"": ""87452ef5189261f0898d3741de05743c951f87752ea4b49cbf096181df27fb69"", ""250"": ""975fd1b7da5d7ab22a397a68265e495f60c43cebbb6b1708891a6e0d3f822e33"", ""2500"": ""76c3afaf5394dea0d992cbacbe210dd42e0e832b0ef910a8fda095d9ecce7848"", ""500"": ""4c67c39ebc844265c843be086ca91b57b79981ced0d7db20249e1f03a01f3051""}","[""openpangu__mbpp__qv__peft_default__s1107__n2500__step_000100__mbpp.json"", ""openpangu__mbpp__qv__peft_default__s1107__n2500__step_000500__mbpp.json"", ""openpangu__mbpp__qv__peft_default__s1107__n2500__step_001500__mbpp.json"", ""openpangu__mbpp__qv__peft_default__s1107__n2500__step_002500__mbpp.json""]","[{""bind_formal_samples"": true, ""checkpoint"": 100, ""dataset_split_hash"": ""5019c2dd63891c97ca38a5af5e78710f255a31d5798182eea9191a3a87ea8f5d"", ""evaluation_config"": {""checkpoint"": 100, ""dataset_split_hash"": ""5019c2dd63891c97ca38a5af5e78710f255a31d5798182eea9191a3a87ea8f5d"", ""protocol"": {""decoding"": ""greedy"", ""metric"": ""pass_at_1"", ""prompt"": ""fixed_3shot"", ""sample_count"": 374, ""sample_selection"": ""full_frozen_official_test_order""}, ""run_id"": ""openpangu__mbpp__qv__peft_default__s1107__n2500"", ""sample_manifest"": {""ordered_sample_content_sha256"": ""b889c5ee07691d5df69f09661d758b021bba3d549b8a7b7958afd735356e1cf4"", ""ordered_sample_ids_sha256"": ""45ac1fc7dc2e696b84524fbf55145927c80308bfe24f85d82b14f6e0d4c64c32"", ""sample_count"": 374}, ""schema_version"": 1, ""task"": ""mbpp""}, ""metrics"": [""pass_at_1""], ""protocol"": {""decoding"": ""greedy"", ""metric"": ""pass_at_1"", ""prompt"": ""fixed_3shot"", ""sample_count"": 374, ""sample_selection"": ""full_frozen_official_test_order""}, ""sample_set_hash"": ""2b98b107b05cac5e8cabe04e664e780fe54033f61d3661c69ac7528745f3e308"", ""task"": ""mbpp""}, {""bind_formal_samples"": true, ""checkpoint"": 500, ""dataset_split_hash"": ""5019c2dd63891c97ca38a5af5e78710f255a31d5798182eea9191a3a87ea8f5d"", ""evaluation_config"": {""checkpoint"": 500, ""dataset_split_hash"": ""5019c2dd63891c97ca38a5af5e78710f255a31d5798182eea9191a3a87ea8f5d"", ""protocol"": {""decoding"": ""greedy"", ""metric"": ""pass_at_1"", ""prompt"": ""fixed_3shot"", ""sample_count"": 374, ""sample_selection"": ""full_frozen_official_test_order""}, ""run_id"": ""openpangu__mbpp__qv__peft_default__s1107__n2500"", ""sample_manifest"": {""ordered_sample_content_sha256"": ""b889c5ee07691d5df69f09661d758b021bba3d549b8a7b7958afd735356e1cf4"", ""ordered_sample_ids_sha256"": ""45ac1fc7dc2e696b84524fbf55145927c80308bfe24f85d82b14f6e0d4c64c32"", ""sample_count"": 374}, ""schema_version"": 1, ""task"": ""mbpp""}, ""metrics"": [""pass_at_1""], ""protocol"": {""decoding"": ""greedy"", ""metric"": ""pass_at_1"", ""prompt"": ""fixed_3shot"", ""sample_count"": 374, ""sample_selection"": ""full_frozen_official_test_order""}, ""sample_set_hash"": ""2b98b107b05cac5e8cabe04e664e780fe54033f61d3661c69ac7528745f3e308"", ""task"": ""mbpp""}, {""bind_formal_samples"": true, ""checkpoint"": 1500, ""dataset_split_hash"": ""5019c2dd63891c97ca38a5af5e78710f255a31d5798182eea9191a3a87ea8f5d"", ""evaluation_config"": {""checkpoint"": 1500, ""dataset_split_hash"": ""5019c2dd63891c97ca38a5af5e78710f255a31d5798182eea9191a3a87ea8f5d"", ""protocol"": {""decoding"": ""greedy"", ""metric"": ""pass_at_1"", ""prompt"": ""fixed_3shot"", ""sample_count"": 374, ""sample_selection"": ""full_frozen_official_test_order""}, ""run_id"": ""openpangu__mbpp__qv__peft_default__s1107__n2500"", ""sample_manifest"": {""ordered_sample_content_sha256"": ""b889c5ee07691d5df69f09661d758b021bba3d549b8a7b7958afd735356e1cf4"", ""ordered_sample_ids_sha256"": ""45ac1fc7dc2e696b84524fbf55145927c80308bfe24f85d82b14f6e0d4c64c32"", ""sample_count"": 374}, ""schema_version"": 1, ""task"": ""mbpp""}, ""metrics"": [""pass_at_1""], ""protocol"": {""decoding"": ""greedy"", ""metric"": ""pass_at_1"", ""prompt"": ""fixed_3shot"", ""sample_count"": 374, ""sample_selection"": ""full_frozen_official_test_order""}, ""sample_set_hash"": ""2b98b107b05cac5e8cabe04e664e780fe54033f61d3661c69ac7528745f3e308"", ""task"": ""mbpp""}, {""bind_formal_samples"": true, ""checkpoint"": 2500, ""dataset_split_hash"": ""5019c2dd63891c97ca38a5af5e78710f255a31d5798182eea9191a3a87ea8f5d"", ""evaluation_config"": {""checkpoint"": 2500, ""dataset_split_hash"": ""5019c2dd63891c97ca38a5af5e78710f255a31d5798182eea9191a3a87ea8f5d"", ""protocol"": {""decoding"": ""greedy"", ""metric"": ""pass_at_1"", ""prompt"": ""fixed_3shot"", ""sample_count"": 374, ""sample_selection"": ""full_frozen_official_test_order""}, ""run_id"": ""openpangu__mbpp__qv__peft_default__s1107__n2500"", ""sample_manifest"": {""ordered_sample_content_sha256"": ""b889c5ee07691d5df69f09661d758b021bba3d549b8a7b7958afd735356e1cf4"", ""ordered_sample_ids_sha256"": ""45ac1fc7dc2e696b84524fbf55145927c80308bfe24f85d82b14f6e0d4c64c32"", ""sample_count"": 374}, ""schema_version"": 1, ""task"": ""mbpp""}, ""metrics"": [""pass_at_1""], ""protocol"": {""decoding"": ""greedy"", ""metric"": ""pass_at_1"", ""prompt"": ""fixed_3shot"", ""sample_count"": 374, ""sample_selection"": ""full_frozen_official_test_order""}, ""sample_set_hash"": ""2b98b107b05cac5e8cabe04e664e780fe54033f61d3661c69ac7528745f3e308"", ""task"": ""mbpp""}]","[""openpangu__mbpp__qv__peft_default__s1107__n2500__step_000100__mbpp.json"", ""openpangu__mbpp__qv__peft_default__s1107__n2500__step_000500__mbpp.json"", ""openpangu__mbpp__qv__peft_default__s1107__n2500__step_001500__mbpp.json"", ""openpangu__mbpp__qv__peft_default__s1107__n2500__step_002500__mbpp.json""]",[],[],703.4026061967015,703.4026061967015,4158.361496099969,0.22418060000200057,
openpangu__mbpp__qv__peft_default__s1107__n500,openpangu,mbpp,peft_default,1107,500,qv,"[""core_500step""]",1,"[""core_500step""]",complete,complete,3fed568ccd55853cf580b1d229061986eb130054b3d71d7399aef31a056a5aaf,aa0630c7908ca7900918ff7b4a0126a5e62b430d1ae9e35b1e63ebabc0175908,0a68af0edd229e51727f8cd21ce7f82b63c742ed,"[100, 250, 500]","[""aa0630c7908ca7900918ff7b4a0126a5e62b430d1ae9e35b1e63ebabc0175908""]","[100, 250, 500]",[],"{""100"": ""0fbc935289b5b95e93a19f8f54837da445b26f04ecdb141a47ec24f442d15df5"", ""250"": ""5ccc81be8b9487c0c6196e6544a858046c217558cdbfd7c0491f44d9a1996975"", ""500"": ""92b2d0eafd271f61c3136d6916e4771d7993232f424f21c07dff28eca5d659f2""}",[],[],[],[],[],731.8284840583801,731.8284840583801,809.1045085489386,0.19657400000141934,
openpangu__mbpp__qv__peft_default__s123__n2500,openpangu,mbpp,peft_default,123,2500,qv,"[""downstream_2500step""]",1,"[""downstream_2500step""]",complete,complete,bb4e0d84f10b0a35ce06da97ad7da5f5088c9f558aa467d937cc4dba6073b96d,f54bf41c72d92a6f93bf661e63e5877cf43df7be94353a98977c04568e6164e9,6569e76bf27da84743934012d6d2df6eb2c28709,"[0, 100, 250, 500, 1000, 1500, 2500]","[""f54bf41c72d92a6f93bf661e63e5877cf43df7be94353a98977c04568e6164e9""]","[0, 100, 250, 500, 1000, 1500, 2500]",[],"{""0"": ""c005807e9187a0ffa7decd96836db24ced2ff0a76ea40c93d7118a4504b85bab"", ""100"": ""bc0ce5197222b1a9cc8933a43803c40c68120e7e04589062f750f144dc300d03"", ""1000"": ""5b74d68181a8be5aa5da0b18ffc6cce648372242d8567e1d50d90f9e90b88ea3"", ""1500"": ""6508c960a464bf960eba652f92dbfdf62d83e337801c4b119dde0c27436b9894"", ""250"": ""91703cc4de1b4b37a5ac5745020887f63fb524665fdfe65695f4208202c6e7ce"", ""2500"": ""8dcc9215e12709798816b002b3c1127f695fce380234408219b49e4e394ba91d"", ""500"": ""5183c3308679744e264ec1369122e37470d15fba85bdb96e1ebdf7b066c66afc""}","[""openpangu__mbpp__qv__peft_default__s123__n2500__step_002500__mbpp.json""]","[{""bind_formal_samples"": true, ""checkpoint"": 2500, ""dataset_split_hash"": ""5019c2dd63891c97ca38a5af5e78710f255a31d5798182eea9191a3a87ea8f5d"", ""evaluation_config"": {""checkpoint"": 2500, ""dataset_split_hash"": ""5019c2dd63891c97ca38a5af5e78710f255a31d5798182eea9191a3a87ea8f5d"", ""protocol"": {""decoding"": ""greedy"", ""metric"": ""pass_at_1"", ""prompt"": ""fixed_3shot"", ""sample_count"": 374, ""sample_selection"": ""full_frozen_official_test_order""}, ""run_id"": ""openpangu__mbpp__qv__peft_default__s123__n2500"", ""sample_manifest"": {""ordered_sample_content_sha256"": ""b889c5ee07691d5df69f09661d758b021bba3d549b8a7b7958afd735356e1cf4"", ""ordered_sample_ids_sha256"": ""45ac1fc7dc2e696b84524fbf55145927c80308bfe24f85d82b14f6e0d4c64c32"", ""sample_count"": 374}, ""schema_version"": 1, ""task"": ""mbpp""}, ""metrics"": [""pass_at_1""], ""protocol"": {""decoding"": ""greedy"", ""metric"": ""pass_at_1"", ""prompt"": ""fixed_3shot"", ""sample_count"": 374, ""sample_selection"": ""full_frozen_official_test_order""}, ""sample_set_hash"": ""2b98b107b05cac5e8cabe04e664e780fe54033f61d3661c69ac7528745f3e308"", ""task"": ""mbpp""}]","[""openpangu__mbpp__qv__peft_default__s123__n2500__step_002500__mbpp.json""]",[],[],697.9934715162963,697.9934715162963,4138.194729464594,0.36756130000867415,
openpangu__mbpp__qv__peft_default__s123__n500,openpangu,mbpp,peft_default,123,500,qv,"[""core_500step""]",1,"[""core_500step""]",complete,complete,020874281bdb659b6d09399e002cfa0c618bd9cded2bd609368e3902e8c80e93,f0e06500bcc8f9d2323ead6291b4bade5310fc6fbaf1fd21ca2e79fe3b3cb30a,0a68af0edd229e51727f8cd21ce7f82b63c742ed,"[100, 250, 500]","[""f0e06500bcc8f9d2323ead6291b4bade5310fc6fbaf1fd21ca2e79fe3b3cb30a""]","[100, 250, 500]",[],"{""100"": ""052ad7574b513431ed83d5f2c02bea545d37683f2c48ed46a99b35fcc268eb97"", ""250"": ""f3f2491bffc1a6a502699d77d9f3d8cd150f6ed8f0472e1026025611c3215713"", ""500"": ""c37629832f7eefc4d7a9749d82012059f51a0fb81c83c3cbc1b346f74a592b06""}",[],[],[],[],[],735.0182444583625,735.0182444583625,809.3853365680116,0.3273131000023568,
openpangu__mbpp__qv__peft_default__s42__n2500,openpangu,mbpp,peft_default,42,2500,qv,"[""downstream_2500step""]",1,"[""downstream_2500step""]",complete,complete,d491c5ff7bc11aa74cdeac09d1519f1b358cba6e12c83b04d408cc0c5c73d843,7e2dc5898868ea154ebb150b1a44c5a237a83f217a7069f56134bb8cc354b7b2,6569e76bf27da84743934012d6d2df6eb2c28709,"[0, 100, 250, 500, 1000, 1500, 2500]","[""7e2dc5898868ea154ebb150b1a44c5a237a83f217a7069f56134bb8cc354b7b2""]","[0, 100, 250, 500, 1000, 1500, 2500]",[],"{""0"": ""382d2032feb6ba1d43d71ea5219e2f20ff7e2c2cc98932674c3bd4e8202e44b9"", ""100"": ""a166673f55a077ab8e2fc9eec9f70817e4f404d0f4f406cb24f041bb73149f4a"", ""1000"": ""f6354f95d282a4fc1e5b6874a7689e4697ec62013c2e37b8982569e3758b55e6"", ""1500"": ""478a0fb0e8db2d7babc07300558a99df425ea26e9c1fa063a46f8921de444675"", ""250"": ""be436b34d1dbfa0f9fee84bcf1f0136f273397e95b05276edeadeba9484be71d"", ""2500"": ""1abc43edcd232b9daa3489933c7b7e38192fb9b7802dfcebda3589658b50ac47"", ""500"": ""471a0ce3ed307196c370caad44ddcd53e1d17f998bae02181f675378101217a7""}","[""openpangu__mbpp__qv__peft_default__s42__n2500__step_002500__mbpp.json""]","[{""bind_formal_samples"": true, ""checkpoint"": 2500, ""dataset_split_hash"": ""5019c2dd63891c97ca38a5af5e78710f255a31d5798182eea9191a3a87ea8f5d"", ""evaluation_config"": {""checkpoint"": 2500, ""dataset_split_hash"": ""5019c2dd63891c97ca38a5af5e78710f255a31d5798182eea9191a3a87ea8f5d"", ""protocol"": {""decoding"": ""greedy"", ""metric"": ""pass_at_1"", ""prompt"": ""fixed_3shot"", ""sample_count"": 374, ""sample_selection"": ""full_frozen_official_test_order""}, ""run_id"": ""openpangu__mbpp__qv__peft_default__s42__n2500"", ""sample_manifest"": {""ordered_sample_content_sha256"": ""b889c5ee07691d5df69f09661d758b021bba3d549b8a7b7958afd735356e1cf4"", ""ordered_sample_ids_sha256"": ""45ac1fc7dc2e696b84524fbf55145927c80308bfe24f85d82b14f6e0d4c64c32"", ""sample_count"": 374}, ""schema_version"": 1, ""task"": ""mbpp""}, ""metrics"": [""pass_at_1""], ""protocol"": {""decoding"": ""greedy"", ""metric"": ""pass_at_1"", ""prompt"": ""fixed_3shot"", ""sample_count"": 374, ""sample_selection"": ""full_frozen_official_test_order""}, ""sample_set_hash"": ""2b98b107b05cac5e8cabe04e664e780fe54033f61d3661c69ac7528745f3e308"", ""task"": ""mbpp""}]","[""openpangu__mbpp__qv__peft_default__s42__n2500__step_002500__mbpp.json""]",[],[],709.3533774036914,709.3533774036914,4222.252981605678,0.347948187001748,
openpangu__mbpp__qv__peft_default__s42__n500,openpangu,mbpp,peft_default,42,500,qv,"[""core_500step""]",1,"[""core_500step""]",complete,complete,4534d4607d41936f5367481fa4cc55815fb5cae1d455e586e27ec1a642c39fa5,1dd60f4df48a76221684ea7c84ac7dcc1ab751b3a5085a8d4ca814b583d5399a,0a68af0edd229e51727f8cd21ce7f82b63c742ed,"[100, 250, 500]","[""1dd60f4df48a76221684ea7c84ac7dcc1ab751b3a5085a8d4ca814b583d5399a""]","[100, 250, 500]",[],"{""100"": ""d34b91505669ddea05c8550cc230cb7e9296e1763df6d3c31d13646ad0d4abac"", ""250"": ""8c682264a62bff49f84c8a6873e8895ac07e7db29a0d622252a939f74b843904"", ""500"": ""7038a41859a59bd8d940018342db63ac53c619717addf991e817458c2c44d4ad""}",[],[],[],[],[],733.6278385743499,733.6278385743499,807.3197459388757,0.2338442979962565,
openpangu__mbpp__qv__powerlaw_global_a06__s1107__n2500,openpangu,mbpp,powerlaw_global_a06,1107,2500,qv,"[""downstream_2500step""]",1,"[""downstream_2500step""]",complete,complete,44f8414c99ceff8d11ddd033d7f26467966c67f7cc8c8b3e7602e67d0347c092,318025e0e81b49c55de67136c64c90c005bff866d86aaa2bcb41e92e90743983,6569e76bf27da84743934012d6d2df6eb2c28709,"[0, 100, 250, 500, 1000, 1500, 2500]","[""318025e0e81b49c55de67136c64c90c005bff866d86aaa2bcb41e92e90743983""]","[0, 100, 250, 500, 1000, 1500, 2500]",[],"{""0"": ""097c1a96dabbaae9cdceafdd03333ee9a5f14a564db3267e0e2748101889c667"", ""100"": ""1241fc7bebd38bc15978924a6559fb869c92ab2ca220d4209d1d6e94a09cdfa5"", ""1000"": ""ab1c57236206f991d1126878af58a0409834f06bb64c17b16aabb00cbd6fc338"", ""1500"": ""e14bb991f7597db5baa5ab8e4024014cf6e1aa70c01640f87854518cdfa7339b"", ""250"": ""fc93a6ab63b42d4ec0b2e1ae64b0eb7caac95de4ef511e1dd33fc0c404ff2bac"", ""2500"": ""c2a6c8261c21fa955321296225753ba4ffab2d9dc6b9277a28b2b7b62943f454"", ""500"": ""86d6db5824401556392d4fd751712364ad9b156c53650fb9e1110ad27b1db546""}","[""openpangu__mbpp__qv__powerlaw_global_a06__s1107__n2500__step_000100__mbpp.json"", ""openpangu__mbpp__qv__powerlaw_global_a06__s1107__n2500__step_000500__mbpp.json"", ""openpangu__mbpp__qv__powerlaw_global_a06__s1107__n2500__step_001500__mbpp.json"", ""openpangu__mbpp__qv__powerlaw_global_a06__s1107__n2500__step_002500__mbpp.json""]","[{""bind_formal_samples"": true, ""checkpoint"": 100, ""dataset_split_hash"": ""5019c2dd63891c97ca38a5af5e78710f255a31d5798182eea9191a3a87ea8f5d"", ""evaluation_config"": {""checkpoint"": 100, ""dataset_split_hash"": ""5019c2dd63891c97ca38a5af5e78710f255a31d5798182eea9191a3a87ea8f5d"", ""protocol"": {""decoding"": ""greedy"", ""metric"": ""pass_at_1"", ""prompt"": ""fixed_3shot"", ""sample_count"": 374, ""sample_selection"": ""full_frozen_official_test_order""}, ""run_id"": ""openpangu__mbpp__qv__powerlaw_global_a06__s1107__n2500"", ""sample_manifest"": {""ordered_sample_content_sha256"": ""b889c5ee07691d5df69f09661d758b021bba3d549b8a7b7958afd735356e1cf4"", ""ordered_sample_ids_sha256"": ""45ac1fc7dc2e696b84524fbf55145927c80308bfe24f85d82b14f6e0d4c64c32"", ""sample_count"": 374}, ""schema_version"": 1, ""task"": ""mbpp""}, ""metrics"": [""pass_at_1""], ""protocol"": {""decoding"": ""greedy"", ""metric"": ""pass_at_1"", ""prompt"": ""fixed_3shot"", ""sample_count"": 374, ""sample_selection"": ""full_frozen_official_test_order""}, ""sample_set_hash"": ""2b98b107b05cac5e8cabe04e664e780fe54033f61d3661c69ac7528745f3e308"", ""task"": ""mbpp""}, {""bind_formal_samples"": true, ""checkpoint"": 500, ""dataset_split_hash"": ""5019c2dd63891c97ca38a5af5e78710f255a31d5798182eea9191a3a87ea8f5d"", ""evaluation_config"": {""checkpoint"": 500, ""dataset_split_hash"": ""5019c2dd63891c97ca38a5af5e78710f255a31d5798182eea9191a3a87ea8f5d"", ""protocol"": {""decoding"": ""greedy"", ""metric"": ""pass_at_1"", ""prompt"": ""fixed_3shot"", ""sample_count"": 374, ""sample_selection"": ""full_frozen_official_test_order""}, ""run_id"": ""openpangu__mbpp__qv__powerlaw_global_a06__s1107__n2500"", ""sample_manifest"": {""ordered_sample_content_sha256"": ""b889c5ee07691d5df69f09661d758b021bba3d549b8a7b7958afd735356e1cf4"", ""ordered_sample_ids_sha256"": ""45ac1fc7dc2e696b84524fbf55145927c80308bfe24f85d82b14f6e0d4c64c32"", ""sample_count"": 374}, ""schema_version"": 1, ""task"": ""mbpp""}, ""metrics"": [""pass_at_1""], ""protocol"": {""decoding"": ""greedy"", ""metric"": ""pass_at_1"", ""prompt"": ""fixed_3shot"", ""sample_count"": 374, ""sample_selection"": ""full_frozen_official_test_order""}, ""sample_set_hash"": ""2b98b107b05cac5e8cabe04e664e780fe54033f61d3661c69ac7528745f3e308"", ""task"": ""mbpp""}, {""bind_formal_samples"": true, ""checkpoint"": 1500, ""dataset_split_hash"": ""5019c2dd63891c97ca38a5af5e78710f255a31d5798182eea9191a3a87ea8f5d"", ""evaluation_config"": {""checkpoint"": 1500, ""dataset_split_hash"": ""5019c2dd63891c97ca38a5af5e78710f255a31d5798182eea9191a3a87ea8f5d"", ""protocol"": {""decoding"": ""greedy"", ""metric"": ""pass_at_1"", ""prompt"": ""fixed_3shot"", ""sample_count"": 374, ""sample_selection"": ""full_frozen_official_test_order""}, ""run_id"": ""openpangu__mbpp__qv__powerlaw_global_a06__s1107__n2500"", ""sample_manifest"": {""ordered_sample_content_sha256"": ""b889c5ee07691d5df69f09661d758b021bba3d549b8a7b7958afd735356e1cf4"", ""ordered_sample_ids_sha256"": ""45ac1fc7dc2e696b84524fbf55145927c80308bfe24f85d82b14f6e0d4c64c32"", ""sample_count"": 374}, ""schema_version"": 1, ""task"": ""mbpp""}, ""metrics"": [""pass_at_1""], ""protocol"": {""decoding"": ""greedy"", ""metric"": ""pass_at_1"", ""prompt"": ""fixed_3shot"", ""sample_count"": 374, ""sample_selection"": ""full_frozen_official_test_order""}, ""sample_set_hash"": ""2b98b107b05cac5e8cabe04e664e780fe54033f61d3661c69ac7528745f3e308"", ""task"": ""mbpp""}, {""bind_formal_samples"": true, ""checkpoint"": 2500, ""dataset_split_hash"": ""5019c2dd63891c97ca38a5af5e78710f255a31d5798182eea9191a3a87ea8f5d"", ""evaluation_config"": {""checkpoint"": 2500, ""dataset_split_hash"": ""5019c2dd63891c97ca38a5af5e78710f255a31d5798182eea9191a3a87ea8f5d"", ""protocol"": {""decoding"": ""greedy"", ""metric"": ""pass_at_1"", ""prompt"": ""fixed_3shot"", ""sample_count"": 374, ""sample_selection"": ""full_frozen_official_test_order""}, ""run_id"": ""openpangu__mbpp__qv__powerlaw_global_a06__s1107__n2500"", ""sample_manifest"": {""ordered_sample_content_sha256"": ""b889c5ee07691d5df69f09661d758b021bba3d549b8a7b7958afd735356e1cf4"", ""ordered_sample_ids_sha256"": ""45ac1fc7dc2e696b84524fbf55145927c80308bfe24f85d82b14f6e0d4c64c32"", ""sample_count"": 374}, ""schema_version"": 1, ""task"": ""mbpp""}, ""metrics"": [""pass_at_1""], ""protocol"": {""decoding"": ""greedy"", ""metric"": ""pass_at_1"", ""prompt"": ""fixed_3shot"", ""sample_count"": 374, ""sample_selection"": ""full_frozen_official_test_order""}, ""sample_set_hash"": ""2b98b107b05cac5e8cabe04e664e780fe54033f61d3661c69ac7528745f3e308"", ""task"": ""mbpp""}]","[""openpangu__mbpp__qv__powerlaw_global_a06__s1107__n2500__step_000100__mbpp.json"", ""openpangu__mbpp__qv__powerlaw_global_a06__s1107__n2500__step_000500__mbpp.json"", ""openpangu__mbpp__qv__powerlaw_global_a06__s1107__n2500__step_001500__mbpp.json"", ""openpangu__mbpp__qv__powerlaw_global_a06__s1107__n2500__step_002500__mbpp.json""]",[],[],686.9177938122302,686.9177938122302,4154.962491326165,0.5986322920070961,
openpangu__mbpp__qv__powerlaw_global_a06__s1107__n500,openpangu,mbpp,powerlaw_global_a06,1107,500,qv,"[""core_500step""]",1,"[""core_500step""]",complete,complete,87c3e3fd00cc3a151e37fdfcdde77fe03c0da542ae86d687e2a6168538c0a8b9,fa7123a3547ef76513aff33225d17ab0206f71aa083e3c62ef04ada57022ee01,0a68af0edd229e51727f8cd21ce7f82b63c742ed,"[100, 250, 500]","[""fa7123a3547ef76513aff33225d17ab0206f71aa083e3c62ef04ada57022ee01""]","[100, 250, 500]",[],"{""100"": ""dc839d9197b0369b39991cf5a966f7a388ab65caddc4e8a79864a16f3f189aef"", ""250"": ""8da14c0d27bdb7898b29a242f9a3a228c26e22b4fbad8c55dd0a28fc59632ea3"", ""500"": ""191d241d31e272cad5876eff85405141bbcdb7857e286559d692eff1e11b4958""}",[],[],[],[],[],723.1452038921416,723.1452038921416,808.230874092158,0.6505793969990918,
openpangu__mbpp__qv__powerlaw_global_a06__s123__n2500,openpangu,mbpp,powerlaw_global_a06,123,2500,qv,"[""downstream_2500step""]",1,"[""downstream_2500step""]",complete,complete,ec6b65868ef9897a9173d2ca0f99e42c0962bfe52525e6c97dfb54fe87deda1d,0e881329bedc9cf6704a2db28381be41c8e98e649b538524deb2ab9651b42111,6569e76bf27da84743934012d6d2df6eb2c28709,"[0, 100, 250, 500, 1000, 1500, 2500]","[""0e881329bedc9cf6704a2db28381be41c8e98e649b538524deb2ab9651b42111""]","[0, 100, 250, 500, 1000, 1500, 2500]",[],"{""0"": ""427a5fc15107c5dc39755498699ed996ba336ec7f0b6c783275fa2da6cc1a386"", ""100"": ""23a1311d0debd01d296b3c24b5d91c13cc34c232471a3e00a8469be413f3e690"", ""1000"": ""7d9a83bb320abf4a1244bb4e6d2968fd9b4afc900c56a81e0b46876de3101d62"", ""1500"": ""5bf0307f3fb97166e69691addde8c455684f1405aaa725a98f02187a14268a9c"", ""250"": ""1592d90cda3268a4aacf6e890f33aa0e256aa0c6e15633d6fd2774682247ccc7"", ""2500"": ""15db38c18392545949ef66fa0620a2ba2d56d1a67376b7fe8dffb86b13a91482"", ""500"": ""ce5c39988e80e1e73d880f0896b4ad3424ffa182b59fb3e7e1b90ee9b7cc7e46""}","[""openpangu__mbpp__qv__powerlaw_global_a06__s123__n2500__step_002500__mbpp.json""]","[{""bind_formal_samples"": true, ""checkpoint"": 2500, ""dataset_split_hash"": ""5019c2dd63891c97ca38a5af5e78710f255a31d5798182eea9191a3a87ea8f5d"", ""evaluation_config"": {""checkpoint"": 2500, ""dataset_split_hash"": ""5019c2dd63891c97ca38a5af5e78710f255a31d5798182eea9191a3a87ea8f5d"", ""protocol"": {""decoding"": ""greedy"", ""metric"": ""pass_at_1"", ""prompt"": ""fixed_3shot"", ""sample_count"": 374, ""sample_selection"": ""full_frozen_official_test_order""}, ""run_id"": ""openpangu__mbpp__qv__powerlaw_global_a06__s123__n2500"", ""sample_manifest"": {""ordered_sample_content_sha256"": ""b889c5ee07691d5df69f09661d758b021bba3d549b8a7b7958afd735356e1cf4"", ""ordered_sample_ids_sha256"": ""45ac1fc7dc2e696b84524fbf55145927c80308bfe24f85d82b14f6e0d4c64c32"", ""sample_count"": 374}, ""schema_version"": 1, ""task"": ""mbpp""}, ""metrics"": [""pass_at_1""], ""protocol"": {""decoding"": ""greedy"", ""metric"": ""pass_at_1"", ""prompt"": ""fixed_3shot"", ""sample_count"": 374, ""sample_selection"": ""full_frozen_official_test_order""}, ""sample_set_hash"": ""2b98b107b05cac5e8cabe04e664e780fe54033f61d3661c69ac7528745f3e308"", ""task"": ""mbpp""}]","[""openpangu__mbpp__qv__powerlaw_global_a06__s123__n2500__step_002500__mbpp.json""]",[],[],681.9174031317234,681.9174031317234,4174.074559232147,0.5768702040077187,
openpangu__mbpp__qv__powerlaw_global_a06__s123__n500,openpangu,mbpp,powerlaw_global_a06,123,500,qv,"[""core_500step""]",1,"[""core_500step""]",complete,complete,d69522d90cc60312f0e1c12c4a8714b8c2a0740077441b2f71b9c27c2826d47f,6b37b1e18ed90493ae11b2487186d9b3a40a2a6be0f997202f123e1331c784a2,0a68af0edd229e51727f8cd21ce7f82b63c742ed,"[100, 250, 500]","[""6b37b1e18ed90493ae11b2487186d9b3a40a2a6be0f997202f123e1331c784a2""]","[100, 250, 500]",[],"{""100"": ""cb7e3b6e0252f1c63ef81261f2462165d9db126724e011e2c3be5d3c1f549e13"", ""250"": ""f024c332ded615f06845497887e6e3681be4433e9effa5b27c873ea5bf9ded8a"", ""500"": ""dc449e8dc2a10b858df8af68ded781ddc866a241c10ca3cbaf470691a15d268e""}",[],[],[],[],[],700.3282101769,700.3282101769,806.2644437440176,0.5511827959999209,
openpangu__mbpp__qv__powerlaw_global_a06__s42__n2500,openpangu,mbpp,powerlaw_global_a06,42,2500,qv,"[""downstream_2500step""]",1,"[""downstream_2500step""]",complete,complete,6e637cd99a716ffb19ff4b0306381832f78a3bf4776e556ef3b9d1ee180cae62,00035bd37e2073ebcc54f7a01c46925e43096e38da33eb8f27c4b72a0decfde9,6569e76bf27da84743934012d6d2df6eb2c28709,"[0, 100, 250, 500, 1000, 1500, 2500]","[""00035bd37e2073ebcc54f7a01c46925e43096e38da33eb8f27c4b72a0decfde9""]","[0, 100, 250, 500, 1000, 1500, 2500]",[],"{""0"": ""116e3ed69ed8844ede901a7511be61a68a28fcc8e9ba337c290d29c38b934bd4"", ""100"": ""f1b7fae79f6f00859673696e09ea75fef51d6745e77e4d66de0a4ea514bf5bbe"", ""1000"": ""f4b426fc7b7b3670fdb2ff84d16a2fd0c1cfd091e02385e7b9f2b08403cae359"", ""1500"": ""c77bb8d4865f8ed81068d4e40e4ea810991fe906f08ba674d39cffb123f20be1"", ""250"": ""d8422f91e3665f6d390cf5a32722741d7bea15b2d424702c3ddb3ee3fc5850db"", ""2500"": ""d537b270afef2ce7fa1c27a461e2d4297e57ab91e9debf0c163e74b25f4fdf00"", ""500"": ""c5a17be3a4079bb0fc520840a213349ae35a342eee36d65fa3bf5e36bb45ef2a""}","[""openpangu__mbpp__qv__powerlaw_global_a06__s42__n2500__step_002500__mbpp.json""]","[{""bind_formal_samples"": true, ""checkpoint"": 2500, ""dataset_split_hash"": ""5019c2dd63891c97ca38a5af5e78710f255a31d5798182eea9191a3a87ea8f5d"", ""evaluation_config"": {""checkpoint"": 2500, ""dataset_split_hash"": ""5019c2dd63891c97ca38a5af5e78710f255a31d5798182eea9191a3a87ea8f5d"", ""protocol"": {""decoding"": ""greedy"", ""metric"": ""pass_at_1"", ""prompt"": ""fixed_3shot"", ""sample_count"": 374, ""sample_selection"": ""full_frozen_official_test_order""}, ""run_id"": ""openpangu__mbpp__qv__powerlaw_global_a06__s42__n2500"", ""sample_manifest"": {""ordered_sample_content_sha256"": ""b889c5ee07691d5df69f09661d758b021bba3d549b8a7b7958afd735356e1cf4"", ""ordered_sample_ids_sha256"": ""45ac1fc7dc2e696b84524fbf55145927c80308bfe24f85d82b14f6e0d4c64c32"", ""sample_count"": 374}, ""schema_version"": 1, ""task"": ""mbpp""}, ""metrics"": [""pass_at_1""], ""protocol"": {""decoding"": ""greedy"", ""metric"": ""pass_at_1"", ""prompt"": ""fixed_3shot"", ""sample_count"": 374, ""sample_selection"": ""full_frozen_official_test_order""}, ""sample_set_hash"": ""2b98b107b05cac5e8cabe04e664e780fe54033f61d3661c69ac7528745f3e308"", ""task"": ""mbpp""}]","[""openpangu__mbpp__qv__powerlaw_global_a06__s42__n2500__step_002500__mbpp.json""]",[],[],691.5956868045032,691.5956868045032,4098.298371709723,0.545118996000383,
openpangu__mbpp__qv__powerlaw_global_a06__s42__n500,openpangu,mbpp,powerlaw_global_a06,42,500,qv,"[""core_500step""]",1,"[""core_500step""]",complete,complete,8fc9e3b09696be40cbc1edd175de6df79d6961d7266efb4dc70de7b97f0c9c2a,8c7216b61717f12159ffc3852a0c286791372cc4baca450b6f6efd03404315d2,0a68af0edd229e51727f8cd21ce7f82b63c742ed,"[100, 250, 500]","[""8c7216b61717f12159ffc3852a0c286791372cc4baca450b6f6efd03404315d2""]","[100, 250, 500]",[],"{""100"": ""75eb7f15ce6863f806256ba0ed22e033fac46faa4c726642ab3eb5af71394f10"", ""250"": ""3b63afbd9e974f2cb9cbaf574aec2b1b604bac2428473726f7ee8297462a8bc5"", ""500"": ""83f586361c125255db52edbfd5b409c3974ad6811894b5e232c321274fe308c7""}",[],[],[],[],[],705.9415507540107,705.9415507540107,808.1727467102173,0.5402456990050268,
openpangu__mbpp__qv__powerlaw_shuffle_a06__s1107__n500,openpangu,mbpp,powerlaw_shuffle_a06,1107,500,qv,"[""core_500step""]",1,"[""core_500step""]",complete,complete,8e56a2343ffd46a2f4dfa0a1db3a3c29e3b4b9b1217ef87a606d38914d12a99b,6bbe9afe6b534ffa6397c0105a389ff9969b51b339416b9f30ab6ed0742a9be5,0a68af0edd229e51727f8cd21ce7f82b63c742ed,"[100, 250, 500]","[""6bbe9afe6b534ffa6397c0105a389ff9969b51b339416b9f30ab6ed0742a9be5""]","[100, 250, 500]",[],"{""100"": ""1a34036d56d12b59b9b8647344baf8bbbe097b6e7701d807747dd333b702d3f4"", ""250"": ""db1c987e6e3887bb329235b118d1286e9e950438a59754f399ef9ddf8a63eb6b"", ""500"": ""063803e029c832258117b888209a8ca7801686939b1bb80dab1c3dd887cb3ed3""}",[],[],[],[],[],706.2955091968179,706.2955091968179,807.5630848660585,0.7715442980043008,
openpangu__mbpp__qv__powerlaw_shuffle_a06__s123__n500,openpangu,mbpp,powerlaw_shuffle_a06,123,500,qv,"[""core_500step""]",1,"[""core_500step""]",complete,complete,33834e0388d787b8d836eda8ab0e57c6324d302a30ec2ce7dffba184957a7b20,ef310594246150857cbdd2b4d9f8ed1af3006f449f8abf4fb61824f28da18ae5,0a68af0edd229e51727f8cd21ce7f82b63c742ed,"[100, 250, 500]","[""ef310594246150857cbdd2b4d9f8ed1af3006f449f8abf4fb61824f28da18ae5""]","[100, 250, 500]",[],"{""100"": ""2f95c8b799b24ac22184e4552b9e82b0e9a72ec7a6d1b7d676082fbb9b87319d"", ""250"": ""15900b1571c0d2805ae77f7a07a3cace2df5af3d4ff76195494164e72eb19412"", ""500"": ""3ae36a5d18320bf1423f2e3d18ce43ab19047ac64e1a65247ea5e1c1597f8ca3""}",[],[],[],[],[],707.6269945185632,707.6269945185632,809.2044656200524,0.6258609930009698,
openpangu__mbpp__qv__powerlaw_shuffle_a06__s42__n500,openpangu,mbpp,powerlaw_shuffle_a06,42,500,qv,"[""core_500step""]",1,"[""core_500step""]",complete,complete,a3769be2011ef74ef5451c58c0165ffba1fb48db60ff51d2e6eba68f837cf4fd,cb61d093fd659fa895062902df462733caacb3445ffa0838b62fd3207d5247d2,0a68af0edd229e51727f8cd21ce7f82b63c742ed,"[100, 250, 500]","[""cb61d093fd659fa895062902df462733caacb3445ffa0838b62fd3207d5247d2""]","[100, 250, 500]",[],"{""100"": ""d2fa24f6bf757444a730c6aad1816a0347f1fb82c5e920a5d6c21780c06849ba"", ""250"": ""b435748dce496e093d490f077d0bfa3c34617962aaaf2e9fff776b295a453aae"", ""500"": ""4c8968f85f48e3071b40074b23ce681a8b57d736c480db8efc4ee7f123f3e16a""}",[],[],[],[],[],706.3034989386797,706.3034989386797,808.8576212161206,0.6198084999996354,
openpangu__sharegpt__qv__iid_matched__s1107__n2500,openpangu,sharegpt,iid_matched,1107,2500,qv,"[""downstream_2500step""]",1,"[""downstream_2500step""]",complete,complete,4354692c99a463ece65281c316f62d02a55249db97376113dee8d43816e8ac2b,b13318402f432b77e98958875369e7588849a3cc52242e60e0b0cf773b2ebae9,6569e76bf27da84743934012d6d2df6eb2c28709,"[0, 100, 250, 500, 1000, 1500, 2500]","[""b13318402f432b77e98958875369e7588849a3cc52242e60e0b0cf773b2ebae9""]","[0, 100, 250, 500, 1000, 1500, 2500]",[],"{""0"": ""58e3b7635ab7ec212b20ac0de172a0e3d607816fc03abab6fd1f682ddcfb2c28"", ""100"": ""2fba5c49f123e637537245378817f3c033116810d7ba31b0956e80e72e5c32aa"", ""1000"": ""8ebf28849dc350aef51dd5043ed92def8d56e157e889dab45f451a67a2a42b76"", ""1500"": ""9151dbb239f6233bdb627d12a440d072edffef6968a03d1bd33861e8356fa671"", ""250"": ""aa3df9b9cd90bd9b3b409f74294bd456a0c311a7437973edc05aaca1a33a2b9c"", ""2500"": ""4755224955a8b4f68886ec925e17fd9f48c7088b992f5912d753ad50faa09654"", ""500"": ""1dd3f92fc3656bb1cc4c472fb5930bd94142eba73c744bbbb1a89f63c422e7cb""}",[],[],[],[],[],722.0140389241278,722.0140389241278,3928.9928653106326,0.7009749940189067,
openpangu__sharegpt__qv__iid_matched__s1107__n500,openpangu,sharegpt,iid_matched,1107,500,qv,"[""core_500step""]",1,"[""core_500step""]",complete,complete,fa69834a2fec21cf482213dfbd6a29b40df1177b8c39ba580ba485312ee56de1,717fb19ed80b314d9b69ab7cec3432d68468641e0256c7576ab9e8c42234698a,0a68af0edd229e51727f8cd21ce7f82b63c742ed,"[100, 250, 500]","[""717fb19ed80b314d9b69ab7cec3432d68468641e0256c7576ab9e8c42234698a""]","[100, 250, 500]",[],"{""100"": ""ad8fe6e9400dae2f0985f26b14b3cf550d5e581522a469a5bc720dc1aeb351ca"", ""250"": ""1b0750f1bc490b931cf9f3a9e355a032cb999802808aafa1f4f6aace571d87a3"", ""500"": ""d68c39cc54513b52087abc8a2e1f3b67fa6a4362a2c524b37ec91f3ca5d3b71f""}",[],[],[],[],[],724.1447617560625,724.1447617560625,781.8511896830059,0.6325930989987683,
openpangu__sharegpt__qv__iid_matched__s123__n2500,openpangu,sharegpt,iid_matched,123,2500,qv,"[""downstream_2500step""]",1,"[""downstream_2500step""]",complete,complete,46e2ad200bd316a8e7693f188315b7cd86272c95ae8479ac048a99e574494cd5,202573572ecc1862eede7a614422e1c6971b972a01305111584c93c88ea14b18,6569e76bf27da84743934012d6d2df6eb2c28709,"[0, 100, 250, 500, 1000, 1500, 2500]","[""202573572ecc1862eede7a614422e1c6971b972a01305111584c93c88ea14b18""]","[0, 100, 250, 500, 1000, 1500, 2500]",[],"{""0"": ""fc978237f5a34eba272ef5fc211b0e1a2ffb1ff7aba4c6ac1af2e964894b2433"", ""100"": ""1c2f3debeceeb7af5b92cc823189cf69402209da985caf81f56a178f6d752e25"", ""1000"": ""6083511c8aa0a425fd52441d9211fad1fef7f53edbd73f0d2c2d2eefaf80881d"", ""1500"": ""35b404d6893d473c12a99aae16716376ca11b3b85c5dfd456779c597cccf21be"", ""250"": ""48a7eb1d6b8b52110a803c32a12e51b4d0da9081af2908904fef0ded9a790fdf"", ""2500"": ""0f66f4a3f8b047be7f60cfd36e6a363526f231e4f2251f010e615de13c4d2550"", ""500"": ""b632c12ea506bfd10c062ca080a81d3e07075ea763114f764efb22e4c1053bba""}",[],[],[],[],[],713.4120789840817,713.4120789840817,3929.2937068211904,0.6758855980006047,
openpangu__sharegpt__qv__iid_matched__s123__n500,openpangu,sharegpt,iid_matched,123,500,qv,"[""core_500step""]",1,"[""core_500step""]",complete,complete,a51c2ddaa58a66e7d4168340c261b086b0d854887ecd27c8e2027d51a175b0c6,41567c6656d4073f5c6d499c48135acc2fe91b19f860d84f716a2ed90abea005,0a68af0edd229e51727f8cd21ce7f82b63c742ed,"[100, 250, 500]","[""41567c6656d4073f5c6d499c48135acc2fe91b19f860d84f716a2ed90abea005""]","[100, 250, 500]",[],"{""100"": ""c1042a4a251dcc532365ee092c76f9e6301e13784d287fc95714e59449142215"", ""250"": ""b9c3ad712efeabb8f1690208e9dbb566deb084383dc031dcfdba259b07d594dc"", ""500"": ""95f84c99310ae17754988b8133f55102126129cf147a0658fc2d5d8d752c2bfc""}",[],[],[],[],[],715.1028854213655,715.1028854213655,780.4121043780178,0.6182310990006954,
openpangu__sharegpt__qv__iid_matched__s42__n2500,openpangu,sharegpt,iid_matched,42,2500,qv,"[""downstream_2500step""]",1,"[""downstream_2500step""]",complete,complete,d7f6779c20e10df691015687a2c4da533200f6391db563d47d91290013808127,83a825edda8e7cf1415e473531a40283a30e934cb34abd8621fa65d7c450e423,6569e76bf27da84743934012d6d2df6eb2c28709,"[0, 100, 250, 500, 1000, 1500, 2500]","[""83a825edda8e7cf1415e473531a40283a30e934cb34abd8621fa65d7c450e423""]","[0, 100, 250, 500, 1000, 1500, 2500]",[],"{""0"": ""8c11309cf19245b2f6b434d6d9c2d785a79f75e543f6a0603be51d9825f22000"", ""100"": ""1cf3af124bbb4e7c98a4a2e988fca1fc1decd26a5038b5ecd8871aec663e4c6b"", ""1000"": ""bdf8296d8f5e96687eb3ab801513f7517306a0e87d3065eb1f7cdfc11dd3aea4"", ""1500"": ""381431dd02944c1d244bd1f54e8b1205bea9e6dea198713740237125f953cf91"", ""250"": ""76771c8b68854aaa27f1f430fcf5c94727ea8091fee828bd0178ba7a291e5416"", ""2500"": ""bd7741156b1d9cfa512298f2859c8a1ab834c8bf8c9ad4c5e952a63c3aec2992"", ""500"": ""f958b052529b7882670100892b6b590aa59888673f1612553b35913d15afc0f5""}",[],[],[],[],[],710.5151397325099,710.5151397325099,3935.644337030797,0.6343919990176801,
openpangu__sharegpt__qv__iid_matched__s42__n500,openpangu,sharegpt,iid_matched,42,500,qv,"[""core_500step""]",1,"[""core_500step""]",complete,complete,14c3d6390ea312c67d05b5ce143de683140709fdd78fa8ce0fc983d2c7aa9066,2c9250b4555733a59a2b82dc0ce4aeddd53f11a0de2454bb96bf1bac6b405f43,0a68af0edd229e51727f8cd21ce7f82b63c742ed,"[100, 250, 500]","[""2c9250b4555733a59a2b82dc0ce4aeddd53f11a0de2454bb96bf1bac6b405f43""]","[100, 250, 500]",[],"{""100"": ""04554a74e4afe6f24461557573a0a8b12353b55b4a3bcd59f7c20d036d40c004"", ""250"": ""bd9fdd50dd4dd418ff261f23b78951c3ee1f704acd4b6e41c141d1740d62d3ac"", ""500"": ""ec767d895670e45b1148839e5c70acceb2eae894d82a8a0237207526a18dae41""}",[],[],[],[],[],712.8318316452205,712.8318316452205,781.7782836660044,0.6431492000010621,
openpangu__sharegpt__qv__peft_default__s1107__n2500,openpangu,sharegpt,peft_default,1107,2500,qv,"[""downstream_2500step""]",1,"[""downstream_2500step""]",complete,complete,71557c61a16ad7c75f7fb6479b7a097bd4187366bd0f1a79715b648ddffe8c73,59e2dd41c9c7b2b79edfb25b186cb900d93dcf4ba876154a37960969bdba844f,6569e76bf27da84743934012d6d2df6eb2c28709,"[0, 100, 250, 500, 1000, 1500, 2500]","[""59e2dd41c9c7b2b79edfb25b186cb900d93dcf4ba876154a37960969bdba844f""]","[0, 100, 250, 500, 1000, 1500, 2500]",[],"{""0"": ""b782b662fa4e192e6ac3d5bc0619f9a41746f36d6c0e3ea08f2f14433a367bf9"", ""100"": ""5df1c7aeb1cfcd7e5ee00bca5763d9d686c9a972c8aedae314fafd424e7d433a"", ""1000"": ""96cefa3fb3892148209bf4be019bccdccf42e5559da0de944ca73327dfb9eed8"", ""1500"": ""54ab45ceba3f7dd335fd65ddddc948795e459e0ccb6ad19bbd98f5a178572923"", ""250"": ""f1b543ed6d221648bc3bcf79969a55f5faf90fa20035affec82023726d9a67db"", ""2500"": ""aed168c98baa4ecfaa728736387ac40ba3ecbc3e7059b3f4553bb1dc2e6de9d8"", ""500"": ""b2c8f29b1e2bf7661f35265ae5a5038669a2d725372d0e94ba434573f0d4b2e7""}","[""openpangu__sharegpt__qv__peft_default__s1107__n2500__step_002500__sharegpt.json""]","[{""bind_formal_samples"": true, ""checkpoint"": 2500, ""dataset_split_hash"": ""25c61a9528f2cda38748440210a45f18115ac15791b5e7c2efbc06356b0ba212"", ""evaluation_config"": {""checkpoint"": 2500, ""dataset_split_hash"": ""25c61a9528f2cda38748440210a45f18115ac15791b5e7c2efbc06356b0ba212"", ""protocol"": {""comparison_reference"": ""frozen_first_assistant_response"", ""judge"": ""prometheus-7b-v2.0"", ""judge_prompt"": ""prometheus2_official_absolute_mistral_v1"", ""judge_revision"": ""66ffb1fc20beebfb60a3964a957d9011723116c5"", ""metrics"": [""heldout_nll"", ""prometheus_absolute_score""], ""prompt_count"": 200, ""sample_count"": 200, ""sample_selection"": ""frozen_sharegpt_judge_prompt_manifest_order"", ""score_range"": [1, 5]}, ""run_id"": ""openpangu__sharegpt__qv__peft_default__s1107__n2500"", ""sample_manifest"": {""ordered_sample_content_sha256"": ""8947a15f47e4591a851c4ec1502aac294dd4bcd5f65194f686af1e8261a23457"", ""ordered_sample_ids_sha256"": ""09932ca35b6daf0112452b8f033a0619ccbf1a9ca724b4c4d723dc413fe77321"", ""sample_count"": 200}, ""schema_version"": 1, ""task"": ""sharegpt""}, ""metrics"": [""heldout_nll"", ""prometheus_absolute_score""], ""protocol"": {""comparison_reference"": ""frozen_first_assistant_response"", ""judge"": ""prometheus-7b-v2.0"", ""judge_prompt"": ""prometheus2_official_absolute_mistral_v1"", ""judge_revision"": ""66ffb1fc20beebfb60a3964a957d9011723116c5"", ""metrics"": [""heldout_nll"", ""prometheus_absolute_score""], ""prompt_count"": 200, ""sample_count"": 200, ""sample_selection"": ""frozen_sharegpt_judge_prompt_manifest_order"", ""score_range"": [1, 5]}, ""sample_set_hash"": ""e19354783793c992fb5c6cc00a4db2819d535b2472ab0abf9cd55cfbbbd07a58"", ""task"": ""sharegpt""}]","[""openpangu__sharegpt__qv__peft_default__s1107__n2500__step_002500__sharegpt.json""]",[],[],732.003179397434,732.003179397434,3895.9044218801573,0.3251458000013372,
openpangu__sharegpt__qv__peft_default__s1107__n500,openpangu,sharegpt,peft_default,1107,500,qv,"[""core_500step""]",1,"[""core_500step""]",complete,complete,455b2a1cf16b9499832ad09f8940110e8e8fbaf7a7956ae97fdc843a8f8e3072,72c8cf78fac2fc65ac30db418354690ad9a75f1b961851dd049c4a243e1cea35,0a68af0edd229e51727f8cd21ce7f82b63c742ed,"[100, 250, 500]","[""72c8cf78fac2fc65ac30db418354690ad9a75f1b961851dd049c4a243e1cea35""]","[100, 250, 500]",[],"{""100"": ""26fd85a3a17b7c2092db3b4907c131a01ea6be29a64b15feff1fad3c350d6b71"", ""250"": ""3293de15f020da5d82e27c4e29627b16a83f15f6a3a0ed5aeaa636a6b0775715"", ""500"": ""b79cb07db0d02aadb6b75506b5707d1ba0df62cef33a41e3d229ea984eef28dd""}",[],[],[],[],[],734.4618202261627,734.4618202261627,780.4181658530069,0.22116740199999185,
openpangu__sharegpt__qv__peft_default__s123__n2500,openpangu,sharegpt,peft_default,123,2500,qv,"[""downstream_2500step""]",1,"[""downstream_2500step""]",complete,complete,21d3cf4e606aa27a69baa96beb35da9d383f87d5e288f83006ac5e9474e995f1,5a4bdcd25d66217fb2b543a3bcb571e922c49d467656e5eb03a8a1905cb0d6f5,6569e76bf27da84743934012d6d2df6eb2c28709,"[0, 100, 250, 500, 1000, 1500, 2500]","[""5a4bdcd25d66217fb2b543a3bcb571e922c49d467656e5eb03a8a1905cb0d6f5""]","[0, 100, 250, 500, 1000, 1500, 2500]",[],"{""0"": ""995c7037b1e910ba34e28d01f6e114ad520a528eeccf687a23c6440a9d2f1c0c"", ""100"": ""d969e55a2f88b3715015f57291d01f453d5edae6c7b1986844f22496b73d18f2"", ""1000"": ""67eec86d2ff0791fe90d7568b17f866384c2bb8f4f2c0b1c6ad582e657708192"", ""1500"": ""5bf37414bd34fec2cdb1df68ce1700dc1f3381550dbffc4a87b4a4d06dcad524"", ""250"": ""518b55212c033ae713385bd06fdf9dcb8de9c841d17f76fa6ac2c7db3f0e0233"", ""2500"": ""993eeff9cafbeb691cd56808120f9393718876a532596aacd4ead7071fa1297d"", ""500"": ""cba4e661addcc755da1a18d207588e419c24e8eda84490d7d9eff8df016a4490""}","[""openpangu__sharegpt__qv__peft_default__s123__n2500__step_002500__sharegpt.json""]","[{""bind_formal_samples"": true, ""checkpoint"": 2500, ""dataset_split_hash"": ""25c61a9528f2cda38748440210a45f18115ac15791b5e7c2efbc06356b0ba212"", ""evaluation_config"": {""checkpoint"": 2500, ""dataset_split_hash"": ""25c61a9528f2cda38748440210a45f18115ac15791b5e7c2efbc06356b0ba212"", ""protocol"": {""comparison_reference"": ""frozen_first_assistant_response"", ""judge"": ""prometheus-7b-v2.0"", ""judge_prompt"": ""prometheus2_official_absolute_mistral_v1"", ""judge_revision"": ""66ffb1fc20beebfb60a3964a957d9011723116c5"", ""metrics"": [""heldout_nll"", ""prometheus_absolute_score""], ""prompt_count"": 200, ""sample_count"": 200, ""sample_selection"": ""frozen_sharegpt_judge_prompt_manifest_order"", ""score_range"": [1, 5]}, ""run_id"": ""openpangu__sharegpt__qv__peft_default__s123__n2500"", ""sample_manifest"": {""ordered_sample_content_sha256"": ""8947a15f47e4591a851c4ec1502aac294dd4bcd5f65194f686af1e8261a23457"", ""ordered_sample_ids_sha256"": ""09932ca35b6daf0112452b8f033a0619ccbf1a9ca724b4c4d723dc413fe77321"", ""sample_count"": 200}, ""schema_version"": 1, ""task"": ""sharegpt""}, ""metrics"": [""heldout_nll"", ""prometheus_absolute_score""], ""protocol"": {""comparison_reference"": ""frozen_first_assistant_response"", ""judge"": ""prometheus-7b-v2.0"", ""judge_prompt"": ""prometheus2_official_absolute_mistral_v1"", ""judge_revision"": ""66ffb1fc20beebfb60a3964a957d9011723116c5"", ""metrics"": [""heldout_nll"", ""prometheus_absolute_score""], ""prompt_count"": 200, ""sample_count"": 200, ""sample_selection"": ""frozen_sharegpt_judge_prompt_manifest_order"", ""score_range"": [1, 5]}, ""sample_set_hash"": ""e19354783793c992fb5c6cc00a4db2819d535b2472ab0abf9cd55cfbbbd07a58"", ""task"": ""sharegpt""}]","[""openpangu__sharegpt__qv__peft_default__s123__n2500__step_002500__sharegpt.json""]",[],[],723.4912674799562,723.4912674799562,3893.6469741950714,0.3166198980034096,
openpangu__sharegpt__qv__peft_default__s123__n500,openpangu,sharegpt,peft_default,123,500,qv,"[""core_500step""]",1,"[""core_500step""]",complete,complete,f19f8eb2b8a29adf2a4c3c4fbeebe2bb54cd0855e31fea7a5234c302b0f8240e,36ecbf8c50c53a8d9ae6a9681ec0f9abca57a212243252e3f317838c6a16f747,0a68af0edd229e51727f8cd21ce7f82b63c742ed,"[100, 250, 500]","[""36ecbf8c50c53a8d9ae6a9681ec0f9abca57a212243252e3f317838c6a16f747""]","[100, 250, 500]",[],"{""100"": ""0367506a384ada7052e4e97e3f045e3fb1bce7de9bd5b11931115e71eee0b3a7"", ""250"": ""d006fd6c926250ba2d370ab8dad575c9d69f51208e1374ecf8d82d8353129346"", ""500"": ""41928d1a682987522f7a638b5af2804694202e8be09de2597cdd169511b830ea""}",[],[],[],[],[],725.651787571609,725.651787571609,779.2541101069764,0.2047418000001926,
openpangu__sharegpt__qv__peft_default__s42__n2500,openpangu,sharegpt,peft_default,42,2500,qv,"[""downstream_2500step""]",1,"[""downstream_2500step""]",complete,complete,0f9c9e482f332fd83dba99df4323c48c19b2ee644a13d3a20021a8234326ca25,47955e32220e93e0bfb2004d74036f2d87525c39661b82630c81fb8022e43bbb,6569e76bf27da84743934012d6d2df6eb2c28709,"[0, 100, 250, 500, 1000, 1500, 2500]","[""47955e32220e93e0bfb2004d74036f2d87525c39661b82630c81fb8022e43bbb""]","[0, 100, 250, 500, 1000, 1500, 2500]",[],"{""0"": ""72a82b5ffcc7c4e82f7abd36a07ca0f4381473a8f2f6009b9366c404fc52a833"", ""100"": ""d8b04290cc407875359be662543e6f3be3cc2f1eab44c81c5af37ec7dea01a7c"", ""1000"": ""9ec4634af72333f1532db24779e2c670f8a36df7b532f4168068fe0c65dd106d"", ""1500"": ""7bb5b5e89b51aaa4250b846f361ec3e9f13627df58894a49e35be96657a1824e"", ""250"": ""2fd2e3de2cfad334379cd0315c607aad8fce9abfcab1404703a2d586e1146965"", ""2500"": ""bef628311766148d7c4748a3333d21a7098dfabe4083f8df5710c12774a036d9"", ""500"": ""15e8b4221023c7a25fab040f81194316eb1b847b813567226e8e7882477d5d8c""}","[""openpangu__sharegpt__qv__peft_default__s42__n2500__step_002500__sharegpt.json""]","[{""bind_formal_samples"": true, ""checkpoint"": 2500, ""dataset_split_hash"": ""25c61a9528f2cda38748440210a45f18115ac15791b5e7c2efbc06356b0ba212"", ""evaluation_config"": {""checkpoint"": 2500, ""dataset_split_hash"": ""25c61a9528f2cda38748440210a45f18115ac15791b5e7c2efbc06356b0ba212"", ""protocol"": {""comparison_reference"": ""frozen_first_assistant_response"", ""judge"": ""prometheus-7b-v2.0"", ""judge_prompt"": ""prometheus2_official_absolute_mistral_v1"", ""judge_revision"": ""66ffb1fc20beebfb60a3964a957d9011723116c5"", ""metrics"": [""heldout_nll"", ""prometheus_absolute_score""], ""prompt_count"": 200, ""sample_count"": 200, ""sample_selection"": ""frozen_sharegpt_judge_prompt_manifest_order"", ""score_range"": [1, 5]}, ""run_id"": ""openpangu__sharegpt__qv__peft_default__s42__n2500"", ""sample_manifest"": {""ordered_sample_content_sha256"": ""8947a15f47e4591a851c4ec1502aac294dd4bcd5f65194f686af1e8261a23457"", ""ordered_sample_ids_sha256"": ""09932ca35b6daf0112452b8f033a0619ccbf1a9ca724b4c4d723dc413fe77321"", ""sample_count"": 200}, ""schema_version"": 1, ""task"": ""sharegpt""}, ""metrics"": [""heldout_nll"", ""prometheus_absolute_score""], ""protocol"": {""comparison_reference"": ""frozen_first_assistant_response"", ""judge"": ""prometheus-7b-v2.0"", ""judge_prompt"": ""prometheus2_official_absolute_mistral_v1"", ""judge_revision"": ""66ffb1fc20beebfb60a3964a957d9011723116c5"", ""metrics"": [""heldout_nll"", ""prometheus_absolute_score""], ""prompt_count"": 200, ""sample_count"": 200, ""sample_selection"": ""frozen_sharegpt_judge_prompt_manifest_order"", ""score_range"": [1, 5]}, ""sample_set_hash"": ""e19354783793c992fb5c6cc00a4db2819d535b2472ab0abf9cd55cfbbbd07a58"", ""task"": ""sharegpt""}]","[""openpangu__sharegpt__qv__peft_default__s42__n2500__step_002500__sharegpt.json""]",[],[],727.529932115227,727.529932115227,3984.2838256029063,0.2034773000050336,
openpangu__sharegpt__qv__peft_default__s42__n500,openpangu,sharegpt,peft_default,42,500,qv,"[""core_500step""]",1,"[""core_500step""]",complete,complete,bde8c6d542a2b60a5ed418414a1327da9a894fed758d4bba89bb6455869f13f9,53c292cd97cdc3cbefac3cd98528a4ef793c1b6c3a6be46ff07b9f5336d531bf,0a68af0edd229e51727f8cd21ce7f82b63c742ed,"[100, 250, 500]","[""53c292cd97cdc3cbefac3cd98528a4ef793c1b6c3a6be46ff07b9f5336d531bf""]","[100, 250, 500]",[],"{""100"": ""4c5fcf4199227b0c8a9130524bb0786721f43f73e916b517f1c513e2a6a7fa83"", ""250"": ""154bcedbfb968029b727d0f11dd0ab234d3c5592701775277e9d7e86bae272eb"", ""500"": ""63e0bf4fd48a837f0cfed10bf1c0828ce6d8d2b672dcaac0b291614f5641e3f5""}",[],[],[],[],[],729.7130205370486,729.7130205370486,781.1857635790329,0.2062110010010656,
openpangu__sharegpt__qv__powerlaw_global_a06__s1107__n2500,openpangu,sharegpt,powerlaw_global_a06,1107,2500,qv,"[""downstream_2500step""]",1,"[""downstream_2500step""]",complete,complete,dd486ca7ebfe8bbe08fa8b5be4ddf2572165462865820addf870a6683fa467ac,26279fa7eb378d4489bf1316f62865277e3d36105658435d42b159a9ec7d76cd,6569e76bf27da84743934012d6d2df6eb2c28709,"[0, 100, 250, 500, 1000, 1500, 2500]","[""26279fa7eb378d4489bf1316f62865277e3d36105658435d42b159a9ec7d76cd""]","[0, 100, 250, 500, 1000, 1500, 2500]",[],"{""0"": ""f0846bfa8537b89ffc52b43512fa51bec213355e30a6c926cd0693bec04d3e5d"", ""100"": ""d8b100387d037e548fda81501529bfaaf48b5193938f412070990a970c5c54fc"", ""1000"": ""46d7539da1a7269c4a518e2ca1644dd3a7fdfd8f0e780c545edb45e0ab76a98c"", ""1500"": ""4b4af12a76fec7f3fe061f0dde3581bcbc79c07c08ec478d232c0ee247bbd5ef"", ""250"": ""5171618bb186a1aa599707db709f695aefd42e2569681d66b0ea343bb493f2d4"", ""2500"": ""ade415100511a37030e8bcab88ed637cbd7217b0805e4bfac9b410dab8018dd7"", ""500"": ""424077856b156b1b4dbc928c4ff6bdce4f483899ccd3ccc991de5bc08dadce19""}","[""openpangu__sharegpt__qv__powerlaw_global_a06__s1107__n2500__step_002500__sharegpt.json""]","[{""bind_formal_samples"": true, ""checkpoint"": 2500, ""dataset_split_hash"": ""25c61a9528f2cda38748440210a45f18115ac15791b5e7c2efbc06356b0ba212"", ""evaluation_config"": {""checkpoint"": 2500, ""dataset_split_hash"": ""25c61a9528f2cda38748440210a45f18115ac15791b5e7c2efbc06356b0ba212"", ""protocol"": {""comparison_reference"": ""frozen_first_assistant_response"", ""judge"": ""prometheus-7b-v2.0"", ""judge_prompt"": ""prometheus2_official_absolute_mistral_v1"", ""judge_revision"": ""66ffb1fc20beebfb60a3964a957d9011723116c5"", ""metrics"": [""heldout_nll"", ""prometheus_absolute_score""], ""prompt_count"": 200, ""sample_count"": 200, ""sample_selection"": ""frozen_sharegpt_judge_prompt_manifest_order"", ""score_range"": [1, 5]}, ""run_id"": ""openpangu__sharegpt__qv__powerlaw_global_a06__s1107__n2500"", ""sample_manifest"": {""ordered_sample_content_sha256"": ""8947a15f47e4591a851c4ec1502aac294dd4bcd5f65194f686af1e8261a23457"", ""ordered_sample_ids_sha256"": ""09932ca35b6daf0112452b8f033a0619ccbf1a9ca724b4c4d723dc413fe77321"", ""sample_count"": 200}, ""schema_version"": 1, ""task"": ""sharegpt""}, ""metrics"": [""heldout_nll"", ""prometheus_absolute_score""], ""protocol"": {""comparison_reference"": ""frozen_first_assistant_response"", ""judge"": ""prometheus-7b-v2.0"", ""judge_prompt"": ""prometheus2_official_absolute_mistral_v1"", ""judge_revision"": ""66ffb1fc20beebfb60a3964a957d9011723116c5"", ""metrics"": [""heldout_nll"", ""prometheus_absolute_score""], ""prompt_count"": 200, ""sample_count"": 200, ""sample_selection"": ""frozen_sharegpt_judge_prompt_manifest_order"", ""score_range"": [1, 5]}, ""sample_set_hash"": ""e19354783793c992fb5c6cc00a4db2819d535b2472ab0abf9cd55cfbbbd07a58"", ""task"": ""sharegpt""}]","[""openpangu__sharegpt__qv__powerlaw_global_a06__s1107__n2500__step_002500__sharegpt.json""]",[],[],722.6885148137808,722.6885148137808,4008.2136347970736,0.6802464010033873,
openpangu__sharegpt__qv__powerlaw_global_a06__s1107__n500,openpangu,sharegpt,powerlaw_global_a06,1107,500,qv,"[""core_500step""]",1,"[""core_500step""]",complete,complete,6c82e0a682f777ca5a3925d63f8567cd26a83f45000f10c451f28d8d54e25c63,ae4cb47f6d426f37001fe233b231862a4dbc90449372bcd2c3234cce8a1dec01,0a68af0edd229e51727f8cd21ce7f82b63c742ed,"[100, 250, 500]","[""ae4cb47f6d426f37001fe233b231862a4dbc90449372bcd2c3234cce8a1dec01""]","[100, 250, 500]",[],"{""100"": ""9454170dd41fbd4ccdf83bec15f60d013d7afa70ea3591058fff1feb5f85dac1"", ""250"": ""9e74c9593d243f5c05e42e6d44a2d256c8952355b4d15f59daf0f4f8fe7b9911"", ""500"": ""0c3a5b026618043f8f828ca95dca3ac9f8436c634827ab8c5659aa263c96b6e8""}",[],[],[],[],[],724.4162374138832,724.4162374138832,781.1219118490626,0.5518921010007034,
openpangu__sharegpt__qv__powerlaw_global_a06__s123__n2500,openpangu,sharegpt,powerlaw_global_a06,123,2500,qv,"[""downstream_2500step""]",1,"[""downstream_2500step""]",complete,complete,1393ba34b629d90571bae1a60cded69912fab6e3c599a546b8d790672983a54c,d7364e7d266e41a1351e8afaa70a8fa2442f66d22a3d07439083f41279e243dd,6569e76bf27da84743934012d6d2df6eb2c28709,"[0, 100, 250, 500, 1000, 1500, 2500]","[""d7364e7d266e41a1351e8afaa70a8fa2442f66d22a3d07439083f41279e243dd""]","[0, 100, 250, 500, 1000, 1500, 2500]",[],"{""0"": ""2ecd622e08587923dcd8f8059fc2d13bf39034747c089597bea49672cc368f56"", ""100"": ""6d4badfbf07b8a9d72044d334de1105b7b5692790403008c8a720fb3e8fa0a8f"", ""1000"": ""ad2060a9c23c4cf6c10f4eddf34c6bb8ab2cab2feb11f6bf9997e7c81b5ac9f2"", ""1500"": ""6c9ecb54084264a4819e83e110f61ead684d9d142a59c34241cc12c3452b5094"", ""250"": ""1f4915026746a30ca31de59d37c7b0d080d583b023a4ea85642097ede7a53d0a"", ""2500"": ""df318ba9fe255f3e2a0f46da6cfde3dfc8a97469dfbfe1b95dfd96070b82365b"", ""500"": ""cd7475b691d5f546e7c49ba99dd28a30d6d917206d8a57402d72f6af35ac287a""}","[""openpangu__sharegpt__qv__powerlaw_global_a06__s123__n2500__step_002500__sharegpt.json""]","[{""bind_formal_samples"": true, ""checkpoint"": 2500, ""dataset_split_hash"": ""25c61a9528f2cda38748440210a45f18115ac15791b5e7c2efbc06356b0ba212"", ""evaluation_config"": {""checkpoint"": 2500, ""dataset_split_hash"": ""25c61a9528f2cda38748440210a45f18115ac15791b5e7c2efbc06356b0ba212"", ""protocol"": {""comparison_reference"": ""frozen_first_assistant_response"", ""judge"": ""prometheus-7b-v2.0"", ""judge_prompt"": ""prometheus2_official_absolute_mistral_v1"", ""judge_revision"": ""66ffb1fc20beebfb60a3964a957d9011723116c5"", ""metrics"": [""heldout_nll"", ""prometheus_absolute_score""], ""prompt_count"": 200, ""sample_count"": 200, ""sample_selection"": ""frozen_sharegpt_judge_prompt_manifest_order"", ""score_range"": [1, 5]}, ""run_id"": ""openpangu__sharegpt__qv__powerlaw_global_a06__s123__n2500"", ""sample_manifest"": {""ordered_sample_content_sha256"": ""8947a15f47e4591a851c4ec1502aac294dd4bcd5f65194f686af1e8261a23457"", ""ordered_sample_ids_sha256"": ""09932ca35b6daf0112452b8f033a0619ccbf1a9ca724b4c4d723dc413fe77321"", ""sample_count"": 200}, ""schema_version"": 1, ""task"": ""sharegpt""}, ""metrics"": [""heldout_nll"", ""prometheus_absolute_score""], ""protocol"": {""comparison_reference"": ""frozen_first_assistant_response"", ""judge"": ""prometheus-7b-v2.0"", ""judge_prompt"": ""prometheus2_official_absolute_mistral_v1"", ""judge_revision"": ""66ffb1fc20beebfb60a3964a957d9011723116c5"", ""metrics"": [""heldout_nll"", ""prometheus_absolute_score""], ""prompt_count"": 200, ""sample_count"": 200, ""sample_selection"": ""frozen_sharegpt_judge_prompt_manifest_order"", ""score_range"": [1, 5]}, ""sample_set_hash"": ""e19354783793c992fb5c6cc00a4db2819d535b2472ab0abf9cd55cfbbbd07a58"", ""task"": ""sharegpt""}]","[""openpangu__sharegpt__qv__powerlaw_global_a06__s123__n2500__step_002500__sharegpt.json""]",[],[],710.2338837571442,710.2338837571442,4061.0050886317767,0.5471654969951487,
openpangu__sharegpt__qv__powerlaw_global_a06__s123__n500,openpangu,sharegpt,powerlaw_global_a06,123,500,qv,"[""core_500step""]",1,"[""core_500step""]",complete,complete,eaabbd23753ac3ac6347433b03825e95d5b4e75b0c3537ff472bd980122a7507,528580373844d9b386d7e49a387995fb833198ff9668c6938654cfee19f5fae6,0a68af0edd229e51727f8cd21ce7f82b63c742ed,"[100, 250, 500]","[""528580373844d9b386d7e49a387995fb833198ff9668c6938654cfee19f5fae6""]","[100, 250, 500]",[],"{""100"": ""e66f295b6b033b248228655426ef3c646b7d9516704c7cc762ed7dab2eab8e6f"", ""250"": ""a8fb50ae50c9ed6164e7ee75ea0e69021690d67fb4c83c191cf99101e4dba991"", ""500"": ""29cdb01b5d2a6790804f9cc60835172eb66c62181aa0cea0f625cf2cfdf691c4""}",[],[],[],[],[],712.1850255075842,712.1850255075842,779.7257161310481,0.5618397010002809,
openpangu__sharegpt__qv__powerlaw_global_a06__s42__n2500,openpangu,sharegpt,powerlaw_global_a06,42,2500,qv,"[""downstream_2500step""]",1,"[""downstream_2500step""]",complete,complete,2faae1bddaec761efd37b07339fce081387c2308a0fe6e2f648dee74e2582887,d2fd82a21d880fc45b548b2c6ff8891a950c44be9bfa444b6b02c19243f0e124,6569e76bf27da84743934012d6d2df6eb2c28709,"[0, 100, 250, 500, 1000, 1500, 2500]","[""d2fd82a21d880fc45b548b2c6ff8891a950c44be9bfa444b6b02c19243f0e124""]","[0, 100, 250, 500, 1000, 1500, 2500]",[],"{""0"": ""8ba014fc78f09c08aae6868d8961594aafe54843aa6ca7599c9c3d1ef0cf16f9"", ""100"": ""13dd4d6797d01bffe674995dfdb5147503d5d6c8c7e28d9dc817ea2f7516773e"", ""1000"": ""5ebcdf90bdf9f880306753a9589c5c22c076949f459e4e23362ce92e578e60ff"", ""1500"": ""1087a92a9be3de5ccdc4c8764922a0a26dd056211468ccf0f70ccf259e58a72f"", ""250"": ""3742a94fd174a391f1d065d7b142bb8a35cd2f25648f2d3bfd538a2474f56c8c"", ""2500"": ""07c03621531bca5b1ef184f2fd7d446bafdd10256ffd2e1f983e5497d3dc2942"", ""500"": ""c8e3cbcab3d4a9e895e94417c9c8822bb27a4112a6de3ce35961b29642bc77da""}","[""openpangu__sharegpt__qv__powerlaw_global_a06__s42__n2500__step_002500__sharegpt.json""]","[{""bind_formal_samples"": true, ""checkpoint"": 2500, ""dataset_split_hash"": ""25c61a9528f2cda38748440210a45f18115ac15791b5e7c2efbc06356b0ba212"", ""evaluation_config"": {""checkpoint"": 2500, ""dataset_split_hash"": ""25c61a9528f2cda38748440210a45f18115ac15791b5e7c2efbc06356b0ba212"", ""protocol"": {""comparison_reference"": ""frozen_first_assistant_response"", ""judge"": ""prometheus-7b-v2.0"", ""judge_prompt"": ""prometheus2_official_absolute_mistral_v1"", ""judge_revision"": ""66ffb1fc20beebfb60a3964a957d9011723116c5"", ""metrics"": [""heldout_nll"", ""prometheus_absolute_score""], ""prompt_count"": 200, ""sample_count"": 200, ""sample_selection"": ""frozen_sharegpt_judge_prompt_manifest_order"", ""score_range"": [1, 5]}, ""run_id"": ""openpangu__sharegpt__qv__powerlaw_global_a06__s42__n2500"", ""sample_manifest"": {""ordered_sample_content_sha256"": ""8947a15f47e4591a851c4ec1502aac294dd4bcd5f65194f686af1e8261a23457"", ""ordered_sample_ids_sha256"": ""09932ca35b6daf0112452b8f033a0619ccbf1a9ca724b4c4d723dc413fe77321"", ""sample_count"": 200}, ""schema_version"": 1, ""task"": ""sharegpt""}, ""metrics"": [""heldout_nll"", ""prometheus_absolute_score""], ""protocol"": {""comparison_reference"": ""frozen_first_assistant_response"", ""judge"": ""prometheus-7b-v2.0"", ""judge_prompt"": ""prometheus2_official_absolute_mistral_v1"", ""judge_revision"": ""66ffb1fc20beebfb60a3964a957d9011723116c5"", ""metrics"": [""heldout_nll"", ""prometheus_absolute_score""], ""prompt_count"": 200, ""sample_count"": 200, ""sample_selection"": ""frozen_sharegpt_judge_prompt_manifest_order"", ""score_range"": [1, 5]}, ""sample_set_hash"": ""e19354783793c992fb5c6cc00a4db2819d535b2472ab0abf9cd55cfbbbd07a58"", ""task"": ""sharegpt""}]","[""openpangu__sharegpt__qv__powerlaw_global_a06__s42__n2500__step_002500__sharegpt.json""]",[],[],713.6388376317918,713.6388376317918,3997.557220740855,0.5807328939990839,
openpangu__sharegpt__qv__powerlaw_global_a06__s42__n500,openpangu,sharegpt,powerlaw_global_a06,42,500,qv,"[""core_500step""]",1,"[""core_500step""]",complete,complete,5bd7f13c3b47ed3604e92b7bd3ceee5f8813f0a615400a0fd7a1b02b55e7400e,bd50da905242fd20927620455255c74369690ad95f7fca5e81762e2214e6be8c,0a68af0edd229e51727f8cd21ce7f82b63c742ed,"[100, 250, 500]","[""bd50da905242fd20927620455255c74369690ad95f7fca5e81762e2214e6be8c""]","[100, 250, 500]",[],"{""100"": ""f1d98ade03ce204b3bcaeabbc4a77b68a6ac47542213fecf0d75bd96d7675d81"", ""250"": ""097f04094c049733edd6bad7b7f090d98224bb4e49797e19257b1796a31d9622"", ""500"": ""b400f2deefba40bdc597f12380879b423f059864ca122d065a2629ac94ea7566""}",[],[],[],[],[],716.2968966215849,716.2968966215849,780.389341883947,0.5322512009988714,
openpangu__sharegpt__qv__powerlaw_shuffle_a06__s1107__n500,openpangu,sharegpt,powerlaw_shuffle_a06,1107,500,qv,"[""core_500step""]",1,"[""core_500step""]",complete,complete,400766f223bfa3fdade78e0c9eb2c74e28cbb21b35d5719cf9b4759cfd39b932,c2f5ca1fe9dd9f118ef1727771083b86f22e238a7cd7064c5714dba2f32baacb,0a68af0edd229e51727f8cd21ce7f82b63c742ed,"[100, 250, 500]","[""c2f5ca1fe9dd9f118ef1727771083b86f22e238a7cd7064c5714dba2f32baacb""]","[100, 250, 500]",[],"{""100"": ""fc760419ffc1bff55c3251ec304f1ddf5bfb874630bcf4417fc3eb3f3247948a"", ""250"": ""2fb2b52f6c4840aa3c545a607402d0035a17a8cdfe5dff9e8be095c60d468e04"", ""500"": ""c2e1c8997d3adb611e83f794a2487cd178022370dfe0536c688f0cd8fe6b452c""}",[],[],[],[],[],721.6381783634424,721.6381783634424,780.6710760100505,0.6127989970009367,
openpangu__sharegpt__qv__powerlaw_shuffle_a06__s123__n500,openpangu,sharegpt,powerlaw_shuffle_a06,123,500,qv,"[""core_500step""]",1,"[""core_500step""]",complete,complete,1d233f3a80ad3580e54270012e9510bf1036f26b5c73b787775246f4aa1fd0c3,9a8d124ea679b8b6fc53ca7c01d941aa022d95cd12900322c50e47d7855b6ddb,0a68af0edd229e51727f8cd21ce7f82b63c742ed,"[100, 250, 500]","[""9a8d124ea679b8b6fc53ca7c01d941aa022d95cd12900322c50e47d7855b6ddb""]","[100, 250, 500]",[],"{""100"": ""73390b86867b85cfd1c321ad698b5ede6038c7e89c5bcd308d8f2feb64ad9e59"", ""250"": ""3481eb33c8ee8ab0260bf55468e25bd76bafcd0ada55264686b4ffb6417f55b0"", ""500"": ""3b50f10b34223a67494f4218c55bd49e9f130e3c53ec142050773b2b7ee959f2""}",[],[],[],[],[],714.3662378303707,714.3662378303707,780.1909018349834,0.6841862000001129,
openpangu__sharegpt__qv__powerlaw_shuffle_a06__s42__n500,openpangu,sharegpt,powerlaw_shuffle_a06,42,500,qv,"[""core_500step""]",1,"[""core_500step""]",complete,complete,c0424be8459133bff0ba32b740c307fd7df22a86ebd8e4cd6d7f87acba555dab,75f781bd093eeea24792ea4555493ea7135e8c72dbad975006dbf97565e05626,0a68af0edd229e51727f8cd21ce7f82b63c742ed,"[100, 250, 500]","[""75f781bd093eeea24792ea4555493ea7135e8c72dbad975006dbf97565e05626""]","[100, 250, 500]",[],"{""100"": ""2448b90573e00285e1456bd4fef0eb28c8d1fed954bfc247c6d815b612d5d5a8"", ""250"": ""ca867c5f29a4f1ad085cd7e4d894ba1a08f45c325c061f8e73f81209fdaf6cd0"", ""500"": ""cc86097c17bf9921eec7839328b324deaaf63a08d2ccfee640538199cd7989db""}",[],[],[],[],[],716.2020785659552,716.2020785659552,781.4048258499533,0.7968219999966095,
qwen__cmmlu__qv__dora__s1107__n2500,qwen,cmmlu,dora,1107,2500,qv,"[""baseline_fairness_qwen_table3""]",1,"[""baseline_fairness_final""]",complete,complete,416d8f4afe40dbafb4d1be517dc1a8ceb089a283354749123d33bfb38f79afd6,ac979d06f8abc26d1226444bcb04a1291cef2edfb802b611333ead1be176c650,db83baa7840891a6a0231bac9ffa7fd0dfff8195,[2500],"[""ac979d06f8abc26d1226444bcb04a1291cef2edfb802b611333ead1be176c650""]",[2500],[],"{""2500"": ""0187c63baa66e98ef09f9aaa2d31859939a5d34cc1ad4d8ea56bb6408851a4a8""}","[""qwen__cmmlu__qv__dora__s1107__n2500__step_002500__cmmlu.json""]","[{""bind_formal_samples"": true, ""checkpoint"": 2500, ""dataset_split_hash"": ""fd0a5596e80d8029a0b54f04a7a250d2f40e5def742eb6ca088834f5c60a0d76"", ""evaluation_config"": {""checkpoint"": 2500, ""dataset_split_hash"": ""fd0a5596e80d8029a0b54f04a7a250d2f40e5def742eb6ca088834f5c60a0d76"", ""protocol"": {""decoding"": ""greedy"", ""metric"": ""macro_accuracy"", ""prompt"": ""fixed_5shot_by_subject"", ""sample_count"": 11582, ""sample_selection"": ""full_frozen_official_test_order""}, ""run_id"": ""qwen__cmmlu__qv__dora__s1107__n2500"", ""sample_manifest"": {""ordered_sample_content_sha256"": ""5cad594c402be6e6bcce53b5552bcef36806aa5c3ddd8da1be67c332c8718e29"", ""ordered_sample_ids_sha256"": ""0f5aab4bcf6cc4b8893800d22b79af409a973946b0284fc8959c6ebb8fd0d51d"", ""sample_count"": 11582}, ""schema_version"": 1, ""task"": ""cmmlu""}, ""metrics"": [""macro_accuracy""], ""protocol"": {""decoding"": ""greedy"", ""metric"": ""macro_accuracy"", ""prompt"": ""fixed_5shot_by_subject"", ""sample_count"": 11582, ""sample_selection"": ""full_frozen_official_test_order""}, ""sample_set_hash"": ""c5fcd5f79503b4a9590576905e80b1cea954849cffedc3cb08f48c45fa28157e"", ""task"": ""cmmlu""}]","[""qwen__cmmlu__qv__dora__s1107__n2500__step_002500__cmmlu.json""]",[],[],358.8951779231429,358.8951779231429,4552.974532516033,0.6303412000415847,
qwen__cmmlu__qv__dora__s1107__n500__lr_x0.5,qwen,cmmlu,dora,1107,500,qv,"[""baseline_fairness_qwen_table3""]",1,"[""baseline_fairness_screening""]",complete,complete,71d3fed6dd1e5a2274e4fa73f01e9db9a8144a719fb8b1c1cd47cb324a0333f1,2c1229c4164c8a05bebb285d2419a27bcf990758dda7e529795a9509e15998ae,8e8b1657c187c1de7133f46ea540fa3bbad3bdae,[],"[""2c1229c4164c8a05bebb285d2419a27bcf990758dda7e529795a9509e15998ae""]",[],[],{},[],[],[],[],[],330.2561285085976,330.2561285085976,6708.217080741364,1.78099157003453,
qwen__cmmlu__qv__dora__s1107__n500__lr_x1.0,qwen,cmmlu,dora,1107,500,qv,"[""baseline_fairness_qwen_table3""]",1,"[""baseline_fairness_screening""]",complete,complete,b42c76f700f877fe70cde5589db1c73602068adf1ab639b3a436368efe0c5a16,30c0c568d7462ebce40715fba64b0ed47ce39b4d7722d5b4244522ee2adb96f9,8e8b1657c187c1de7133f46ea540fa3bbad3bdae,[],"[""30c0c568d7462ebce40715fba64b0ed47ce39b4d7722d5b4244522ee2adb96f9""]",[],[],{},[],[],[],[],[],258.2936383904889,258.2936383904889,8572.329099203402,3.416713237995282,
qwen__cmmlu__qv__dora__s1107__n500__lr_x2.0,qwen,cmmlu,dora,1107,500,qv,"[""baseline_fairness_qwen_table3""]",1,"[""baseline_fairness_screening""]",complete,complete,7c244e8c7b6f25e8715a17238f0cdb41dae62aca82de0c3f9c1eb489600014c8,a4cb6ba86c3662a00f4c3fb51d6fa5fc146fd1180a6ac45250938c81f9206164,8e8b1657c187c1de7133f46ea540fa3bbad3bdae,[],"[""a4cb6ba86c3662a00f4c3fb51d6fa5fc146fd1180a6ac45250938c81f9206164""]",[],[],{},[],[],[],[],[],226.6192834097892,226.6192834097892,6171.25129840069,3.7417546000215225,
qwen__cmmlu__qv__dora__s123__n2500,qwen,cmmlu,dora,123,2500,qv,"[""baseline_fairness_qwen_table3""]",1,"[""baseline_fairness_final""]",complete,complete,2e0831a7c26fd7fa026e30cc18200bb9bd40389a70949a2ba39c89ab30a32866,5735004001fa7cf58f219fb43754696138cb5156b5127e23549a9e6bcdbf90da,7eef952062993559133541b5a581f7a15daeb621,[2500],"[""5735004001fa7cf58f219fb43754696138cb5156b5127e23549a9e6bcdbf90da""]",[2500],[],"{""2500"": ""0eaf805ca5e23a7b702fe46152fc5131cd129801e4f98b49f229a7c6f6d6eae8""}","[""qwen__cmmlu__qv__dora__s123__n2500__step_002500__cmmlu.json""]","[{""bind_formal_samples"": true, ""checkpoint"": 2500, ""dataset_split_hash"": ""fd0a5596e80d8029a0b54f04a7a250d2f40e5def742eb6ca088834f5c60a0d76"", ""evaluation_config"": {""checkpoint"": 2500, ""dataset_split_hash"": ""fd0a5596e80d8029a0b54f04a7a250d2f40e5def742eb6ca088834f5c60a0d76"", ""protocol"": {""decoding"": ""greedy"", ""metric"": ""macro_accuracy"", ""prompt"": ""fixed_5shot_by_subject"", ""sample_count"": 11582, ""sample_selection"": ""full_frozen_official_test_order""}, ""run_id"": ""qwen__cmmlu__qv__dora__s123__n2500"", ""sample_manifest"": {""ordered_sample_content_sha256"": ""5cad594c402be6e6bcce53b5552bcef36806aa5c3ddd8da1be67c332c8718e29"", ""ordered_sample_ids_sha256"": ""0f5aab4bcf6cc4b8893800d22b79af409a973946b0284fc8959c6ebb8fd0d51d"", ""sample_count"": 11582}, ""schema_version"": 1, ""task"": ""cmmlu""}, ""metrics"": [""macro_accuracy""], ""protocol"": {""decoding"": ""greedy"", ""metric"": ""macro_accuracy"", ""prompt"": ""fixed_5shot_by_subject"", ""sample_count"": 11582, ""sample_selection"": ""full_frozen_official_test_order""}, ""sample_set_hash"": ""c5fcd5f79503b4a9590576905e80b1cea954849cffedc3cb08f48c45fa28157e"", ""task"": ""cmmlu""}]","[""qwen__cmmlu__qv__dora__s123__n2500__step_002500__cmmlu.json""]",[],[],358.4645816842094,358.4645816842094,4606.0134986020275,0.6018262970028445,
qwen__cmmlu__qv__dora__s42__n2500,qwen,cmmlu,dora,42,2500,qv,"[""baseline_fairness_qwen_table3""]",1,"[""baseline_fairness_final""]",complete,complete,7cde8d5acb25b14e65e39f307ad02b5b912a3dfdb6edba742c12b27381ac9c93,9b856785e28f1c96f091ca761e998f23dff6b1254466f93a42fb2914eb33cfa4,128b1c03e44c1faea13fc361b60fb5689896efab,[2500],"[""9b856785e28f1c96f091ca761e998f23dff6b1254466f93a42fb2914eb33cfa4""]",[2500],[],"{""2500"": ""57b6143e036437c0f8bfd6d40b89cc3a6889e3b13e461f0f791a9a9139142431""}","[""qwen__cmmlu__qv__dora__s42__n2500__step_002500__cmmlu.json""]","[{""bind_formal_samples"": true, ""checkpoint"": 2500, ""dataset_split_hash"": ""fd0a5596e80d8029a0b54f04a7a250d2f40e5def742eb6ca088834f5c60a0d76"", ""evaluation_config"": {""checkpoint"": 2500, ""dataset_split_hash"": ""fd0a5596e80d8029a0b54f04a7a250d2f40e5def742eb6ca088834f5c60a0d76"", ""protocol"": {""decoding"": ""greedy"", ""metric"": ""macro_accuracy"", ""prompt"": ""fixed_5shot_by_subject"", ""sample_count"": 11582, ""sample_selection"": ""full_frozen_official_test_order""}, ""run_id"": ""qwen__cmmlu__qv__dora__s42__n2500"", ""sample_manifest"": {""ordered_sample_content_sha256"": ""5cad594c402be6e6bcce53b5552bcef36806aa5c3ddd8da1be67c332c8718e29"", ""ordered_sample_ids_sha256"": ""0f5aab4bcf6cc4b8893800d22b79af409a973946b0284fc8959c6ebb8fd0d51d"", ""sample_count"": 11582}, ""schema_version"": 1, ""task"": ""cmmlu""}, ""metrics"": [""macro_accuracy""], ""protocol"": {""decoding"": ""greedy"", ""metric"": ""macro_accuracy"", ""prompt"": ""fixed_5shot_by_subject"", ""sample_count"": 11582, ""sample_selection"": ""full_frozen_official_test_order""}, ""sample_set_hash"": ""c5fcd5f79503b4a9590576905e80b1cea954849cffedc3cb08f48c45fa28157e"", ""task"": ""cmmlu""}]","[""qwen__cmmlu__qv__dora__s42__n2500__step_002500__cmmlu.json""]",[],[],358.4530683849007,358.4530683849007,4550.939864446642,0.506889101001434,
qwen__cmmlu__qv__fft_white_a0__s1107__n500__gradlog,qwen,cmmlu,fft_white_a0,1107,500,qv,"[""mechanism_500step""]",1,"[""mechanism_500step""]",complete,complete,4e7dd72ba4dcf616da859a5bb751de3e59d5c8b56a43053d53087c4bd011eee3,205c373517f562b204337e4aea33b95b2e430acac1269e9c92c772d8d8af0490,b40a55b8c52a52353c2457afdad00f4de395e48a,"[100, 250, 500]","[""205c373517f562b204337e4aea33b95b2e430acac1269e9c92c772d8d8af0490""]","[100, 250, 500]",[],"{""100"": ""034e2ee6e91f2b25636f7aa5aa30ecfda6b8c77783ef8922dff834b4b51335ac"", ""250"": ""ad802e342d5669466c985ebc8b2db308f1f812f5e7d7f023eb7a785e82e9087e"", ""500"": ""c36c7424526cdc1e823d3c0e0a9a7967bb81a5403bf62974b509a252391d256e""}",[],[],[],[],[],506.53914969041944,506.53914969041944,821.5533885141485,0.6292311979923397,
qwen__cmmlu__qv__fft_white_a0__s123__n500__gradlog,qwen,cmmlu,fft_white_a0,123,500,qv,"[""mechanism_500step""]",1,"[""mechanism_500step""]",complete,complete,0dd873a7166b616b401590d65f3f837ff9d3e5fe0e447c850c1b4ff8e0812e2d,23bfabdff176c645a414d698355cedc2c28d8ee4e2451afdfa16891ff8db7c37,b40a55b8c52a52353c2457afdad00f4de395e48a,"[100, 250, 500]","[""23bfabdff176c645a414d698355cedc2c28d8ee4e2451afdfa16891ff8db7c37""]","[100, 250, 500]",[],"{""100"": ""5da7c35b8bd1c1a8df479b70bfd09e31ba082941d26f4c2f4e5dda0deed134ea"", ""250"": ""94584aa2dc30decc81cfbcbf32bc5c5a4519d66a915dbcff258602614d9756eb"", ""500"": ""ae3f9068aa77fd56e5862cf5619b512d2121130e3f144b992036595f8217b1d2""}",[],[],[],[],[],506.444972043857,506.444972043857,821.215204810127,0.6296435010008281,
qwen__cmmlu__qv__fft_white_a0__s42__n500__gradlog,qwen,cmmlu,fft_white_a0,42,500,qv,"[""mechanism_500step""]",1,"[""mechanism_500step""]",complete,complete,f29d8a71b015a05e03828e0929ee22ce216816287489857e8f063f1a705e3544,5b1dcbfb674d2caec6ec9c225db1f23a8a15b35fef42eb0392a3813f43a88f96,b40a55b8c52a52353c2457afdad00f4de395e48a,"[100, 250, 500]","[""5b1dcbfb674d2caec6ec9c225db1f23a8a15b35fef42eb0392a3813f43a88f96""]","[100, 250, 500]",[],"{""100"": ""09f24305734f9b0c5c3d323a737a5f3b24ba43b7075c814e982026581fe8b652"", ""250"": ""1ce725d33b5e23d590ac75193096a9fb9b3ca17f23bd51b98e056fe7ac4dc062"", ""500"": ""d807d7c5e41a3ffc3f74aca0fd729a05810ad6467042fc9c289011016238fcb1""}",[],[],[],[],[],509.94725358113647,509.94725358113647,830.1209706427908,0.6361023019999266,
qwen__cmmlu__qv__iid_matched__s1107__n2500,qwen,cmmlu,iid_matched,1107,2500,qv,"[""downstream_2500step""]",1,"[""downstream_2500step""]",complete,complete,ff8d571d111996511be34b6021c9c1ba8a51083478972da232cfdcc89120702d,e76d3024040e7e731d873f01596f85dc10270aa203eccfb4e4b75ea1e7527858,6569e76bf27da84743934012d6d2df6eb2c28709,"[0, 100, 250, 500, 1000, 1500, 2500]","[""e76d3024040e7e731d873f01596f85dc10270aa203eccfb4e4b75ea1e7527858""]","[0, 100, 250, 500, 1000, 1500, 2500]",[],"{""0"": ""5c676a4b9721be9af6f4237bd6a8aa58dddc8a2059ae42b18a868dc56afeeb10"", ""100"": ""e643f3b94ed1edea6346261ac75a567a2f719f98717b7970cc28b74eed3221be"", ""1000"": ""628a8d987c4855450990679f385be4e764ae293689b6fce2f16636b4e8f439a3"", ""1500"": ""f286edee0445f28b708e5131c5db6942e05ed6828760b31da8ef256ca097543b"", ""250"": ""a442319cd466aeaca1c95d52118a3f8fa90f683d1d024415a9582d1accd3c19a"", ""2500"": ""b566c6376c1452062ffbb20ea1122cf2f8c14816acb28bf7bb0989ed48df6677"", ""500"": ""f979539918710498b4a09bd1a33d39764c7cd1174487effe5440f81f2ef0ff6b""}","[""qwen__cmmlu__qv__iid_matched__s1107__n2500__step_002500__cmmlu.json""]","[{""bind_formal_samples"": true, ""checkpoint"": 2500, ""dataset_split_hash"": ""fd0a5596e80d8029a0b54f04a7a250d2f40e5def742eb6ca088834f5c60a0d76"", ""evaluation_config"": {""checkpoint"": 2500, ""dataset_split_hash"": ""fd0a5596e80d8029a0b54f04a7a250d2f40e5def742eb6ca088834f5c60a0d76"", ""protocol"": {""decoding"": ""greedy"", ""metric"": ""macro_accuracy"", ""prompt"": ""fixed_5shot_by_subject"", ""sample_count"": 11582, ""sample_selection"": ""full_frozen_official_test_order""}, ""run_id"": ""qwen__cmmlu__qv__iid_matched__s1107__n2500"", ""sample_manifest"": {""ordered_sample_content_sha256"": ""5cad594c402be6e6bcce53b5552bcef36806aa5c3ddd8da1be67c332c8718e29"", ""ordered_sample_ids_sha256"": ""0f5aab4bcf6cc4b8893800d22b79af409a973946b0284fc8959c6ebb8fd0d51d"", ""sample_count"": 11582}, ""schema_version"": 1, ""task"": ""cmmlu""}, ""metrics"": [""macro_accuracy""], ""protocol"": {""decoding"": ""greedy"", ""metric"": ""macro_accuracy"", ""prompt"": ""fixed_5shot_by_subject"", ""sample_count"": 11582, ""sample_selection"": ""full_frozen_official_test_order""}, ""sample_set_hash"": ""c5fcd5f79503b4a9590576905e80b1cea954849cffedc3cb08f48c45fa28157e"", ""task"": ""cmmlu""}]","[""qwen__cmmlu__qv__iid_matched__s1107__n2500__step_002500__cmmlu.json""]",[],[],476.63647948578,476.63647948578,3439.123963052465,0.5731902000261471,
qwen__cmmlu__qv__iid_matched__s1107__n500__gradlog,qwen,cmmlu,iid_matched,1107,500,qv,"[""mechanism_500step""]",1,"[""mechanism_500step""]",complete,complete,8abc35addafc18fdd72adae616c0caeb95259c9b78dbadca5a130d4f256142c9,4505d79d97da873570b207c44dfb8befd9357d2f79f4816d2847c633bf1f9640,b40a55b8c52a52353c2457afdad00f4de395e48a,"[100, 250, 500]","[""4505d79d97da873570b207c44dfb8befd9357d2f79f4816d2847c633bf1f9640""]","[100, 250, 500]",[],"{""100"": ""dde08a48344ba8fa11fd57ff9dba7bc8a36d79badbb7cbeb0d8c1ca3d3e55cb4"", ""250"": ""84d7b675255403b8f26d0c39c57bd8f844335d0275de926d7de5becccefeda01"", ""500"": ""53dcb957cc101c08e7afe893033d0847af898babb57b539db465e64d93b06c9e""}",[],[],[],[],[],505.55947382189333,505.55947382189333,821.1168454377621,0.5799278969934676,
qwen__cmmlu__qv__iid_matched__s123__n2500,qwen,cmmlu,iid_matched,123,2500,qv,"[""downstream_2500step""]",1,"[""downstream_2500step""]",complete,complete,0ab1a065f000027b6b3ee5e343405e6c4fa02e5d7badc1dd17149c025c0b88a6,c3e095d91e0e999b15caa26861def1832234d242fa4d7670d3a1dd45bc18c0a5,6569e76bf27da84743934012d6d2df6eb2c28709,"[0, 100, 250, 500, 1000, 1500, 2500]","[""c3e095d91e0e999b15caa26861def1832234d242fa4d7670d3a1dd45bc18c0a5""]","[0, 100, 250, 500, 1000, 1500, 2500]",[],"{""0"": ""6551b85989b811b7a622ec44b855814905077d010858684061e6ed4628fbfd50"", ""100"": ""4d7f4a75f8d8f94912701e68f52d9a3ae90833d2c813af36332d706317860217"", ""1000"": ""614937e49be2ea47651a98612487a055ef105eeff42e634e99482a63d3fa2cc6"", ""1500"": ""4c8623c7e1413ff88c4c0fc0c6a0174eeb8d9a9a5048838599aa1e32622922ff"", ""250"": ""66d759948599cffb13e1013c00c701b816ab0828216a6e1f7307858030a0d43c"", ""2500"": ""d4a2c58b6b79b248b1edeb5ba2896886433ee0a46ba8e74dd8dcda2edc34f600"", ""500"": ""aec3eb1c0e1814611b3e10819b202fd99de8c1b6096fd5416a4e5bb3957bad35""}","[""qwen__cmmlu__qv__iid_matched__s123__n2500__step_002500__cmmlu.json""]","[{""bind_formal_samples"": true, ""checkpoint"": 2500, ""dataset_split_hash"": ""fd0a5596e80d8029a0b54f04a7a250d2f40e5def742eb6ca088834f5c60a0d76"", ""evaluation_config"": {""checkpoint"": 2500, ""dataset_split_hash"": ""fd0a5596e80d8029a0b54f04a7a250d2f40e5def742eb6ca088834f5c60a0d76"", ""protocol"": {""decoding"": ""greedy"", ""metric"": ""macro_accuracy"", ""prompt"": ""fixed_5shot_by_subject"", ""sample_count"": 11582, ""sample_selection"": ""full_frozen_official_test_order""}, ""run_id"": ""qwen__cmmlu__qv__iid_matched__s123__n2500"", ""sample_manifest"": {""ordered_sample_content_sha256"": ""5cad594c402be6e6bcce53b5552bcef36806aa5c3ddd8da1be67c332c8718e29"", ""ordered_sample_ids_sha256"": ""0f5aab4bcf6cc4b8893800d22b79af409a973946b0284fc8959c6ebb8fd0d51d"", ""sample_count"": 11582}, ""schema_version"": 1, ""task"": ""cmmlu""}, ""metrics"": [""macro_accuracy""], ""protocol"": {""decoding"": ""greedy"", ""metric"": ""macro_accuracy"", ""prompt"": ""fixed_5shot_by_subject"", ""sample_count"": 11582, ""sample_selection"": ""full_frozen_official_test_order""}, ""sample_set_hash"": ""c5fcd5f79503b4a9590576905e80b1cea954849cffedc3cb08f48c45fa28157e"", ""task"": ""cmmlu""}]","[""qwen__cmmlu__qv__iid_matched__s123__n2500__step_002500__cmmlu.json""]",[],[],478.65406901575625,478.65406901575625,3470.6916580441175,0.659277699975064,
qwen__cmmlu__qv__iid_matched__s123__n500__gradlog,qwen,cmmlu,iid_matched,123,500,qv,"[""mechanism_500step""]",1,"[""mechanism_500step""]",complete,complete,dba069ca9abbbdaed1d2094772687f98f89dabbe2d26c2ebacb86b309edbd2e7,d20bc67f9aa42196c50cc24c3c30a200c02239d7a1d7bb0e95b8d18c328d4873,b40a55b8c52a52353c2457afdad00f4de395e48a,"[100, 250, 500]","[""d20bc67f9aa42196c50cc24c3c30a200c02239d7a1d7bb0e95b8d18c328d4873""]","[100, 250, 500]",[],"{""100"": ""4d7f4a75f8d8f94912701e68f52d9a3ae90833d2c813af36332d706317860217"", ""250"": ""d55da164ba431f6a935a581c03b1e3e4347722d4ee9595d690b050c03230723f"", ""500"": ""bc96071e6b9bc9e4199dda61faa848e953ec97f2c1430077540703ef2eb52fde""}",[],[],[],[],[],507.276755027473,507.276755027473,821.1904265119229,0.624384798007668,
qwen__cmmlu__qv__iid_matched__s42__n2500,qwen,cmmlu,iid_matched,42,2500,qv,"[""downstream_2500step""]",1,"[""downstream_2500step""]",complete,complete,d3db1fbf1198a8c6f1784d9dd94f40f306d46d177673b495682a128502ad69a9,25a2d825cc7c94f91a06584c6a3a3c4920118946ebabcd286e5664cdb2f6b2a8,6569e76bf27da84743934012d6d2df6eb2c28709,"[0, 100, 250, 500, 1000, 1500, 2500]","[""25a2d825cc7c94f91a06584c6a3a3c4920118946ebabcd286e5664cdb2f6b2a8""]","[0, 100, 250, 500, 1000, 1500, 2500]",[],"{""0"": ""91ee6fb132176df75e049ecbe65417b5cd784bf646a0cd6341fa038cdb3cf6e0"", ""100"": ""de2afdb774d3723ee8116bfe870c146f42a33bf413d5083bdebf875377e8acb6"", ""1000"": ""db71a80e66cec7bd55b78f60f38e515c48a1731100a5cdfd0c85232541087981"", ""1500"": ""ebec521b12cda17b38d95984d9995191fcdd5f3811000134d83d0b5ea3553224"", ""250"": ""1c43b068879e40f1601b46077ecc0c6c714248e71f0bcbfa09caf7b39f9b43a6"", ""2500"": ""b3692a3db4b44052a0b117b25744867bbd008282373a0ab21249da043b0b16f7"", ""500"": ""5c678c8409dfe3223f2855866ec13ce53389ea8c675bea3079b7430b2b41fb10""}","[""qwen__cmmlu__qv__iid_matched__s42__n2500__step_002500__cmmlu.json""]","[{""bind_formal_samples"": true, ""checkpoint"": 2500, ""dataset_split_hash"": ""fd0a5596e80d8029a0b54f04a7a250d2f40e5def742eb6ca088834f5c60a0d76"", ""evaluation_config"": {""checkpoint"": 2500, ""dataset_split_hash"": ""fd0a5596e80d8029a0b54f04a7a250d2f40e5def742eb6ca088834f5c60a0d76"", ""protocol"": {""decoding"": ""greedy"", ""metric"": ""macro_accuracy"", ""prompt"": ""fixed_5shot_by_subject"", ""sample_count"": 11582, ""sample_selection"": ""full_frozen_official_test_order""}, ""run_id"": ""qwen__cmmlu__qv__iid_matched__s42__n2500"", ""sample_manifest"": {""ordered_sample_content_sha256"": ""5cad594c402be6e6bcce53b5552bcef36806aa5c3ddd8da1be67c332c8718e29"", ""ordered_sample_ids_sha256"": ""0f5aab4bcf6cc4b8893800d22b79af409a973946b0284fc8959c6ebb8fd0d51d"", ""sample_count"": 11582}, ""schema_version"": 1, ""task"": ""cmmlu""}, ""metrics"": [""macro_accuracy""], ""protocol"": {""decoding"": ""greedy"", ""metric"": ""macro_accuracy"", ""prompt"": ""fixed_5shot_by_subject"", ""sample_count"": 11582, ""sample_selection"": ""full_frozen_official_test_order""}, ""sample_set_hash"": ""c5fcd5f79503b4a9590576905e80b1cea954849cffedc3cb08f48c45fa28157e"", ""task"": ""cmmlu""}]","[""qwen__cmmlu__qv__iid_matched__s42__n2500__step_002500__cmmlu.json""]",[],[],484.10226104035974,484.10226104035974,3483.6105883437267,0.7568057000171393,
qwen__cmmlu__qv__iid_matched__s42__n500__gradlog,qwen,cmmlu,iid_matched,42,500,qv,"[""mechanism_500step""]",1,"[""mechanism_500step""]",complete,complete,66d7e70bacd4d52f60c3e09eded409020c721b1bd8594f0f78691253e8df5dc7,fa1e0f5f2cc4fc209de42f2d81ee058cb21c59f15298a4c30e6fff9504b1b02c,b40a55b8c52a52353c2457afdad00f4de395e48a,"[100, 250, 500]","[""fa1e0f5f2cc4fc209de42f2d81ee058cb21c59f15298a4c30e6fff9504b1b02c""]","[100, 250, 500]",[],"{""100"": ""b99d09ca6bd7341c6e3b3e3a9658a205cfc10e05ab6e7461c35c1ba7bfeaaba8"", ""250"": ""84ac400c7130de60f5fd6402341b56074f809d87f18dbac1d0ef91e421cec8d5"", ""500"": ""066cfe15a1e8e0ab0b3473576834a77513b07d33b420fbc9c9992e71458a291f""}",[],[],[],[],[],511.61065358296037,511.61065358296037,820.6774715869979,0.5238577970012557,
qwen__cmmlu__qv__lora_one__s1107__n2500,qwen,cmmlu,lora_one,1107,2500,qv,"[""baseline_fairness_qwen_table3""]",1,"[""baseline_fairness_final""]",complete,complete,b67c7b943923faa398565f24cf4ea8d37b3aa67de7e53f6d98faa6a60b022b4c,74fbdc258dfa5db2263d1d75b7be174f9a45780017281ef49a06cf5d333d3107,128b1c03e44c1faea13fc361b60fb5689896efab,[2500],"[""74fbdc258dfa5db2263d1d75b7be174f9a45780017281ef49a06cf5d333d3107""]",[2500],[],"{""2500"": ""e7341e232bb8f90759db931a7e824daf71e8f65be053ccebead0c75b85382bdf""}","[""qwen__cmmlu__qv__lora_one__s1107__n2500__step_002500__cmmlu.json""]","[{""bind_formal_samples"": true, ""checkpoint"": 2500, ""dataset_split_hash"": ""fd0a5596e80d8029a0b54f04a7a250d2f40e5def742eb6ca088834f5c60a0d76"", ""evaluation_config"": {""checkpoint"": 2500, ""dataset_split_hash"": ""fd0a5596e80d8029a0b54f04a7a250d2f40e5def742eb6ca088834f5c60a0d76"", ""protocol"": {""decoding"": ""greedy"", ""metric"": ""macro_accuracy"", ""prompt"": ""fixed_5shot_by_subject"", ""sample_count"": 11582, ""sample_selection"": ""full_frozen_official_test_order""}, ""run_id"": ""qwen__cmmlu__qv__lora_one__s1107__n2500"", ""sample_manifest"": {""ordered_sample_content_sha256"": ""5cad594c402be6e6bcce53b5552bcef36806aa5c3ddd8da1be67c332c8718e29"", ""ordered_sample_ids_sha256"": ""0f5aab4bcf6cc4b8893800d22b79af409a973946b0284fc8959c6ebb8fd0d51d"", ""sample_count"": 11582}, ""schema_version"": 1, ""task"": ""cmmlu""}, ""metrics"": [""macro_accuracy""], ""protocol"": {""decoding"": ""greedy"", ""metric"": ""macro_accuracy"", ""prompt"": ""fixed_5shot_by_subject"", ""sample_count"": 11582, ""sample_selection"": ""full_frozen_official_test_order""}, ""sample_set_hash"": ""c5fcd5f79503b4a9590576905e80b1cea954849cffedc3cb08f48c45fa28157e"", ""task"": ""cmmlu""}]","[""qwen__cmmlu__qv__lora_one__s1107__n2500__step_002500__cmmlu.json""]",[],[],519.3691295403987,519.3691295403987,3487.0428800997906,20.689567718014587,
qwen__cmmlu__qv__lora_one__s1107__n500__lr_x0.5,qwen,cmmlu,lora_one,1107,500,qv,"[""baseline_fairness_qwen_table3""]",1,"[""baseline_fairness_screening""]",complete,complete,a56f66568dd0857330e16ae29a9c7b9afcc3a773a325c8231143f6634999b16a,bef51a31ea084861c265d9fd51fef3185870287523618fd6ac2923930151ea1e,8e8b1657c187c1de7133f46ea540fa3bbad3bdae,[],"[""bef51a31ea084861c265d9fd51fef3185870287523618fd6ac2923930151ea1e""]",[],[],{},[],[],[],[],[],523.5676738545299,523.5676738545299,5281.727117245609,482.20138947397936,
qwen__cmmlu__qv__lora_one__s1107__n500__lr_x1.0,qwen,cmmlu,lora_one,1107,500,qv,"[""baseline_fairness_qwen_table3""]",1,"[""baseline_fairness_screening""]",complete,complete,8a16e17327a2cee056ae1138e043b2b4dff837863502aa82059f8268c60f5c01,0f0463cd67f1b9cf7ba65b3e92084b31b441b42a7e603d430df17a7c3d137f1e,8e8b1657c187c1de7133f46ea540fa3bbad3bdae,[],"[""0f0463cd67f1b9cf7ba65b3e92084b31b441b42a7e603d430df17a7c3d137f1e""]",[],[],{},[],[],[],[],[],430.2653223555535,430.2653223555535,4792.080615498649,484.4393587889499,
qwen__cmmlu__qv__lora_one__s1107__n500__lr_x2.0,qwen,cmmlu,lora_one,1107,500,qv,"[""baseline_fairness_qwen_table3""]",1,"[""baseline_fairness_screening""]",complete,complete,28616d392a01b15693bd2dad777c0bc60a1d4ea02048c8f774e90f1e40b12fb9,4037b2ff29680a61dc5831c8753f414b64b08f7582ab632ef8b06277eae8ce27,8e8b1657c187c1de7133f46ea540fa3bbad3bdae,[],"[""4037b2ff29680a61dc5831c8753f414b64b08f7582ab632ef8b06277eae8ce27""]",[],[],{},[],[],[],[],[],314.89591537136585,314.89591537136585,4277.760395727295,420.20580547797726,
qwen__cmmlu__qv__lora_one__s123__n2500,qwen,cmmlu,lora_one,123,2500,qv,"[""baseline_fairness_qwen_table3""]",1,"[""baseline_fairness_final""]",complete,complete,cb4de7630f425cb27ec7f97574a4fae6a39929ff15db572c4ea1675a715fc021,c0746c66d1d9db625d3a51d43014795e00e5c910b07c22e82f04cde98cc77dd6,128b1c03e44c1faea13fc361b60fb5689896efab,[2500],"[""c0746c66d1d9db625d3a51d43014795e00e5c910b07c22e82f04cde98cc77dd6""]",[2500],[],"{""2500"": ""137f504c9c30b78b7773190444715a519c210168acbcf0ac44bb0bc61316cbe2""}","[""qwen__cmmlu__qv__lora_one__s123__n2500__step_002500__cmmlu.json""]","[{""bind_formal_samples"": true, ""checkpoint"": 2500, ""dataset_split_hash"": ""fd0a5596e80d8029a0b54f04a7a250d2f40e5def742eb6ca088834f5c60a0d76"", ""evaluation_config"": {""checkpoint"": 2500, ""dataset_split_hash"": ""fd0a5596e80d8029a0b54f04a7a250d2f40e5def742eb6ca088834f5c60a0d76"", ""protocol"": {""decoding"": ""greedy"", ""metric"": ""macro_accuracy"", ""prompt"": ""fixed_5shot_by_subject"", ""sample_count"": 11582, ""sample_selection"": ""full_frozen_official_test_order""}, ""run_id"": ""qwen__cmmlu__qv__lora_one__s123__n2500"", ""sample_manifest"": {""ordered_sample_content_sha256"": ""5cad594c402be6e6bcce53b5552bcef36806aa5c3ddd8da1be67c332c8718e29"", ""ordered_sample_ids_sha256"": ""0f5aab4bcf6cc4b8893800d22b79af409a973946b0284fc8959c6ebb8fd0d51d"", ""sample_count"": 11582}, ""schema_version"": 1, ""task"": ""cmmlu""}, ""metrics"": [""macro_accuracy""], ""protocol"": {""decoding"": ""greedy"", ""metric"": ""macro_accuracy"", ""prompt"": ""fixed_5shot_by_subject"", ""sample_count"": 11582, ""sample_selection"": ""full_frozen_official_test_order""}, ""sample_set_hash"": ""c5fcd5f79503b4a9590576905e80b1cea954849cffedc3cb08f48c45fa28157e"", ""task"": ""cmmlu""}]","[""qwen__cmmlu__qv__lora_one__s123__n2500__step_002500__cmmlu.json""]",[],[],519.3327817786485,519.3327817786485,3561.3087774510495,21.02478538698051,
qwen__cmmlu__qv__lora_one__s42__n2500,qwen,cmmlu,lora_one,42,2500,qv,"[""baseline_fairness_qwen_table3""]",1,"[""baseline_fairness_final""]",complete,complete,700d7986c5eb2e7fbced5446a308aaeae202b43bd45cafa826846936c8ab3536,ea1091fdab5c8038d48a73a72aaa119641c471506732bc068d61d646f81cbe00,128b1c03e44c1faea13fc361b60fb5689896efab,[2500],"[""ea1091fdab5c8038d48a73a72aaa119641c471506732bc068d61d646f81cbe00""]",[2500],[],"{""2500"": ""3b321f7961a221e4427cf36ed0a88a44970254ad8a26b069e2f6fc600ef19882""}","[""qwen__cmmlu__qv__lora_one__s42__n2500__step_002500__cmmlu.json""]","[{""bind_formal_samples"": true, ""checkpoint"": 2500, ""dataset_split_hash"": ""fd0a5596e80d8029a0b54f04a7a250d2f40e5def742eb6ca088834f5c60a0d76"", ""evaluation_config"": {""checkpoint"": 2500, ""dataset_split_hash"": ""fd0a5596e80d8029a0b54f04a7a250d2f40e5def742eb6ca088834f5c60a0d76"", ""protocol"": {""decoding"": ""greedy"", ""metric"": ""macro_accuracy"", ""prompt"": ""fixed_5shot_by_subject"", ""sample_count"": 11582, ""sample_selection"": ""full_frozen_official_test_order""}, ""run_id"": ""qwen__cmmlu__qv__lora_one__s42__n2500"", ""sample_manifest"": {""ordered_sample_content_sha256"": ""5cad594c402be6e6bcce53b5552bcef36806aa5c3ddd8da1be67c332c8718e29"", ""ordered_sample_ids_sha256"": ""0f5aab4bcf6cc4b8893800d22b79af409a973946b0284fc8959c6ebb8fd0d51d"", ""sample_count"": 11582}, ""schema_version"": 1, ""task"": ""cmmlu""}, ""metrics"": [""macro_accuracy""], ""protocol"": {""decoding"": ""greedy"", ""metric"": ""macro_accuracy"", ""prompt"": ""fixed_5shot_by_subject"", ""sample_count"": 11582, ""sample_selection"": ""full_frozen_official_test_order""}, ""sample_set_hash"": ""c5fcd5f79503b4a9590576905e80b1cea954849cffedc3cb08f48c45fa28157e"", ""task"": ""cmmlu""}]","[""qwen__cmmlu__qv__lora_one__s42__n2500__step_002500__cmmlu.json""]",[],[],519.6419560946524,519.6419560946524,3680.393634621345,21.210192620987073,
qwen__cmmlu__qv__peft_default__s1107__n2500,qwen,cmmlu,peft_default,1107,2500,qv,"[""baseline_fairness_qwen_table3"", ""downstream_2500step""]",2,"[""baseline_fairness_final"", ""downstream_2500step""]",complete,complete,235d28f74daa7f28febb467fcce04b134801f7310a0ce59b397f44a2ea8eeb86,c5b37bbdd2d36c803906d4aedc3d91c9c09395b11698250b7da8b292da7ba53c,6569e76bf27da84743934012d6d2df6eb2c28709,"[0, 100, 250, 500, 1000, 1500, 2500]","[""c5b37bbdd2d36c803906d4aedc3d91c9c09395b11698250b7da8b292da7ba53c"", ""d93c3ddd610b579ab5246942ee7b68bab58565313d3175a997a2e24887e4fa6c""]","[0, 100, 250, 500, 1000, 1500, 2500]",[],"{""0"": ""bbd6e35c8f4e4d7785c123a32903020158a5c2c9d9b0db689f2bfab2a809b79e"", ""100"": ""d29ef22566d31f7d597d0081230d5c4c5f3fce3fc9554056f0942b791b57c119"", ""1000"": ""6760efaa22bab5b7db9d068566b41e2d6c697f81ee31a5c7a3fa31ec59150db6"", ""1500"": ""42d0cd28269536cb51b3923fe62244d909fab2d33c8c1eb3fe45672fbc2c1167"", ""250"": ""7f03e358bf3efd935e8d94b7d51e197c73b2495eb16dae5168980ecf674ef868"", ""2500"": ""906f6d788e3491fe255e590cbad12a426af749f96b5790761e653bf27985a4ed"", ""500"": ""238c1715ee31c95cff5e16a263081ae471181cfcf4bc9478611c365c2efd6773""}","[""qwen__cmmlu__qv__peft_default__s1107__n2500__step_002500__cmmlu.json""]","[{""bind_formal_samples"": true, ""checkpoint"": 2500, ""dataset_split_hash"": ""fd0a5596e80d8029a0b54f04a7a250d2f40e5def742eb6ca088834f5c60a0d76"", ""evaluation_config"": {""checkpoint"": 2500, ""dataset_split_hash"": ""fd0a5596e80d8029a0b54f04a7a250d2f40e5def742eb6ca088834f5c60a0d76"", ""protocol"": {""decoding"": ""greedy"", ""metric"": ""macro_accuracy"", ""prompt"": ""fixed_5shot_by_subject"", ""sample_count"": 11582, ""sample_selection"": ""full_frozen_official_test_order""}, ""run_id"": ""qwen__cmmlu__qv__peft_default__s1107__n2500"", ""sample_manifest"": {""ordered_sample_content_sha256"": ""5cad594c402be6e6bcce53b5552bcef36806aa5c3ddd8da1be67c332c8718e29"", ""ordered_sample_ids_sha256"": ""0f5aab4bcf6cc4b8893800d22b79af409a973946b0284fc8959c6ebb8fd0d51d"", ""sample_count"": 11582}, ""schema_version"": 1, ""task"": ""cmmlu""}, ""metrics"": [""macro_accuracy""], ""protocol"": {""decoding"": ""greedy"", ""metric"": ""macro_accuracy"", ""prompt"": ""fixed_5shot_by_subject"", ""sample_count"": 11582, ""sample_selection"": ""full_frozen_official_test_order""}, ""sample_set_hash"": ""c5fcd5f79503b4a9590576905e80b1cea954849cffedc3cb08f48c45fa28157e"", ""task"": ""cmmlu""}]","[""qwen__cmmlu__qv__peft_default__s1107__n2500__step_002500__cmmlu.json""]",[],[],505.57390726171434,505.57390726171434,3441.8219267822133,0.20776770000520628,
qwen__cmmlu__qv__peft_default__s1107__n500__gradlog,qwen,cmmlu,peft_default,1107,500,qv,"[""mechanism_500step""]",1,"[""mechanism_500step""]",complete,complete,b37efb0814b079467566e1dd271d3f285264f9af7253c6ee37417e72a3d11042,4391f10bce74034a646272c6cfa040ebe669e6f9ac992738a19d16f257226e9f,b40a55b8c52a52353c2457afdad00f4de395e48a,"[100, 250, 500]","[""4391f10bce74034a646272c6cfa040ebe669e6f9ac992738a19d16f257226e9f""]","[100, 250, 500]",[],"{""100"": ""b4dd3b00c77576b408bd12d6a8159fdb1f1b0a3457e2ced2feb8d2ec0c1a6249"", ""250"": ""a9c6d15fadfbfe5f269ed5ba98d102a090eb71e995e90c699e0b04b78d9dbf8e"", ""500"": ""f22517a058db56eb74c9fe8660f18440b83fe27db56faf20bd7ed5cd4512dff2""}",[],[],[],[],[],533.214746652171,533.214746652171,844.0282943992788,0.2204240009887144,
qwen__cmmlu__qv__peft_default__s123__n2500,qwen,cmmlu,peft_default,123,2500,qv,"[""baseline_fairness_qwen_table3"", ""downstream_2500step""]",2,"[""baseline_fairness_final"", ""downstream_2500step""]",complete,complete,f953014b16896a15acf04f22e34663538d8a0418bd67a0ebea5de0c3d2da1cae,1a86d1ebce62f54f62adad4b1c1d2f6f312f9e40563dd8b327993d822b648001,6569e76bf27da84743934012d6d2df6eb2c28709,"[0, 100, 250, 500, 1000, 1500, 2500]","[""1a86d1ebce62f54f62adad4b1c1d2f6f312f9e40563dd8b327993d822b648001"", ""2906247d29ec12d2bc3ea1b5e53fdfcc3b7f9ac531f98284aac429eb6ab77831""]","[0, 100, 250, 500, 1000, 1500, 2500]",[],"{""0"": ""2d4c0fd226a01f7b8d2d4f57efe825f7a80a2ab78d55265c7a6f128c6cd9b59d"", ""100"": ""4b2a62c95d2965739603e14b239331b9a3cb4dd241f569be42566e41359b36f3"", ""1000"": ""831c4cb7f8a3a80bbf882b79bfab776b51677b9f377024721ff7a79595e9eba5"", ""1500"": ""1fc3fa2bcd4e673514066e2369a277c1c3b538fda178af096d671620199d3903"", ""250"": ""fc0cfe83f2185168c2cdfb3ba075e719b3c7fc11f2f8697771797dff7d0bd098"", ""2500"": ""69bb304e04e89827786bcd221737f917b120373699acf05f493030993d6aa04e"", ""500"": ""5423220c06f1d7c8574e74a8abcffd03b31f60db49656db285634985a854cbd9""}","[""qwen__cmmlu__qv__peft_default__s123__n2500__step_002500__cmmlu.json""]","[{""bind_formal_samples"": true, ""checkpoint"": 2500, ""dataset_split_hash"": ""fd0a5596e80d8029a0b54f04a7a250d2f40e5def742eb6ca088834f5c60a0d76"", ""evaluation_config"": {""checkpoint"": 2500, ""dataset_split_hash"": ""fd0a5596e80d8029a0b54f04a7a250d2f40e5def742eb6ca088834f5c60a0d76"", ""protocol"": {""decoding"": ""greedy"", ""metric"": ""macro_accuracy"", ""prompt"": ""fixed_5shot_by_subject"", ""sample_count"": 11582, ""sample_selection"": ""full_frozen_official_test_order""}, ""run_id"": ""qwen__cmmlu__qv__peft_default__s123__n2500"", ""sample_manifest"": {""ordered_sample_content_sha256"": ""5cad594c402be6e6bcce53b5552bcef36806aa5c3ddd8da1be67c332c8718e29"", ""ordered_sample_ids_sha256"": ""0f5aab4bcf6cc4b8893800d22b79af409a973946b0284fc8959c6ebb8fd0d51d"", ""sample_count"": 11582}, ""schema_version"": 1, ""task"": ""cmmlu""}, ""metrics"": [""macro_accuracy""], ""protocol"": {""decoding"": ""greedy"", ""metric"": ""macro_accuracy"", ""prompt"": ""fixed_5shot_by_subject"", ""sample_count"": 11582, ""sample_selection"": ""full_frozen_official_test_order""}, ""sample_set_hash"": ""c5fcd5f79503b4a9590576905e80b1cea954849cffedc3cb08f48c45fa28157e"", ""task"": ""cmmlu""}]","[""qwen__cmmlu__qv__peft_default__s123__n2500__step_002500__cmmlu.json""]",[],[],505.89324237406254,505.89324237406254,3429.227507627409,0.3102534000063315,
qwen__cmmlu__qv__peft_default__s123__n500__gradlog,qwen,cmmlu,peft_default,123,500,qv,"[""mechanism_500step""]",1,"[""mechanism_500step""]",complete,complete,f8a288719893837b53d79f3c783c0cfc5c8188b1c04976d7198a7744732b4861,51e0382496bcf4e25a106e54957af4f8703785ed94dcf4b76eb27545d415a93d,b40a55b8c52a52353c2457afdad00f4de395e48a,"[100, 250, 500]","[""51e0382496bcf4e25a106e54957af4f8703785ed94dcf4b76eb27545d415a93d""]","[100, 250, 500]",[],"{""100"": ""4b2a62c95d2965739603e14b239331b9a3cb4dd241f569be42566e41359b36f3"", ""250"": ""e4bed988c3475bfb3242ebb38c0227c19406a921bf979826dae54a873c556a98"", ""500"": ""720b9bd11df1d13dc15ca08ecdf79bed9ae8f6f8dd62aa6f53744094626fff7e""}",[],[],[],[],[],533.883796799928,533.883796799928,822.1316877800418,0.28553049999754876,
qwen__cmmlu__qv__peft_default__s42__n2500,qwen,cmmlu,peft_default,42,2500,qv,"[""baseline_fairness_qwen_table3"", ""downstream_2500step""]",2,"[""baseline_fairness_final"", ""downstream_2500step""]",complete,complete,b53dd876d8b973fad232a3dd293ffb1b48fe77c26c6f06a1f432a564ed05ec28,8c0d0a7e18a7cbaf1e7bcf402f97e1c2d3ead516b234c226212c918327820963,6569e76bf27da84743934012d6d2df6eb2c28709,"[0, 100, 250, 500, 1000, 1500, 2500]","[""8c0d0a7e18a7cbaf1e7bcf402f97e1c2d3ead516b234c226212c918327820963"", ""a444626316a8e7569b8f0db5a44fef20498e7b0d9312b4fb0ee1bb5c7f45c007""]","[0, 100, 250, 500, 1000, 1500, 2500]",[],"{""0"": ""7a4c9bb903debbeb75d1d4fd0f2d338b714dcccd48366c5591943957dc87c1a2"", ""100"": ""f7ba0668d03c0fef6647d1f3ef2cb904af8507884c56ba5782b5f2f344f4ce5a"", ""1000"": ""c6af9bc13f9b45b5bf4e02d11edb9f00c21e87c683f3aab0067c47ba0389d8f7"", ""1500"": ""a8e2203afd86b19a6aeebcb4e98e720abf4e6f25ecdfff30a912288d9c4b142d"", ""250"": ""9e733a2d68c8136473c915413e4229781ba8c10c1f8f1ea5bcda654ad53e0136"", ""2500"": ""d2450a33b749ddcfc490fc15213c82ce7699cbacc6f37686bb1e15332475d31c"", ""500"": ""e7a382f21fc3f64384cd8d9941d39e426a8d44a55a6076f9a340dd8572a09ea4""}","[""qwen__cmmlu__qv__peft_default__s42__n2500__step_002500__cmmlu.json""]","[{""bind_formal_samples"": true, ""checkpoint"": 2500, ""dataset_split_hash"": ""fd0a5596e80d8029a0b54f04a7a250d2f40e5def742eb6ca088834f5c60a0d76"", ""evaluation_config"": {""checkpoint"": 2500, ""dataset_split_hash"": ""fd0a5596e80d8029a0b54f04a7a250d2f40e5def742eb6ca088834f5c60a0d76"", ""protocol"": {""decoding"": ""greedy"", ""metric"": ""macro_accuracy"", ""prompt"": ""fixed_5shot_by_subject"", ""sample_count"": 11582, ""sample_selection"": ""full_frozen_official_test_order""}, ""run_id"": ""qwen__cmmlu__qv__peft_default__s42__n2500"", ""sample_manifest"": {""ordered_sample_content_sha256"": ""5cad594c402be6e6bcce53b5552bcef36806aa5c3ddd8da1be67c332c8718e29"", ""ordered_sample_ids_sha256"": ""0f5aab4bcf6cc4b8893800d22b79af409a973946b0284fc8959c6ebb8fd0d51d"", ""sample_count"": 11582}, ""schema_version"": 1, ""task"": ""cmmlu""}, ""metrics"": [""macro_accuracy""], ""protocol"": {""decoding"": ""greedy"", ""metric"": ""macro_accuracy"", ""prompt"": ""fixed_5shot_by_subject"", ""sample_count"": 11582, ""sample_selection"": ""full_frozen_official_test_order""}, ""sample_set_hash"": ""c5fcd5f79503b4a9590576905e80b1cea954849cffedc3cb08f48c45fa28157e"", ""task"": ""cmmlu""}]","[""qwen__cmmlu__qv__peft_default__s42__n2500__step_002500__cmmlu.json""]",[],[],506.6828713528812,506.6828713528812,3459.569147769871,0.3202674000058323,
qwen__cmmlu__qv__peft_default__s42__n500__gradlog,qwen,cmmlu,peft_default,42,500,qv,"[""mechanism_500step""]",1,"[""mechanism_500step""]",complete,complete,91ad8813205f2b9544618f4bc783c2e5b5bae81bb45274050d026dd2b18df212,a0be238c1dc68af110362501a3b8b8492583278d883880b2299d55602f97f0ad,b40a55b8c52a52353c2457afdad00f4de395e48a,"[100, 250, 500]","[""a0be238c1dc68af110362501a3b8b8492583278d883880b2299d55602f97f0ad""]","[100, 250, 500]",[],"{""100"": ""f7ba0668d03c0fef6647d1f3ef2cb904af8507884c56ba5782b5f2f344f4ce5a"", ""250"": ""87959d8496fc148e15a24d2ee9dc0603e1d86f31c31a7aecfece70a02efb47ab"", ""500"": ""604475dffe41cea2676e4962d2bd9d1b50a233c4aa8a3c01d1f27cfbd4521898""}",[],[],[],[],[],534.1524088829756,534.1524088829756,820.210467148936,0.17396049699163996,
qwen__cmmlu__qv__pissa__s1107__n2500,qwen,cmmlu,pissa,1107,2500,qv,"[""baseline_fairness_qwen_table3""]",1,"[""baseline_fairness_final""]",complete,complete,459692f96ee9311f3d07b7b35a17bad3effe194c0103d31b8795d8369c2056ba,ab186a3e6e9e9a208c5531ffe51fbdd1f62135fa93ccc88887ac31bc25e26ebc,128b1c03e44c1faea13fc361b60fb5689896efab,[2500],"[""ab186a3e6e9e9a208c5531ffe51fbdd1f62135fa93ccc88887ac31bc25e26ebc""]",[2500],[],"{""2500"": ""b69a769f4ebdca6d7154cdd62bf9cfcb5e8b46219bc0f24dd124c6e429c8a060""}","[""qwen__cmmlu__qv__pissa__s1107__n2500__step_002500__cmmlu.json""]","[{""bind_formal_samples"": true, ""checkpoint"": 2500, ""dataset_split_hash"": ""fd0a5596e80d8029a0b54f04a7a250d2f40e5def742eb6ca088834f5c60a0d76"", ""evaluation_config"": {""checkpoint"": 2500, ""dataset_split_hash"": ""fd0a5596e80d8029a0b54f04a7a250d2f40e5def742eb6ca088834f5c60a0d76"", ""protocol"": {""decoding"": ""greedy"", ""metric"": ""macro_accuracy"", ""prompt"": ""fixed_5shot_by_subject"", ""sample_count"": 11582, ""sample_selection"": ""full_frozen_official_test_order""}, ""run_id"": ""qwen__cmmlu__qv__pissa__s1107__n2500"", ""sample_manifest"": {""ordered_sample_content_sha256"": ""5cad594c402be6e6bcce53b5552bcef36806aa5c3ddd8da1be67c332c8718e29"", ""ordered_sample_ids_sha256"": ""0f5aab4bcf6cc4b8893800d22b79af409a973946b0284fc8959c6ebb8fd0d51d"", ""sample_count"": 11582}, ""schema_version"": 1, ""task"": ""cmmlu""}, ""metrics"": [""macro_accuracy""], ""protocol"": {""decoding"": ""greedy"", ""metric"": ""macro_accuracy"", ""prompt"": ""fixed_5shot_by_subject"", ""sample_count"": 11582, ""sample_selection"": ""full_frozen_official_test_order""}, ""sample_set_hash"": ""c5fcd5f79503b4a9590576905e80b1cea954849cffedc3cb08f48c45fa28157e"", ""task"": ""cmmlu""}]","[""qwen__cmmlu__qv__pissa__s1107__n2500__step_002500__cmmlu.json""]",[],[],520.4381140638143,520.4381140638143,3490.679163423134,24.811654139019083,
qwen__cmmlu__qv__pissa__s1107__n500__lr_x0.5,qwen,cmmlu,pissa,1107,500,qv,"[""baseline_fairness_qwen_table3""]",1,"[""baseline_fairness_screening""]",complete,complete,af3057adaffb59d41a571889a84f929c43251f6905e8b0f02c5db3718acfc672,7e706120a12f228c2c27e48bb1273d2dc9a091c5cefe58774c17a349a899b168,8e8b1657c187c1de7133f46ea540fa3bbad3bdae,[],"[""7e706120a12f228c2c27e48bb1273d2dc9a091c5cefe58774c17a349a899b168""]",[],[],{},[],[],[],[],[],569.7702736593783,569.7702736593783,4212.545209904667,351.10895769600756,
qwen__cmmlu__qv__pissa__s1107__n500__lr_x1.0,qwen,cmmlu,pissa,1107,500,qv,"[""baseline_fairness_qwen_table3""]",1,"[""baseline_fairness_screening""]",complete,complete,ea2ba1954edfdad8b110382b96df65325303f558cb8bfd1101af80b6fd8512e2,16575fe13c3b0c5d6a6137dffd219de65bc195d96716639f652a7350e95e9e92,8e8b1657c187c1de7133f46ea540fa3bbad3bdae,[],"[""16575fe13c3b0c5d6a6137dffd219de65bc195d96716639f652a7350e95e9e92""]",[],[],{},[],[],[],[],[],521.8769632130861,521.8769632130861,3405.15671720478,82.98192871501669,
qwen__cmmlu__qv__pissa__s1107__n500__lr_x2.0,qwen,cmmlu,pissa,1107,500,qv,"[""baseline_fairness_qwen_table3""]",1,"[""baseline_fairness_screening""]",complete,complete,461df8d7e528cfd57f577eac63d57803bc511068fc2830067cbaa4180ce03f20,e157ebed97ec5f4d5d088d23a558ded4791ccc2d30756aaeb512daf60d60a390,8e8b1657c187c1de7133f46ea540fa3bbad3bdae,[],"[""e157ebed97ec5f4d5d088d23a558ded4791ccc2d30756aaeb512daf60d60a390""]",[],[],{},[],[],[],[],[],448.38731225952506,448.38731225952506,3883.5866149406647,75.94467355299275,
qwen__cmmlu__qv__pissa__s123__n2500,qwen,cmmlu,pissa,123,2500,qv,"[""baseline_fairness_qwen_table3""]",1,"[""baseline_fairness_final""]",complete,complete,1517fa17a2218cc41e5bc2558e16193651b0428e4e6261b59f58dceed65da8ce,d347e0637ba2336ff2659cfcc504640a0b250ca11cd98402abb15536a3f5ccb0,128b1c03e44c1faea13fc361b60fb5689896efab,[2500],"[""d347e0637ba2336ff2659cfcc504640a0b250ca11cd98402abb15536a3f5ccb0""]",[2500],[],"{""2500"": ""026a3f3e6ca877b51ca9426e2cff23c70f6846df0c572ba0c9c61832bfe07a79""}","[""qwen__cmmlu__qv__pissa__s123__n2500__step_002500__cmmlu.json""]","[{""bind_formal_samples"": true, ""checkpoint"": 2500, ""dataset_split_hash"": ""fd0a5596e80d8029a0b54f04a7a250d2f40e5def742eb6ca088834f5c60a0d76"", ""evaluation_config"": {""checkpoint"": 2500, ""dataset_split_hash"": ""fd0a5596e80d8029a0b54f04a7a250d2f40e5def742eb6ca088834f5c60a0d76"", ""protocol"": {""decoding"": ""greedy"", ""metric"": ""macro_accuracy"", ""prompt"": ""fixed_5shot_by_subject"", ""sample_count"": 11582, ""sample_selection"": ""full_frozen_official_test_order""}, ""run_id"": ""qwen__cmmlu__qv__pissa__s123__n2500"", ""sample_manifest"": {""ordered_sample_content_sha256"": ""5cad594c402be6e6bcce53b5552bcef36806aa5c3ddd8da1be67c332c8718e29"", ""ordered_sample_ids_sha256"": ""0f5aab4bcf6cc4b8893800d22b79af409a973946b0284fc8959c6ebb8fd0d51d"", ""sample_count"": 11582}, ""schema_version"": 1, ""task"": ""cmmlu""}, ""metrics"": [""macro_accuracy""], ""protocol"": {""decoding"": ""greedy"", ""metric"": ""macro_accuracy"", ""prompt"": ""fixed_5shot_by_subject"", ""sample_count"": 11582, ""sample_selection"": ""full_frozen_official_test_order""}, ""sample_set_hash"": ""c5fcd5f79503b4a9590576905e80b1cea954849cffedc3cb08f48c45fa28157e"", ""task"": ""cmmlu""}]","[""qwen__cmmlu__qv__pissa__s123__n2500__step_002500__cmmlu.json""]",[],[],521.4622627831995,521.4622627831995,3482.0977611446287,24.85780973598594,
qwen__cmmlu__qv__pissa__s42__n2500,qwen,cmmlu,pissa,42,2500,qv,"[""baseline_fairness_qwen_table3""]",1,"[""baseline_fairness_final""]",complete,complete,ee2177037fa61c00c3bfc4a027b22ca99afc7daad1ac671443ab746dc34f8e0c,391eeba23590c9cc388a00868623486193e9178ff8c863ec0901f543b2a18708,128b1c03e44c1faea13fc361b60fb5689896efab,[2500],"[""391eeba23590c9cc388a00868623486193e9178ff8c863ec0901f543b2a18708""]",[2500],[],"{""2500"": ""4852b35463d1e5a8c8aac070ff4e259eeaa51429f0b83dd0976dc850db54232c""}","[""qwen__cmmlu__qv__pissa__s42__n2500__step_002500__cmmlu.json""]","[{""bind_formal_samples"": true, ""checkpoint"": 2500, ""dataset_split_hash"": ""fd0a5596e80d8029a0b54f04a7a250d2f40e5def742eb6ca088834f5c60a0d76"", ""evaluation_config"": {""checkpoint"": 2500, ""dataset_split_hash"": ""fd0a5596e80d8029a0b54f04a7a250d2f40e5def742eb6ca088834f5c60a0d76"", ""protocol"": {""decoding"": ""greedy"", ""metric"": ""macro_accuracy"", ""prompt"": ""fixed_5shot_by_subject"", ""sample_count"": 11582, ""sample_selection"": ""full_frozen_official_test_order""}, ""run_id"": ""qwen__cmmlu__qv__pissa__s42__n2500"", ""sample_manifest"": {""ordered_sample_content_sha256"": ""5cad594c402be6e6bcce53b5552bcef36806aa5c3ddd8da1be67c332c8718e29"", ""ordered_sample_ids_sha256"": ""0f5aab4bcf6cc4b8893800d22b79af409a973946b0284fc8959c6ebb8fd0d51d"", ""sample_count"": 11582}, ""schema_version"": 1, ""task"": ""cmmlu""}, ""metrics"": [""macro_accuracy""], ""protocol"": {""decoding"": ""greedy"", ""metric"": ""macro_accuracy"", ""prompt"": ""fixed_5shot_by_subject"", ""sample_count"": 11582, ""sample_selection"": ""full_frozen_official_test_order""}, ""sample_set_hash"": ""c5fcd5f79503b4a9590576905e80b1cea954849cffedc3cb08f48c45fa28157e"", ""task"": ""cmmlu""}]","[""qwen__cmmlu__qv__pissa__s42__n2500__step_002500__cmmlu.json""]",[],[],520.8899251986295,520.8899251986295,3474.9577248006826,24.84709179896163,
qwen__cmmlu__qv__powerlaw_col_a06__s1107__n500__gradlog,qwen,cmmlu,powerlaw_col_a06,1107,500,qv,"[""mechanism_500step""]",1,"[""mechanism_500step""]",complete,complete,2e131bf2071554051fef290d84f12117542591897bccff376dd0c48a082972c2,6532bfd183ab08ad3dcded7750a9365dd63a902521a96acdd1e4bc66bbdd77de,b40a55b8c52a52353c2457afdad00f4de395e48a,"[100, 250, 500]","[""6532bfd183ab08ad3dcded7750a9365dd63a902521a96acdd1e4bc66bbdd77de""]","[100, 250, 500]",[],"{""100"": ""f602ae7fdea8996c5ca8998ea48ca714e2ebaa3b3c2bf45b959f2b9c955a0ea6"", ""250"": ""89a51b4a346c6735f89e1d05e2c0718a42bdb9886b7f4191b3c341cf765e5038"", ""500"": ""bb85acd66eb92ea2e7a1915a4f11b5cdb03a2a8819f3f996fa526586ca0516e7""}",[],[],[],[],[],505.0331500824541,505.0331500824541,819.644853451071,6.35031868799706,
qwen__cmmlu__qv__powerlaw_col_a06__s123__n500__gradlog,qwen,cmmlu,powerlaw_col_a06,123,500,qv,"[""mechanism_500step""]",1,"[""mechanism_500step""]",complete,complete,479b32627894a1cb2fa263a0c4653dfa149c811381ef5386dfd361c4ef80a7b7,27cf8c25a6488330c59cbe783b5524299c31af6150568607266e38f8689a3b0b,b40a55b8c52a52353c2457afdad00f4de395e48a,"[100, 250, 500]","[""27cf8c25a6488330c59cbe783b5524299c31af6150568607266e38f8689a3b0b""]","[100, 250, 500]",[],"{""100"": ""2ff9daae4b52d56adc5c384432fda91e6714f7df4103b099a4a2c17c102a62dd"", ""250"": ""4832c1de7f92dc6b58a3a506d4f51ec4b3b87a1eabb799d0a82767f012eda8a7"", ""500"": ""6a1efe91042e89c94a665d956de88047179c8d16b657d7d03f7449566968974e""}",[],[],[],[],[],507.6824581809342,507.6824581809342,821.2169387411122,6.1636438019922934,
qwen__cmmlu__qv__powerlaw_col_a06__s42__n500__gradlog,qwen,cmmlu,powerlaw_col_a06,42,500,qv,"[""mechanism_500step""]",1,"[""mechanism_500step""]",complete,complete,12f27fc941c1e5985157aed2d4de1ce5a1c4da7860dfd5593b7d0eb57b2242cc,a622efa9395be6cdf3db306dfda34b21aa16c78a4120b5a1184c525b48c68342,b40a55b8c52a52353c2457afdad00f4de395e48a,"[100, 250, 500]","[""a622efa9395be6cdf3db306dfda34b21aa16c78a4120b5a1184c525b48c68342""]","[100, 250, 500]",[],"{""100"": ""953a8ca210191795696ccfbf49d3f1962171fb314358e3af7b477f0a5218b62e"", ""250"": ""6c6ac33649b8c7247487f4685d2c0c0fb3ab4356cd35d103798dbf17f9e192f4"", ""500"": ""640277052e7c8ba398ded6d387bc6e4653ff85597b809dc1ec498e092e225b97""}",[],[],[],[],[],503.9730104841292,503.9730104841292,821.5422416578513,6.303059884987306,
qwen__cmmlu__qv__powerlaw_global_a03__s1107__n500__alpha_0.3,qwen,cmmlu,powerlaw_global_a03,1107,500,qv,"[""baseline_fairness_qwen_table3""]",1,"[""baseline_fairness_screening""]",complete,complete,216a41e3bc508833b4b2242261dc64f9a40349519642b7bfe51ebb203f546045,f75b11ded9761a9f64b183cbab1edbdf0383227fa705600a7fb501ba685781ce,8e8b1657c187c1de7133f46ea540fa3bbad3bdae,[],"[""f75b11ded9761a9f64b183cbab1edbdf0383227fa705600a7fb501ba685781ce""]",[],[],{},[],[],[],[],[],485.96331219933927,485.96331219933927,4143.157979739015,0.5134119099820964,
qwen__cmmlu__qv__powerlaw_global_a03__s1107__n500__gradlog,qwen,cmmlu,powerlaw_global_a03,1107,500,qv,"[""mechanism_500step""]",1,"[""mechanism_500step""]",complete,complete,4ea09e338a03aebffbca9eacd5e146635c731c4aa1de783f5903c0ce72978aae,53f031560b7d9849fa0203f3e52761a1c8af3cd4f125e9652bb0a5132eba43f1,b40a55b8c52a52353c2457afdad00f4de395e48a,"[100, 250, 500]","[""53f031560b7d9849fa0203f3e52761a1c8af3cd4f125e9652bb0a5132eba43f1""]","[100, 250, 500]",[],"{""100"": ""513e35ead72c31487e2b1105a7c90a181862b995fefd56f6fa92c678eb03b44c"", ""250"": ""154989b0a0ee7535b0a776956160aa2cbc90e3b449dd903f7941ed660d75eb9a"", ""500"": ""a82cf8d3ef27dae1720a5da501fe2dad5a92b482b8e6ecdf84b9c1845a6b0b0b""}",[],[],[],[],[],509.01918142288923,509.01918142288923,914.2130643229466,0.47040749300504103,
qwen__cmmlu__qv__powerlaw_global_a03__s123__n500__gradlog,qwen,cmmlu,powerlaw_global_a03,123,500,qv,"[""mechanism_500step""]",1,"[""mechanism_500step""]",complete,complete,e95bdc2441c88b8bd09c8c4af3a2e1d5219839588e34146508b66f4f48f4b3ed,9472e1c29fd6c880f6d23c6a5c63db9bfc2d09e4fcf3b4901a63f582d70707e2,b40a55b8c52a52353c2457afdad00f4de395e48a,"[100, 250, 500]","[""9472e1c29fd6c880f6d23c6a5c63db9bfc2d09e4fcf3b4901a63f582d70707e2""]","[100, 250, 500]",[],"{""100"": ""a80da76c762c100201592c7990a816e528a5ab0dbd1bb93e4693eab9eb89c6b3"", ""250"": ""d78e496b82b424cb6f28d833b38a77ff12445c9bdd1a7d309c01024aae5912f6"", ""500"": ""23e9234200eec213e2c1c86ff56d3b90eca15c125686ab8725d74f93affefd88""}",[],[],[],[],[],505.99235560931265,505.99235560931265,852.6982219481142,0.46417160000419244,
qwen__cmmlu__qv__powerlaw_global_a03__s42__n500__gradlog,qwen,cmmlu,powerlaw_global_a03,42,500,qv,"[""mechanism_500step""]",1,"[""mechanism_500step""]",complete,complete,21fd4c7bea378234d779181c4146501764c9605d074669b134c32981da1114f5,cab82660181e8b8040de28e5e6c216b28d3fd85235a9c6f46a780504d0336aa3,b40a55b8c52a52353c2457afdad00f4de395e48a,"[100, 250, 500]","[""cab82660181e8b8040de28e5e6c216b28d3fd85235a9c6f46a780504d0336aa3""]","[100, 250, 500]",[],"{""100"": ""18968fe67b6818037b513b083c14b1614eb40517935c1a4fad79bacb18ec1eda"", ""250"": ""63e438b4711a9d77334481c56265dee0bfeba525eaacbf1dd456eb6ef63f422d"", ""500"": ""c1cfd0dc7bb7792c66ea93da095366e468e47f57d640e3c316cd73a64c00eee9""}",[],[],[],[],[],506.27982801012695,506.27982801012695,821.6590568988468,0.4209843979915604,
qwen__cmmlu__qv__powerlaw_global_a06__s1107__n2500,qwen,cmmlu,powerlaw_global_a06,1107,2500,qv,"[""downstream_2500step""]",1,"[""downstream_2500step""]",complete,complete,d7ab8b6b49fd90131f6c3f504fd5ac6d208786e729107b6953c659b05806460b,5f2483bb234d0d5a69b5da3034e37a78766a0aa2b42818fd0c4e5280378c8e7d,6569e76bf27da84743934012d6d2df6eb2c28709,"[0, 100, 250, 500, 1000, 1500, 2500]","[""5f2483bb234d0d5a69b5da3034e37a78766a0aa2b42818fd0c4e5280378c8e7d""]","[0, 100, 250, 500, 1000, 1500, 2500]",[],"{""0"": ""00340b0a1c78e6340e3be2cc4b670b8c9a6ae91610285987c0428ff4a27b96ac"", ""100"": ""3d5cfd904018014e8d0da3670b85c5e2574585d592934ff19c3cd0688c445c51"", ""1000"": ""5a261390bf81d6651b82d4a684a55edbea16fd2225a8a5d7b4670eb67b3d2e6b"", ""1500"": ""ffd850d921ff88bc8bff3aa73e1a1b207b0098bc092be093b5e5cde72b7476d3"", ""250"": ""916aeb8e62239b5640349ba2033300a6ea1b751a337a03e124473e5e447503fc"", ""2500"": ""a4fd718e672060070203938b58cbdc10115918f5b6756360143c877ed93474b2"", ""500"": ""4aae5e7df1ad896937068672273cdefc3b889e6b8c554e66fdd4e0743c40bbf4""}","[""qwen__cmmlu__qv__powerlaw_global_a06__s1107__n2500__step_002500__cmmlu.json""]","[{""bind_formal_samples"": true, ""checkpoint"": 2500, ""dataset_split_hash"": ""fd0a5596e80d8029a0b54f04a7a250d2f40e5def742eb6ca088834f5c60a0d76"", ""evaluation_config"": {""checkpoint"": 2500, ""dataset_split_hash"": ""fd0a5596e80d8029a0b54f04a7a250d2f40e5def742eb6ca088834f5c60a0d76"", ""protocol"": {""decoding"": ""greedy"", ""metric"": ""macro_accuracy"", ""prompt"": ""fixed_5shot_by_subject"", ""sample_count"": 11582, ""sample_selection"": ""full_frozen_official_test_order""}, ""run_id"": ""qwen__cmmlu__qv__powerlaw_global_a06__s1107__n2500"", ""sample_manifest"": {""ordered_sample_content_sha256"": ""5cad594c402be6e6bcce53b5552bcef36806aa5c3ddd8da1be67c332c8718e29"", ""ordered_sample_ids_sha256"": ""0f5aab4bcf6cc4b8893800d22b79af409a973946b0284fc8959c6ebb8fd0d51d"", ""sample_count"": 11582}, ""schema_version"": 1, ""task"": ""cmmlu""}, ""metrics"": [""macro_accuracy""], ""protocol"": {""decoding"": ""greedy"", ""metric"": ""macro_accuracy"", ""prompt"": ""fixed_5shot_by_subject"", ""sample_count"": 11582, ""sample_selection"": ""full_frozen_official_test_order""}, ""sample_set_hash"": ""c5fcd5f79503b4a9590576905e80b1cea954849cffedc3cb08f48c45fa28157e"", ""task"": ""cmmlu""}]","[""qwen__cmmlu__qv__powerlaw_global_a06__s1107__n2500__step_002500__cmmlu.json""]",[],[],475.7196907773614,475.7196907773614,3434.933366458863,0.5791650999890408,
qwen__cmmlu__qv__powerlaw_global_a06__s1107__n500__alpha_0.6,qwen,cmmlu,powerlaw_global_a06,1107,500,qv,"[""baseline_fairness_qwen_table3""]",1,"[""baseline_fairness_screening""]",complete,complete,2eab8c78aed02a067b29202e2100726695540bc0c8d91706158bab23d888ef0c,18982fd81753240fac6282b7969171b7a0a262cbbe2361767f267e732c845466,8e8b1657c187c1de7133f46ea540fa3bbad3bdae,[],"[""18982fd81753240fac6282b7969171b7a0a262cbbe2361767f267e732c845466""]",[],[],{},[],[],[],[],[],480.5812605395913,480.5812605395913,4917.085320149665,3.6450921180075966,
qwen__cmmlu__qv__powerlaw_global_a06__s1107__n500__gradlog,qwen,cmmlu,powerlaw_global_a06,1107,500,qv,"[""mechanism_500step""]",1,"[""mechanism_500step""]",complete,complete,d08f2fb77e9d08d6e3958abac2ae478100d56ada884df3b0f10c34203a637e4f,6db91836c6be7ac5656841aa4b745432c82086b5ddd2410cc56606f5ae497b5f,b40a55b8c52a52353c2457afdad00f4de395e48a,"[100, 250, 500]","[""6db91836c6be7ac5656841aa4b745432c82086b5ddd2410cc56606f5ae497b5f""]","[100, 250, 500]",[],"{""100"": ""3d5cfd904018014e8d0da3670b85c5e2574585d592934ff19c3cd0688c445c51"", ""250"": ""4ab1dc41a6448ff399bf3f04a12cdf376c47726d7f78c845befbd4944f211257"", ""500"": ""3e59db5d16e22335e8817a8aa6fee5350e1c8da5a55020c86c8e2e07b977e5ff""}",[],[],[],[],[],504.79808556474745,504.79808556474745,822.7558204179659,0.42836259900650475,
qwen__cmmlu__qv__powerlaw_global_a06__s123__n2500,qwen,cmmlu,powerlaw_global_a06,123,2500,qv,"[""downstream_2500step""]",1,"[""downstream_2500step""]",complete,complete,f66ec32512934cae4c2dab56857a121cdea603157bd44217e4297d8155c92837,84468dc0d68b2c79412f32a3df9c0f646b4fb0e3e535c003dc8bb29a65787b85,6569e76bf27da84743934012d6d2df6eb2c28709,"[0, 100, 250, 500, 1000, 1500, 2500]","[""84468dc0d68b2c79412f32a3df9c0f646b4fb0e3e535c003dc8bb29a65787b85""]","[0, 100, 250, 500, 1000, 1500, 2500]",[],"{""0"": ""c5eb84acf24cc7c2462b6d642b36bff2a84f515b4a3c98933a611308822b0e1f"", ""100"": ""3dad99ac907c86646170f0eaf6c8a56d535a3525c15eccbebba35d4921acdfc5"", ""1000"": ""2024d0a15d698c69341463090fab007e37dec5e26a58dedc5b0c6c735847c1fc"", ""1500"": ""0ea1cccae21559990f04ee8b4bcf327c9ee72bd290aa4fdb729330fd30a71d82"", ""250"": ""bd3fdbccf1cd1477c31a856c177df2c439fe15438a004363f54977c5dca911e4"", ""2500"": ""354aef910e6d96c0b08005b72fa00786559c8037f354e80ceed989f46788f568"", ""500"": ""d614995e17c4ce708efc87cf8fa714d6d6637c8a055fc4f407950a6c499faac5""}","[""qwen__cmmlu__qv__powerlaw_global_a06__s123__n2500__step_002500__cmmlu.json""]","[{""bind_formal_samples"": true, ""checkpoint"": 2500, ""dataset_split_hash"": ""fd0a5596e80d8029a0b54f04a7a250d2f40e5def742eb6ca088834f5c60a0d76"", ""evaluation_config"": {""checkpoint"": 2500, ""dataset_split_hash"": ""fd0a5596e80d8029a0b54f04a7a250d2f40e5def742eb6ca088834f5c60a0d76"", ""protocol"": {""decoding"": ""greedy"", ""metric"": ""macro_accuracy"", ""prompt"": ""fixed_5shot_by_subject"", ""sample_count"": 11582, ""sample_selection"": ""full_frozen_official_test_order""}, ""run_id"": ""qwen__cmmlu__qv__powerlaw_global_a06__s123__n2500"", ""sample_manifest"": {""ordered_sample_content_sha256"": ""5cad594c402be6e6bcce53b5552bcef36806aa5c3ddd8da1be67c332c8718e29"", ""ordered_sample_ids_sha256"": ""0f5aab4bcf6cc4b8893800d22b79af409a973946b0284fc8959c6ebb8fd0d51d"", ""sample_count"": 11582}, ""schema_version"": 1, ""task"": ""cmmlu""}, ""metrics"": [""macro_accuracy""], ""protocol"": {""decoding"": ""greedy"", ""metric"": ""macro_accuracy"", ""prompt"": ""fixed_5shot_by_subject"", ""sample_count"": 11582, ""sample_selection"": ""full_frozen_official_test_order""}, ""sample_set_hash"": ""c5fcd5f79503b4a9590576905e80b1cea954849cffedc3cb08f48c45fa28157e"", ""task"": ""cmmlu""}]","[""qwen__cmmlu__qv__powerlaw_global_a06__s123__n2500__step_002500__cmmlu.json""]",[],[],476.15999444015324,476.15999444015324,3425.7740198772517,0.6766390920092817,
qwen__cmmlu__qv__powerlaw_global_a06__s123__n500__gradlog,qwen,cmmlu,powerlaw_global_a06,123,500,qv,"[""mechanism_500step""]",1,"[""mechanism_500step""]",complete,complete,4a2c3f41c756cfd29834719737deb836410db814280b129da969b9b2f199f364,ad84b93f87034b20e00219e8cb15254cb0beb88a32f862d45cdb659d02d16953,b40a55b8c52a52353c2457afdad00f4de395e48a,"[100, 250, 500]","[""ad84b93f87034b20e00219e8cb15254cb0beb88a32f862d45cdb659d02d16953""]","[100, 250, 500]",[],"{""100"": ""3dad99ac907c86646170f0eaf6c8a56d535a3525c15eccbebba35d4921acdfc5"", ""250"": ""b0483457e638f8195101d20f524d7457f0e751ad7ffcfdff7571fbdca5714994"", ""500"": ""2d6e0894ea833a45f7b2964db30ae8771488b09abfdc159c4d016f2025f88de5""}",[],[],[],[],[],505.2669407296926,505.2669407296926,828.1441894232412,0.460952924011508,
qwen__cmmlu__qv__powerlaw_global_a06__s42__n2500,qwen,cmmlu,powerlaw_global_a06,42,2500,qv,"[""downstream_2500step""]",1,"[""downstream_2500step""]",complete,complete,6517f648ddcc952155e1be5336e9bd27ba79fe306b0cdc81942378706cb9e6aa,5cd3980f2baa69f69d832dbec461e1c9bd983b0c820bb089662cf50194e17608,6569e76bf27da84743934012d6d2df6eb2c28709,"[0, 100, 250, 500, 1000, 1500, 2500]","[""5cd3980f2baa69f69d832dbec461e1c9bd983b0c820bb089662cf50194e17608""]","[0, 100, 250, 500, 1000, 1500, 2500]",[],"{""0"": ""2e386160e7915a1447ec49a1e4432c2a688a1267d7b8fe982b1e20449451b1c7"", ""100"": ""d6bbf8ddaaf968ae860ca020572b492071475f7d0c5e78389f788b59ec458990"", ""1000"": ""d2fa3d221d78fb2253a90747720f3cff69cbed8307f771b5c5c3a4590170e59e"", ""1500"": ""35a6154846caa86a66f31857f4f3af3078ce3b0ed56eb0ceb651e3377a971c31"", ""250"": ""61bca5de99cbb6a442025122c86ea392e1f924cb6af664a398e07510c7a38944"", ""2500"": ""570e5711f89c97883f3953f7cb2b24297f42d43a2993bb55b203a912733c6a23"", ""500"": ""6ace2ac2ab3f9c398c9299fa9973d2bf423454917f08c8041d473a5c55cd1626""}","[""qwen__cmmlu__qv__powerlaw_global_a06__s42__n2500__step_002500__cmmlu.json""]","[{""bind_formal_samples"": true, ""checkpoint"": 2500, ""dataset_split_hash"": ""fd0a5596e80d8029a0b54f04a7a250d2f40e5def742eb6ca088834f5c60a0d76"", ""evaluation_config"": {""checkpoint"": 2500, ""dataset_split_hash"": ""fd0a5596e80d8029a0b54f04a7a250d2f40e5def742eb6ca088834f5c60a0d76"", ""protocol"": {""decoding"": ""greedy"", ""metric"": ""macro_accuracy"", ""prompt"": ""fixed_5shot_by_subject"", ""sample_count"": 11582, ""sample_selection"": ""full_frozen_official_test_order""}, ""run_id"": ""qwen__cmmlu__qv__powerlaw_global_a06__s42__n2500"", ""sample_manifest"": {""ordered_sample_content_sha256"": ""5cad594c402be6e6bcce53b5552bcef36806aa5c3ddd8da1be67c332c8718e29"", ""ordered_sample_ids_sha256"": ""0f5aab4bcf6cc4b8893800d22b79af409a973946b0284fc8959c6ebb8fd0d51d"", ""sample_count"": 11582}, ""schema_version"": 1, ""task"": ""cmmlu""}, ""metrics"": [""macro_accuracy""], ""protocol"": {""decoding"": ""greedy"", ""metric"": ""macro_accuracy"", ""prompt"": ""fixed_5shot_by_subject"", ""sample_count"": 11582, ""sample_selection"": ""full_frozen_official_test_order""}, ""sample_set_hash"": ""c5fcd5f79503b4a9590576905e80b1cea954849cffedc3cb08f48c45fa28157e"", ""task"": ""cmmlu""}]","[""qwen__cmmlu__qv__powerlaw_global_a06__s42__n2500__step_002500__cmmlu.json""]",[],[],481.71024058386683,481.71024058386683,3436.658166956884,0.6521005999966292,
qwen__cmmlu__qv__powerlaw_global_a06__s42__n500__gradlog,qwen,cmmlu,powerlaw_global_a06,42,500,qv,"[""mechanism_500step""]",1,"[""mechanism_500step""]",complete,complete,3661da09ef1ae9ca630a25193e02ff38eb10ace7d4d74f41720e0d1bb071196d,802b60db8647bb143c985224bd41feb7e179e8b90513ba28eb6027072c7ad6cb,b40a55b8c52a52353c2457afdad00f4de395e48a,"[100, 250, 500]","[""802b60db8647bb143c985224bd41feb7e179e8b90513ba28eb6027072c7ad6cb""]","[100, 250, 500]",[],"{""100"": ""d6bbf8ddaaf968ae860ca020572b492071475f7d0c5e78389f788b59ec458990"", ""250"": ""d22633ac0ec7ff70c52f36b29161edf53a23c2490578fd00fc0a75eb0816b87e"", ""500"": ""f015db7f62fa8abaebb257152ed77b99596ee9dbc6f52594e52a8c0ed304ad6f""}",[],[],[],[],[],509.4324439112097,509.4324439112097,824.669813092929,0.43579830099770334,
qwen__cmmlu__qv__powerlaw_global_a10__s1107__n500__alpha_1.0,qwen,cmmlu,powerlaw_global_a10,1107,500,qv,"[""baseline_fairness_qwen_table3""]",1,"[""baseline_fairness_screening""]",complete,complete,70712665f83cf2abc4fe2ce74fe1eff99423b076240784d627da695c2419ae56,a82aba88bdc9f6828a361ce374d240b039351798c354e0514c4658c28594699b,8e8b1657c187c1de7133f46ea540fa3bbad3bdae,[],"[""a82aba88bdc9f6828a361ce374d240b039351798c354e0514c4658c28594699b""]",[],[],{},[],[],[],[],[],482.9699504338205,482.9699504338205,3536.0594448934426,0.519576198013965,
qwen__cmmlu__qv__powerlaw_row_a06__s1107__n500__gradlog,qwen,cmmlu,powerlaw_row_a06,1107,500,qv,"[""mechanism_500step""]",1,"[""mechanism_500step""]",complete,complete,c7b486af18ecbe7a37663cddbb681c203023c2e6c72bb2e0b400b9a9b8183cf5,cd044cef403a366ef8656926c65cad04ae25cacdd57fd08075080ae80af45645,b40a55b8c52a52353c2457afdad00f4de395e48a,"[100, 250, 500]","[""cd044cef403a366ef8656926c65cad04ae25cacdd57fd08075080ae80af45645""]","[100, 250, 500]",[],"{""100"": ""e7c6abb85e5981c2687c643ace8c7618254831e4142eae58cec2a38ee13fd62f"", ""250"": ""67e260512d5ae76d086ae6e96249fe7f7002f750548a294ea4ee30cab16b27b8"", ""500"": ""5f12e12c6ffa122ed3cc1066d5dd3ecce2bcee9d4651b03124ab4c0e871819d3""}",[],[],[],[],[],508.1337397582829,508.1337397582829,821.4296760951111,0.6809295999992173,
qwen__cmmlu__qv__powerlaw_row_a06__s123__n500__gradlog,qwen,cmmlu,powerlaw_row_a06,123,500,qv,"[""mechanism_500step""]",1,"[""mechanism_500step""]",complete,complete,35b5749261c31cd0faa03d18077aa5d5536560bfb3e1b30eee52377f91304227,14cf7e2dea7774fc5078f1172f2d5068e6b8a48a30cfc57ac46801b071e8af7b,b40a55b8c52a52353c2457afdad00f4de395e48a,"[100, 250, 500]","[""14cf7e2dea7774fc5078f1172f2d5068e6b8a48a30cfc57ac46801b071e8af7b""]","[100, 250, 500]",[],"{""100"": ""42282d9309be35fb6884a77c0785251be339e826037b834b9dcc3b619b76128a"", ""250"": ""e5daa22a5d5177b7df9fb8649cc9f3a95723796e288f2b344d2e9534f296fb85"", ""500"": ""ef4e212a25b5856dd12ac17f87abac677e50ae09c9193bbd3ba494f7218e6563""}",[],[],[],[],[],499.66456989198923,499.66456989198923,820.6219057831331,0.6933838050026679,
qwen__cmmlu__qv__powerlaw_row_a06__s42__n500__gradlog,qwen,cmmlu,powerlaw_row_a06,42,500,qv,"[""mechanism_500step""]",1,"[""mechanism_500step""]",complete,complete,97bfe96de7547ff4fc5bfd701737c621e2ef29b48ae31d6d45211e25ab5ef49f,de7b55175436b3a7be0efb199aa14e0554ca120b45e20ce654f3646fee2530f7,b40a55b8c52a52353c2457afdad00f4de395e48a,"[100, 250, 500]","[""de7b55175436b3a7be0efb199aa14e0554ca120b45e20ce654f3646fee2530f7""]","[100, 250, 500]",[],"{""100"": ""19a0181f51ae1e5e622fa16e50e526cc4e00ef5d37d4ed4608dccf2519869f87"", ""250"": ""7953a43ffa703b2e066acaf52ff0a88192251dc3cd1e999aabd0c1da8bec19f0"", ""500"": ""b06c6b85cc06adcaf604ac5f9cf3f6a683b7b4aa2008ec0768b4715736615d4c""}",[],[],[],[],[],508.28185574896634,508.28185574896634,822.0283208057808,0.6788580010033911,
qwen__cmmlu__qv__powerlaw_shuffle_a06__s1107__n500__gradlog,qwen,cmmlu,powerlaw_shuffle_a06,1107,500,qv,"[""mechanism_500step""]",1,"[""mechanism_500step""]",complete,complete,3355413958cf0d4de1442951dbbbc35873f8eb1f0d476c8dc277f32052caab5c,b6c27e4402d1038af119c83331f51408f833bf145eae2daf8617155bac09c14e,b40a55b8c52a52353c2457afdad00f4de395e48a,"[100, 250, 500]","[""b6c27e4402d1038af119c83331f51408f833bf145eae2daf8617155bac09c14e""]","[100, 250, 500]",[],"{""100"": ""9d6b124f6788f05322fe2b69636f6b0d935b55c9b3e4899b6009ba216a4c6939"", ""250"": ""2a813046d77e83379211df5fb004a8b18721110fe3d0366606b1ff57d388a19d"", ""500"": ""b11e291c5113798b091a8289326e7533531f341ec413888f044cd43a1291fc5c""}",[],[],[],[],[],505.7041102312505,505.7041102312505,824.5818508069497,0.5158830000000307,
qwen__cmmlu__qv__powerlaw_shuffle_a06__s123__n500__gradlog,qwen,cmmlu,powerlaw_shuffle_a06,123,500,qv,"[""mechanism_500step""]",1,"[""mechanism_500step""]",complete,complete,032824d4ca8cf22c6c50abd99fe57803b1888577c577bf21b53eb908da3d7249,5eece6e271c4ce868438cf39411457e2007086e094ebe34d1b64823e57d298c7,b40a55b8c52a52353c2457afdad00f4de395e48a,"[100, 250, 500]","[""5eece6e271c4ce868438cf39411457e2007086e094ebe34d1b64823e57d298c7""]","[100, 250, 500]",[],"{""100"": ""adb3f56c60d348d0bdb9d2df7f4d1db8a3ffa47846879d5e66709943aa017f46"", ""250"": ""01d845a685738682504b4792314c658e52062cad1587d6eba34692467b864448"", ""500"": ""6c859ebc1d5d5a1dbcf73b990997c84a0d2b18427b917ef4bb2539c7f86e934d""}",[],[],[],[],[],505.8458272982389,505.8458272982389,821.2614334171521,0.5278058959956979,
qwen__cmmlu__qv__powerlaw_shuffle_a06__s42__n500__gradlog,qwen,cmmlu,powerlaw_shuffle_a06,42,500,qv,"[""mechanism_500step""]",1,"[""mechanism_500step""]",complete,complete,ddde783ca875ef5185b676539ec9892d0902d5abf4ce5304aa7f8f2b1e1ded37,654968e4f4946fdcb3e533402470518ed2fe2f830b16680dd1975c3d1df2ce75,b40a55b8c52a52353c2457afdad00f4de395e48a,"[100, 250, 500]","[""654968e4f4946fdcb3e533402470518ed2fe2f830b16680dd1975c3d1df2ce75""]","[100, 250, 500]",[],"{""100"": ""2e510ae9cef411b6922165f3a738cef646a0523cac0d354a60fbacae59639ade"", ""250"": ""359bcceeed2d61ce6506e3c15a4234cfaa09700851de5c4132dffc8e062a9c15"", ""500"": ""1e0c4cc1dc13da9341246200bc698353253ec892e18a3bd5e066d787d610d992""}",[],[],[],[],[],506.5439127795398,506.5439127795398,821.3445900648658,0.4889114000106929,
qwen__cmmlu__qv__validation_selected_proposed__s1107__n2500,qwen,cmmlu,validation_selected_proposed,1107,2500,qv,"[""baseline_fairness_qwen_table3""]",1,"[""baseline_fairness_final""]",complete,complete,577925d82f6cac4d2a9f49002f2e116de80c2ab01fbe3ae02bfe6ec3a57e79a0,0ecb8fe4e86f9a6b1de1e16eb8158844ef490b0404e67c2a7756f1fe441868fe,128b1c03e44c1faea13fc361b60fb5689896efab,[2500],"[""0ecb8fe4e86f9a6b1de1e16eb8158844ef490b0404e67c2a7756f1fe441868fe""]",[2500],[],"{""2500"": ""6e302ab9fe74fc334f5d3f6b504dbfcccac7412a0389ba21bbb6fdc428584aa6""}","[""qwen__cmmlu__qv__validation_selected_proposed__s1107__n2500__step_002500__cmmlu.json""]","[{""bind_formal_samples"": true, ""checkpoint"": 2500, ""dataset_split_hash"": ""fd0a5596e80d8029a0b54f04a7a250d2f40e5def742eb6ca088834f5c60a0d76"", ""evaluation_config"": {""checkpoint"": 2500, ""dataset_split_hash"": ""fd0a5596e80d8029a0b54f04a7a250d2f40e5def742eb6ca088834f5c60a0d76"", ""protocol"": {""decoding"": ""greedy"", ""metric"": ""macro_accuracy"", ""prompt"": ""fixed_5shot_by_subject"", ""sample_count"": 11582, ""sample_selection"": ""full_frozen_official_test_order""}, ""run_id"": ""qwen__cmmlu__qv__validation_selected_proposed__s1107__n2500"", ""sample_manifest"": {""ordered_sample_content_sha256"": ""5cad594c402be6e6bcce53b5552bcef36806aa5c3ddd8da1be67c332c8718e29"", ""ordered_sample_ids_sha256"": ""0f5aab4bcf6cc4b8893800d22b79af409a973946b0284fc8959c6ebb8fd0d51d"", ""sample_count"": 11582}, ""schema_version"": 1, ""task"": ""cmmlu""}, ""metrics"": [""macro_accuracy""], ""protocol"": {""decoding"": ""greedy"", ""metric"": ""macro_accuracy"", ""prompt"": ""fixed_5shot_by_subject"", ""sample_count"": 11582, ""sample_selection"": ""full_frozen_official_test_order""}, ""sample_set_hash"": ""c5fcd5f79503b4a9590576905e80b1cea954849cffedc3cb08f48c45fa28157e"", ""task"": ""cmmlu""}]","[""qwen__cmmlu__qv__validation_selected_proposed__s1107__n2500__step_002500__cmmlu.json""]",[],[],480.0445741098374,480.0445741098374,4274.743352524238,0.4468946999986656,
qwen__cmmlu__qv__validation_selected_proposed__s123__n2500,qwen,cmmlu,validation_selected_proposed,123,2500,qv,"[""baseline_fairness_qwen_table3""]",1,"[""baseline_fairness_final""]",complete,complete,9a8518554c735cf866ecaaaf6f450dfa2842f5f7b54b7a92cc797693bcc002e3,a27ebbeed93511889f2928cd53783e6c942c95d640cc3476978395d70732457c,128b1c03e44c1faea13fc361b60fb5689896efab,[2500],"[""a27ebbeed93511889f2928cd53783e6c942c95d640cc3476978395d70732457c""]",[2500],[],"{""2500"": ""51a2741df002391ddff718eb0c52a8343f70e1856fd5f33e514f5ae200d444fb""}","[""qwen__cmmlu__qv__validation_selected_proposed__s123__n2500__step_002500__cmmlu.json""]","[{""bind_formal_samples"": true, ""checkpoint"": 2500, ""dataset_split_hash"": ""fd0a5596e80d8029a0b54f04a7a250d2f40e5def742eb6ca088834f5c60a0d76"", ""evaluation_config"": {""checkpoint"": 2500, ""dataset_split_hash"": ""fd0a5596e80d8029a0b54f04a7a250d2f40e5def742eb6ca088834f5c60a0d76"", ""protocol"": {""decoding"": ""greedy"", ""metric"": ""macro_accuracy"", ""prompt"": ""fixed_5shot_by_subject"", ""sample_count"": 11582, ""sample_selection"": ""full_frozen_official_test_order""}, ""run_id"": ""qwen__cmmlu__qv__validation_selected_proposed__s123__n2500"", ""sample_manifest"": {""ordered_sample_content_sha256"": ""5cad594c402be6e6bcce53b5552bcef36806aa5c3ddd8da1be67c332c8718e29"", ""ordered_sample_ids_sha256"": ""0f5aab4bcf6cc4b8893800d22b79af409a973946b0284fc8959c6ebb8fd0d51d"", ""sample_count"": 11582}, ""schema_version"": 1, ""task"": ""cmmlu""}, ""metrics"": [""macro_accuracy""], ""protocol"": {""decoding"": ""greedy"", ""metric"": ""macro_accuracy"", ""prompt"": ""fixed_5shot_by_subject"", ""sample_count"": 11582, ""sample_selection"": ""full_frozen_official_test_order""}, ""sample_set_hash"": ""c5fcd5f79503b4a9590576905e80b1cea954849cffedc3cb08f48c45fa28157e"", ""task"": ""cmmlu""}]","[""qwen__cmmlu__qv__validation_selected_proposed__s123__n2500__step_002500__cmmlu.json""]",[],[],476.8730741292238,476.8730741292238,4187.718121097307,5.999484403000679,
qwen__cmmlu__qv__validation_selected_proposed__s42__n2500,qwen,cmmlu,validation_selected_proposed,42,2500,qv,"[""baseline_fairness_qwen_table3""]",1,"[""baseline_fairness_final""]",complete,complete,f67e67c9524f5bf250b0a989707d222cb5044145020c11243a9b86c1a7e59bf2,f1f60dc3f0cef5dbbb68dea687fd503d4708c71e606462af405d1b6e42643ffd,128b1c03e44c1faea13fc361b60fb5689896efab,[2500],"[""f1f60dc3f0cef5dbbb68dea687fd503d4708c71e606462af405d1b6e42643ffd""]",[2500],[],"{""2500"": ""deba342b5098d6cced1ebecd1d71ba90a8a4c0374189535a0d3234b227e09e03""}","[""qwen__cmmlu__qv__validation_selected_proposed__s42__n2500__step_002500__cmmlu.json""]","[{""bind_formal_samples"": true, ""checkpoint"": 2500, ""dataset_split_hash"": ""fd0a5596e80d8029a0b54f04a7a250d2f40e5def742eb6ca088834f5c60a0d76"", ""evaluation_config"": {""checkpoint"": 2500, ""dataset_split_hash"": ""fd0a5596e80d8029a0b54f04a7a250d2f40e5def742eb6ca088834f5c60a0d76"", ""protocol"": {""decoding"": ""greedy"", ""metric"": ""macro_accuracy"", ""prompt"": ""fixed_5shot_by_subject"", ""sample_count"": 11582, ""sample_selection"": ""full_frozen_official_test_order""}, ""run_id"": ""qwen__cmmlu__qv__validation_selected_proposed__s42__n2500"", ""sample_manifest"": {""ordered_sample_content_sha256"": ""5cad594c402be6e6bcce53b5552bcef36806aa5c3ddd8da1be67c332c8718e29"", ""ordered_sample_ids_sha256"": ""0f5aab4bcf6cc4b8893800d22b79af409a973946b0284fc8959c6ebb8fd0d51d"", ""sample_count"": 11582}, ""schema_version"": 1, ""task"": ""cmmlu""}, ""metrics"": [""macro_accuracy""], ""protocol"": {""decoding"": ""greedy"", ""metric"": ""macro_accuracy"", ""prompt"": ""fixed_5shot_by_subject"", ""sample_count"": 11582, ""sample_selection"": ""full_frozen_official_test_order""}, ""sample_set_hash"": ""c5fcd5f79503b4a9590576905e80b1cea954849cffedc3cb08f48c45fa28157e"", ""task"": ""cmmlu""}]","[""qwen__cmmlu__qv__validation_selected_proposed__s42__n2500__step_002500__cmmlu.json""]",[],[],477.7207164131105,477.7207164131105,3480.3380642481497,0.47253169800387695,
qwen__gsm8k__qv__dora__s1107__n500__lr_x0.5,qwen,gsm8k,dora,1107,500,qv,"[""baseline_fairness_qwen_table3""]",1,"[""baseline_fairness_screening""]",complete,complete,f7e4f63c3aeeaafd48973f66e1108106524f3b3ffc010d287aae4472a8409621,26050211f62492ee55b2486be3b77062badcacb4c88e48f2d0dd13f9975be540,2d8932b092a1db69f5bd90840460a75c168d7670,[],"[""26050211f62492ee55b2486be3b77062badcacb4c88e48f2d0dd13f9975be540""]",[],[],{},[],[],[],[],[],86.74121870356612,86.74121870356612,2751.540443984617,3.4949119000229985,
qwen__gsm8k__qv__dora__s1107__n500__lr_x1.0,qwen,gsm8k,dora,1107,500,qv,"[""baseline_fairness_qwen_table3""]",1,"[""baseline_fairness_screening""]",complete,complete,a369dbb14c34a2ff27cb5f98628a039d768bd317368dfd0cfc51bacbd1a34866,28de0679220977f28f678a6ed2a75c40b63f3ae7953831f327d4a978baef6db1,2d8932b092a1db69f5bd90840460a75c168d7670,[],"[""28de0679220977f28f678a6ed2a75c40b63f3ae7953831f327d4a978baef6db1""]",[],[],{},[],[],[],[],[],83.25463102897629,83.25463102897629,1036.5412323672208,0.5219706909847446,
qwen__gsm8k__qv__dora__s1107__n500__lr_x2.0,qwen,gsm8k,dora,1107,500,qv,"[""baseline_fairness_qwen_table3""]",1,"[""baseline_fairness_screening""]",complete,complete,709ad279f9fdfb3d0b01bbb354d78d7f16ad50b0716807c592b02414ea0833c0,a092182bbf6af4565535c6c862632e314a1aeb4e5ccca24f6beda490cab6c1b7,2d8932b092a1db69f5bd90840460a75c168d7670,[],"[""a092182bbf6af4565535c6c862632e314a1aeb4e5ccca24f6beda490cab6c1b7""]",[],[],{},[],[],[],[],[],83.61181085230783,83.61181085230783,932.709576575784,0.4772725980146788,
qwen__gsm8k__qv__lora_one__s1107__n500__lr_x0.5,qwen,gsm8k,lora_one,1107,500,qv,"[""baseline_fairness_qwen_table3""]",1,"[""baseline_fairness_screening""]",complete,complete,2e5422346b2299a0c29b1c97690bc5f850dea4c8ce2456688323601de96fdb1a,17d7c888ee9fa2f754827260c880e3fb229a2f6cba0aa14781992860dec38cfc,2d8932b092a1db69f5bd90840460a75c168d7670,[],"[""17d7c888ee9fa2f754827260c880e3fb229a2f6cba0aa14781992860dec38cfc""]",[],[],{},[],[],[],[],[],96.88604150153697,96.88604150153697,832.2569250568049,29.370868792000692,
qwen__gsm8k__qv__lora_one__s1107__n500__lr_x1.0,qwen,gsm8k,lora_one,1107,500,qv,"[""baseline_fairness_qwen_table3""]",1,"[""baseline_fairness_screening""]",complete,complete,7d3b3a9f984945615a35a43ca996c5ec86332a95d1fe08d5476da131d11c3fa5,ebc98364d20a03a5dd4e78e888e328ce8c0e4af27a9347bce975828d2d1abc58,2d8932b092a1db69f5bd90840460a75c168d7670,[],"[""ebc98364d20a03a5dd4e78e888e328ce8c0e4af27a9347bce975828d2d1abc58""]",[],[],{},[],[],[],[],[],89.54964760644361,89.54964760644361,684.7688071580487,20.830873359984253,
qwen__gsm8k__qv__lora_one__s1107__n500__lr_x2.0,qwen,gsm8k,lora_one,1107,500,qv,"[""baseline_fairness_qwen_table3""]",1,"[""baseline_fairness_screening""]",complete,complete,773b4210747968d39f3def51d56264a9bc6174691ab7de27751a816c6a7087d2,e20cb5d209968fe2503bdb352d0da7fd163815156c1805bfed7a1e9247fe9340,2d8932b092a1db69f5bd90840460a75c168d7670,[],"[""e20cb5d209968fe2503bdb352d0da7fd163815156c1805bfed7a1e9247fe9340""]",[],[],{},[],[],[],[],[],84.26976375398226,84.26976375398226,3450.886559434817,21.65674048301298,
qwen__gsm8k__qv__peft_default__s1107__n2500,qwen,gsm8k,peft_default,1107,2500,qv,"[""downstream_2500step""]",1,"[""downstream_2500step""]",complete,complete,8b55ef5d1e63423f6e7f50c6c698902a628beb9c078ebce9e8fc2f4abbe00fab,b669fd43a82f415140a3f545840629e34eb83dbfe9dee0340a4f5f6ea0dc891e,6569e76bf27da84743934012d6d2df6eb2c28709,"[0, 100, 250, 500, 1000, 1500, 2500]","[""b669fd43a82f415140a3f545840629e34eb83dbfe9dee0340a4f5f6ea0dc891e""]","[0, 100, 250, 500, 1000, 1500, 2500]",[],"{""0"": ""d33a31683eeac2509daac14f25d8258e3629e0a625ff95633794c975c4e85654"", ""100"": ""60013f5c66fe8d744e7f8eb62b87549447b68055f3080a6b1758742955de8a00"", ""1000"": ""bb386b4e8070404d8c6cf535ebaef56ba1d3cee18d72a48de351a56de701dd70"", ""1500"": ""2e42a9b36271a4f7374ce6d21aed6d46115a5dc2e9f046aba5e4b9fc80b0b683"", ""250"": ""1edce2e578181d04547eddd0ef58b7960d3a78b5c343db4af3f566b583b629a0"", ""2500"": ""c9ba1391f46959e049229302a810842cc3071fd184d0df06f05c7017045940d0"", ""500"": ""a71226e1c21e44931afdd836a4c0c0a7feb7add6b2b8322df096fda10a21dffe""}","[""qwen__gsm8k__qv__peft_default__s1107__n2500__step_002500__gsm8k.json""]","[{""bind_formal_samples"": true, ""checkpoint"": 2500, ""dataset_split_hash"": ""00fb108842db88dc8b6e9e7d5c63da7fea8688673448a0ca2b5206214e0f738b"", ""evaluation_config"": {""checkpoint"": 2500, ""dataset_split_hash"": ""00fb108842db88dc8b6e9e7d5c63da7fea8688673448a0ca2b5206214e0f738b"", ""protocol"": {""decoding"": ""greedy"", ""metric"": ""exact_match"", ""prompt"": ""fixed_8shot_cot"", ""sample_count"": 1319, ""sample_selection"": ""full_frozen_official_test_order""}, ""run_id"": ""qwen__gsm8k__qv__peft_default__s1107__n2500"", ""sample_manifest"": {""ordered_sample_content_sha256"": ""7d7e49d1579b2b660b2dc3d0a7557261e875e79980da2fd0d45c0625c7566811"", ""ordered_sample_ids_sha256"": ""69d6744016699073a7ad0e561dab501fffe5a1197aa7dbe66907c4f14bfd22df"", ""sample_count"": 1319}, ""schema_version"": 1, ""task"": ""gsm8k""}, ""metrics"": [""exact_match""], ""protocol"": {""decoding"": ""greedy"", ""metric"": ""exact_match"", ""prompt"": ""fixed_8shot_cot"", ""sample_count"": 1319, ""sample_selection"": ""full_frozen_official_test_order""}, ""sample_set_hash"": ""47ddc577ceba4e4a971899fb851b5e55fae68187873121a4ec6edfb8771c4d29"", ""task"": ""gsm8k""}]","[""qwen__gsm8k__qv__peft_default__s1107__n2500__step_002500__gsm8k.json""]",[],[],95.21952340891585,95.21952340891585,3435.843165043494,0.24434130000008736,
qwen__gsm8k__qv__peft_default__s123__n2500,qwen,gsm8k,peft_default,123,2500,qv,"[""downstream_2500step""]",1,"[""downstream_2500step""]",complete,complete,08d18fe421962ffcd2b747a63581d83f0ed125e85186f3508fd4b7ff6945dd48,72cceccf9ca4358af9e7d024b9b436dff21027b3a1b5ed79c84d8d0c93ecb90a,6569e76bf27da84743934012d6d2df6eb2c28709,"[0, 100, 250, 500, 1000, 1500, 2500]","[""72cceccf9ca4358af9e7d024b9b436dff21027b3a1b5ed79c84d8d0c93ecb90a""]","[0, 100, 250, 500, 1000, 1500, 2500]",[],"{""0"": ""2d4c0fd226a01f7b8d2d4f57efe825f7a80a2ab78d55265c7a6f128c6cd9b59d"", ""100"": ""9977fc1c46ad6aaa02159cb1c39861118217eda29b39119bed7ea9dcb27087bd"", ""1000"": ""d143c38111d9510249680b02ec0d220ebfda891fdc5b10decfdbf4d51efdcbab"", ""1500"": ""54f31b0a9c968c76ace8cd4e9c71d8531c18e529f06584bc27fc56669ede6b51"", ""250"": ""dd6fed805a73db96e329141c8ed899719b96dd91a12bd7344efbca26d343b25c"", ""2500"": ""2438d79f07f92d9b2e1fe537e16ff86011f959b488104b3e996a728e1abd3a9e"", ""500"": ""bd299e864bca44f03672cbd70de1f5df88edf05bfcf053436a2b14d66826e28b""}","[""qwen__gsm8k__qv__peft_default__s123__n2500__step_002500__gsm8k.json""]","[{""bind_formal_samples"": true, ""checkpoint"": 2500, ""dataset_split_hash"": ""00fb108842db88dc8b6e9e7d5c63da7fea8688673448a0ca2b5206214e0f738b"", ""evaluation_config"": {""checkpoint"": 2500, ""dataset_split_hash"": ""00fb108842db88dc8b6e9e7d5c63da7fea8688673448a0ca2b5206214e0f738b"", ""protocol"": {""decoding"": ""greedy"", ""metric"": ""exact_match"", ""prompt"": ""fixed_8shot_cot"", ""sample_count"": 1319, ""sample_selection"": ""full_frozen_official_test_order""}, ""run_id"": ""qwen__gsm8k__qv__peft_default__s123__n2500"", ""sample_manifest"": {""ordered_sample_content_sha256"": ""7d7e49d1579b2b660b2dc3d0a7557261e875e79980da2fd0d45c0625c7566811"", ""ordered_sample_ids_sha256"": ""69d6744016699073a7ad0e561dab501fffe5a1197aa7dbe66907c4f14bfd22df"", ""sample_count"": 1319}, ""schema_version"": 1, ""task"": ""gsm8k""}, ""metrics"": [""exact_match""], ""protocol"": {""decoding"": ""greedy"", ""metric"": ""exact_match"", ""prompt"": ""fixed_8shot_cot"", ""sample_count"": 1319, ""sample_selection"": ""full_frozen_official_test_order""}, ""sample_set_hash"": ""47ddc577ceba4e4a971899fb851b5e55fae68187873121a4ec6edfb8771c4d29"", ""task"": ""gsm8k""}]","[""qwen__gsm8k__qv__peft_default__s123__n2500__step_002500__gsm8k.json""]",[],[],96.41031415108591,96.41031415108591,3429.6267502698756,0.21297680099087302,
qwen__gsm8k__qv__peft_default__s42__n2500,qwen,gsm8k,peft_default,42,2500,qv,"[""downstream_2500step""]",1,"[""downstream_2500step""]",complete,complete,c40703a933ff1d202d29fe6f950fbe6602ff21a105fcaa6d4ce3426023161d4e,3ba506c5500c37dca17c19ad94be15974d93b9360f9a5fc3b4ed8fce890011d1,6569e76bf27da84743934012d6d2df6eb2c28709,"[0, 100, 250, 500, 1000, 1500, 2500]","[""3ba506c5500c37dca17c19ad94be15974d93b9360f9a5fc3b4ed8fce890011d1""]","[0, 100, 250, 500, 1000, 1500, 2500]",[],"{""0"": ""7a4c9bb903debbeb75d1d4fd0f2d338b714dcccd48366c5591943957dc87c1a2"", ""100"": ""a48078122f3cac375027a7f8428e28ea3cf19f1392329e424ce24cc29acc2382"", ""1000"": ""5bf578b1b7b4720797e4c3e5832c11dc6417589de6a8e407cd16d980dd557c76"", ""1500"": ""3a1a032108c23974c288c5a611e28449f29b6d02391fb08b0df4e4f199c03443"", ""250"": ""e9526ea70a675d80b11b8a3f75c1c6ffa722345ce92993a77376ebcb70331b8e"", ""2500"": ""affa378e64a214165aa4d9af78264ce3a7b41779ad288697bb12c46a7aeaa9d1"", ""500"": ""9d4dad30772783fb4863effa32df1828cb6869ac15955524a0861831a3ed8de9""}","[""qwen__gsm8k__qv__peft_default__s42__n2500__step_002500__gsm8k.json""]","[{""bind_formal_samples"": true, ""checkpoint"": 2500, ""dataset_split_hash"": ""00fb108842db88dc8b6e9e7d5c63da7fea8688673448a0ca2b5206214e0f738b"", ""evaluation_config"": {""checkpoint"": 2500, ""dataset_split_hash"": ""00fb108842db88dc8b6e9e7d5c63da7fea8688673448a0ca2b5206214e0f738b"", ""protocol"": {""decoding"": ""greedy"", ""metric"": ""exact_match"", ""prompt"": ""fixed_8shot_cot"", ""sample_count"": 1319, ""sample_selection"": ""full_frozen_official_test_order""}, ""run_id"": ""qwen__gsm8k__qv__peft_default__s42__n2500"", ""sample_manifest"": {""ordered_sample_content_sha256"": ""7d7e49d1579b2b660b2dc3d0a7557261e875e79980da2fd0d45c0625c7566811"", ""ordered_sample_ids_sha256"": ""69d6744016699073a7ad0e561dab501fffe5a1197aa7dbe66907c4f14bfd22df"", ""sample_count"": 1319}, ""schema_version"": 1, ""task"": ""gsm8k""}, ""metrics"": [""exact_match""], ""protocol"": {""decoding"": ""greedy"", ""metric"": ""exact_match"", ""prompt"": ""fixed_8shot_cot"", ""sample_count"": 1319, ""sample_selection"": ""full_frozen_official_test_order""}, ""sample_set_hash"": ""47ddc577ceba4e4a971899fb851b5e55fae68187873121a4ec6edfb8771c4d29"", ""task"": ""gsm8k""}]","[""qwen__gsm8k__qv__peft_default__s42__n2500__step_002500__gsm8k.json""]",[],[],95.32133001484908,95.32133001484908,3429.298411860931,0.17167539699585177,
qwen__gsm8k__qv__pissa__s1107__n500__lr_x0.5,qwen,gsm8k,pissa,1107,500,qv,"[""baseline_fairness_qwen_table3""]",1,"[""baseline_fairness_screening""]",complete,complete,11458b6a28fd2c6775823f6b606fe5fc7e5c03bbd12237187d31d1d00c3251d6,7d9a4b0a30674c51cf1f6b6a518735f2655d22114bceb2bc71b50d36d6cbec5e,2d8932b092a1db69f5bd90840460a75c168d7670,[],"[""7d9a4b0a30674c51cf1f6b6a518735f2655d22114bceb2bc71b50d36d6cbec5e""]",[],[],{},[],[],[],[],[],115.04726578528062,115.04726578528062,709.8700484021101,25.220253103994764,
qwen__gsm8k__qv__pissa__s1107__n500__lr_x1.0,qwen,gsm8k,pissa,1107,500,qv,"[""baseline_fairness_qwen_table3""]",1,"[""baseline_fairness_screening""]",complete,complete,259bfe5865612229ea45a4dfd7127efedd150c24ee9e3743e610eddb759b8b8c,b8a2aaa6a393eada0cf18eeaf1457003fc85a11ec86ace87d68d5e0a8c4c63db,2d8932b092a1db69f5bd90840460a75c168d7670,[],"[""b8a2aaa6a393eada0cf18eeaf1457003fc85a11ec86ace87d68d5e0a8c4c63db""]",[],[],{},[],[],[],[],[],105.26318013831042,105.26318013831042,713.0106016459176,24.879461018019356,
qwen__gsm8k__qv__pissa__s1107__n500__lr_x2.0,qwen,gsm8k,pissa,1107,500,qv,"[""baseline_fairness_qwen_table3""]",1,"[""baseline_fairness_screening""]",complete,complete,b70aa0cd921a76a36d768c3219b26c27fc225b4fb38b58d54d8c89f0236c1e21,19654a12c831a37662452694ca41145f4238f461016707ec68736b917b460e63,2d8932b092a1db69f5bd90840460a75c168d7670,[],"[""19654a12c831a37662452694ca41145f4238f461016707ec68736b917b460e63""]",[],[],{},[],[],[],[],[],95.85861741215922,95.85861741215922,757.3277907470474,24.9082319070003,
qwen__gsm8k__qv__powerlaw_global_a03__s1107__n500__alpha_0.3,qwen,gsm8k,powerlaw_global_a03,1107,500,qv,"[""baseline_fairness_qwen_table3""]",1,"[""baseline_fairness_screening""]",complete,complete,d3e163aaabdf330226040cc128f28131c378aa71afd98b50a426d2498ddafd11,f9a72e3663a16c3c3ffad8a74b64eace88ecaf89e3d99f0b4ddd09350b91461b,6e22c5d07ee03327499b49c66765d335fd9557c4,[],"[""f9a72e3663a16c3c3ffad8a74b64eace88ecaf89e3d99f0b4ddd09350b91461b""]",[],[],{},[],[],[],[],[],96.70841623004526,96.70841623004526,796.1550726005225,2.880418198008556,
qwen__gsm8k__qv__powerlaw_global_a06__s1107__n2500,qwen,gsm8k,powerlaw_global_a06,1107,2500,qv,"[""downstream_2500step""]",1,"[""downstream_2500step""]",complete,complete,981f014b2aca339c5ea3f1c52a72082843240df003c48bd9e0b36fdebab39564,2b3a4ad56c08a7372b3ba89438e7fa146cff921e9e8de391f34f2686cd2a95f8,6569e76bf27da84743934012d6d2df6eb2c28709,"[0, 100, 250, 500, 1000, 1500, 2500]","[""2b3a4ad56c08a7372b3ba89438e7fa146cff921e9e8de391f34f2686cd2a95f8""]","[0, 100, 250, 500, 1000, 1500, 2500]",[],"{""0"": ""00340b0a1c78e6340e3be2cc4b670b8c9a6ae91610285987c0428ff4a27b96ac"", ""100"": ""c2aea26bbf7a916c70972e0b26c762da23150ac68504a3e759030528627293f4"", ""1000"": ""9510e04938053f96edde79f0cdf9c00e25cc7c25c3eb53301827b6452fcfb9e7"", ""1500"": ""84f0110457613e045a61f152f0c259376ba07229af9f49fc88b96989204b2810"", ""250"": ""f680569d24e8a0b8068b9fccffe7571ad157d3f783bca17cf008589ec3af7b95"", ""2500"": ""334591e059f10925d6b58bfe6f05ac3016ba5517f16eae66e6b1902feae303a0"", ""500"": ""c43bff0171ef258e0127755b83c893f93618edad669c2794a23eb7bc31c58774""}","[""qwen__gsm8k__qv__powerlaw_global_a06__s1107__n2500__step_002500__gsm8k.json""]","[{""bind_formal_samples"": true, ""checkpoint"": 2500, ""dataset_split_hash"": ""00fb108842db88dc8b6e9e7d5c63da7fea8688673448a0ca2b5206214e0f738b"", ""evaluation_config"": {""checkpoint"": 2500, ""dataset_split_hash"": ""00fb108842db88dc8b6e9e7d5c63da7fea8688673448a0ca2b5206214e0f738b"", ""protocol"": {""decoding"": ""greedy"", ""metric"": ""exact_match"", ""prompt"": ""fixed_8shot_cot"", ""sample_count"": 1319, ""sample_selection"": ""full_frozen_official_test_order""}, ""run_id"": ""qwen__gsm8k__qv__powerlaw_global_a06__s1107__n2500"", ""sample_manifest"": {""ordered_sample_content_sha256"": ""7d7e49d1579b2b660b2dc3d0a7557261e875e79980da2fd0d45c0625c7566811"", ""ordered_sample_ids_sha256"": ""69d6744016699073a7ad0e561dab501fffe5a1197aa7dbe66907c4f14bfd22df"", ""sample_count"": 1319}, ""schema_version"": 1, ""task"": ""gsm8k""}, ""metrics"": [""exact_match""], ""protocol"": {""decoding"": ""greedy"", ""metric"": ""exact_match"", ""prompt"": ""fixed_8shot_cot"", ""sample_count"": 1319, ""sample_selection"": ""full_frozen_official_test_order""}, ""sample_set_hash"": ""47ddc577ceba4e4a971899fb851b5e55fae68187873121a4ec6edfb8771c4d29"", ""task"": ""gsm8k""}]","[""qwen__gsm8k__qv__powerlaw_global_a06__s1107__n2500__step_002500__gsm8k.json""]",[],[],92.86335124308243,92.86335124308243,3453.2287731341203,0.5615437050000764,
qwen__gsm8k__qv__powerlaw_global_a06__s1107__n500__alpha_0.6,qwen,gsm8k,powerlaw_global_a06,1107,500,qv,"[""baseline_fairness_qwen_table3""]",1,"[""baseline_fairness_screening""]",complete,complete,90bf2d0f2e727542b63e08555d7111754ef9906f9ff4ffe6a134783e08f2c357,b101c06df7a4016bbe155487f407afd1e7df77fb6477c62c6f61f7a39076f0f7,6e22c5d07ee03327499b49c66765d335fd9557c4,[],"[""b101c06df7a4016bbe155487f407afd1e7df77fb6477c62c6f61f7a39076f0f7""]",[],[],{},[],[],[],[],[],95.46887732902542,95.46887732902542,2168.375294009049,0.6471904579666443,
qwen__gsm8k__qv__powerlaw_global_a06__s123__n2500,qwen,gsm8k,powerlaw_global_a06,123,2500,qv,"[""downstream_2500step""]",1,"[""downstream_2500step""]",complete,complete,df7913b4ca7309ecd32f8da465589706a1eee1ed8fd2bf9cd7fb132fe387c736,02731b688075354d09b24475ab90dc409ae1669a4c2c4476a2f446399fe57cde,6569e76bf27da84743934012d6d2df6eb2c28709,"[0, 100, 250, 500, 1000, 1500, 2500]","[""02731b688075354d09b24475ab90dc409ae1669a4c2c4476a2f446399fe57cde""]","[0, 100, 250, 500, 1000, 1500, 2500]",[],"{""0"": ""68fd0616109ac4f115b910a2fbdd08d620859fee1e63b6dbcc6de77486be2cd1"", ""100"": ""7592c960ac436c374578e62aff59ecf0b71b7165a50a4e14b0d8a95a053a51b3"", ""1000"": ""00011bb617a124399f74c8398c36b91af10b66820f4e2103d0900500ff52a880"", ""1500"": ""0d28115dc640069f81a6250869cf9bac44d16e4654caa5d475b28bffba1762b9"", ""250"": ""83661ea5990a9bb9aaa5d9d970eaafb0e491fea750d06a7ae1b820c8e1c31982"", ""2500"": ""a62f32be2fe1a4baeef267116730494af0214868940d30fd4f7645a18c41fac9"", ""500"": ""5b195717b418fd2003c60842bbc8d1f4ef88dd7d9b699f1f26a86fa24d20b5ea""}","[""qwen__gsm8k__qv__powerlaw_global_a06__s123__n2500__step_002500__gsm8k.json""]","[{""bind_formal_samples"": true, ""checkpoint"": 2500, ""dataset_split_hash"": ""00fb108842db88dc8b6e9e7d5c63da7fea8688673448a0ca2b5206214e0f738b"", ""evaluation_config"": {""checkpoint"": 2500, ""dataset_split_hash"": ""00fb108842db88dc8b6e9e7d5c63da7fea8688673448a0ca2b5206214e0f738b"", ""protocol"": {""decoding"": ""greedy"", ""metric"": ""exact_match"", ""prompt"": ""fixed_8shot_cot"", ""sample_count"": 1319, ""sample_selection"": ""full_frozen_official_test_order""}, ""run_id"": ""qwen__gsm8k__qv__powerlaw_global_a06__s123__n2500"", ""sample_manifest"": {""ordered_sample_content_sha256"": ""7d7e49d1579b2b660b2dc3d0a7557261e875e79980da2fd0d45c0625c7566811"", ""ordered_sample_ids_sha256"": ""69d6744016699073a7ad0e561dab501fffe5a1197aa7dbe66907c4f14bfd22df"", ""sample_count"": 1319}, ""schema_version"": 1, ""task"": ""gsm8k""}, ""metrics"": [""exact_match""], ""protocol"": {""decoding"": ""greedy"", ""metric"": ""exact_match"", ""prompt"": ""fixed_8shot_cot"", ""sample_count"": 1319, ""sample_selection"": ""full_frozen_official_test_order""}, ""sample_set_hash"": ""47ddc577ceba4e4a971899fb851b5e55fae68187873121a4ec6edfb8771c4d29"", ""task"": ""gsm8k""}]","[""qwen__gsm8k__qv__powerlaw_global_a06__s123__n2500__step_002500__gsm8k.json""]",[],[],94.26441897125915,94.26441897125915,3445.242320685211,0.45852259900129866,
qwen__gsm8k__qv__powerlaw_global_a06__s42__n2500,qwen,gsm8k,powerlaw_global_a06,42,2500,qv,"[""downstream_2500step""]",1,"[""downstream_2500step""]",complete,complete,3e5caf35c57289b1bd79b065de50688dd05daf2a3ac80fb59354eb9c6a03ad9d,6266026bbba7b4bfc46116403dd1a89ccc5fac0ce0eac1000918bd436973684e,6569e76bf27da84743934012d6d2df6eb2c28709,"[0, 100, 250, 500, 1000, 1500, 2500]","[""6266026bbba7b4bfc46116403dd1a89ccc5fac0ce0eac1000918bd436973684e""]","[0, 100, 250, 500, 1000, 1500, 2500]",[],"{""0"": ""ca7f9297d07dc38eb3fbf006ff1163e91a0d9fc54cd2bbdfef1ea918d9003e5b"", ""100"": ""a73282a57e6d29399a25a27a45c824ad532364e3a5799eaf254933863adfbb9b"", ""1000"": ""2712a3c4a6485a7af4b5bd199db8fec688a15e952e9a8f5f89e39fe1372a650d"", ""1500"": ""fee7025f5654f8ae8c3d1fb531a18cc7f03c89c69d9b8028f7cd706630697287"", ""250"": ""e40c6307815f15b879cd21cbefab82c46dacdc7856fe37226278b42408787d4b"", ""2500"": ""ca43109c9ada0d2dfde84afc3163581b3420c9cc7012858ddb6972e50471049f"", ""500"": ""c7f70377df0bd6b35430e60cf03b5bec9c872ec75264d2898399e1aa79f87e32""}","[""qwen__gsm8k__qv__powerlaw_global_a06__s42__n2500__step_002500__gsm8k.json""]","[{""bind_formal_samples"": true, ""checkpoint"": 2500, ""dataset_split_hash"": ""00fb108842db88dc8b6e9e7d5c63da7fea8688673448a0ca2b5206214e0f738b"", ""evaluation_config"": {""checkpoint"": 2500, ""dataset_split_hash"": ""00fb108842db88dc8b6e9e7d5c63da7fea8688673448a0ca2b5206214e0f738b"", ""protocol"": {""decoding"": ""greedy"", ""metric"": ""exact_match"", ""prompt"": ""fixed_8shot_cot"", ""sample_count"": 1319, ""sample_selection"": ""full_frozen_official_test_order""}, ""run_id"": ""qwen__gsm8k__qv__powerlaw_global_a06__s42__n2500"", ""sample_manifest"": {""ordered_sample_content_sha256"": ""7d7e49d1579b2b660b2dc3d0a7557261e875e79980da2fd0d45c0625c7566811"", ""ordered_sample_ids_sha256"": ""69d6744016699073a7ad0e561dab501fffe5a1197aa7dbe66907c4f14bfd22df"", ""sample_count"": 1319}, ""schema_version"": 1, ""task"": ""gsm8k""}, ""metrics"": [""exact_match""], ""protocol"": {""decoding"": ""greedy"", ""metric"": ""exact_match"", ""prompt"": ""fixed_8shot_cot"", ""sample_count"": 1319, ""sample_selection"": ""full_frozen_official_test_order""}, ""sample_set_hash"": ""47ddc577ceba4e4a971899fb851b5e55fae68187873121a4ec6edfb8771c4d29"", ""task"": ""gsm8k""}]","[""qwen__gsm8k__qv__powerlaw_global_a06__s42__n2500__step_002500__gsm8k.json""]",[],[],93.68961227475666,93.68961227475666,3439.275673719676,0.6644819009961793,
qwen__gsm8k__qv__powerlaw_global_a10__s1107__n500__alpha_1.0,qwen,gsm8k,powerlaw_global_a10,1107,500,qv,"[""baseline_fairness_qwen_table3""]",1,"[""baseline_fairness_screening""]",complete,complete,162ab7cff28e33235ce55cbd285382dd9155c770e4c70279e4cc206c45840ae0,f2221960d2e598fb80e8f5ac39e006ff48b1d901801b969ae86740aeb641921f,8e8b1657c187c1de7133f46ea540fa3bbad3bdae,[],"[""f2221960d2e598fb80e8f5ac39e006ff48b1d901801b969ae86740aeb641921f""]",[],[],{},[],[],[],[],[],96.58738113823347,96.58738113823347,3760.971273003088,0.8542326440219767,
qwen__mbpp__qv__dora__s1107__n500__lr_x0.5,qwen,mbpp,dora,1107,500,qv,"[""baseline_fairness_qwen_table3""]",1,"[""baseline_fairness_screening""]",complete,complete,436e0919147ffd3afe0739adbab786d18c9f430e2c0fe10bf26e64faa9f3d6a1,3c22361fda9c1b3f66500136938ed324bd0c8fc761887b683005dce08c322707,8e8b1657c187c1de7133f46ea540fa3bbad3bdae,[],"[""3c22361fda9c1b3f66500136938ed324bd0c8fc761887b683005dce08c322707""]",[],[],{},[],[],[],[],[],321.85197327751666,321.85197327751666,908.7074001933215,0.46854229999007657,
qwen__mbpp__qv__dora__s1107__n500__lr_x1.0,qwen,mbpp,dora,1107,500,qv,"[""baseline_fairness_qwen_table3""]",1,"[""baseline_fairness_screening""]",complete,complete,c7c2dad2a4bd174d5541ff3e81edb78a60eca82235412e5bf91215f9ea43fa70,6d844139ba4d5e72ffd8172fe28923e16696b0fce6ba7921604110158b404cdb,8e8b1657c187c1de7133f46ea540fa3bbad3bdae,[],"[""6d844139ba4d5e72ffd8172fe28923e16696b0fce6ba7921604110158b404cdb""]",[],[],{},[],[],[],[],[],258.90767532540485,258.90767532540485,908.4021561908303,0.4448884989833459,
qwen__mbpp__qv__dora__s1107__n500__lr_x2.0,qwen,mbpp,dora,1107,500,qv,"[""baseline_fairness_qwen_table3""]",1,"[""baseline_fairness_screening""]",complete,complete,35293bd5f4b1f6b6f536b39256d6a1668c6407cd70da46054da3595227354ac9,c149e7662d24e6f8a5c09990b72179f256d6052dac3da5714b9ce71770264244,8e8b1657c187c1de7133f46ea540fa3bbad3bdae,[],"[""c149e7662d24e6f8a5c09990b72179f256d6052dac3da5714b9ce71770264244""]",[],[],{},[],[],[],[],[],223.64862758852541,223.64862758852541,906.9746403251193,0.46501480002189055,
qwen__mbpp__qv__lora_one__s1107__n500__lr_x0.5,qwen,mbpp,lora_one,1107,500,qv,"[""baseline_fairness_qwen_table3""]",1,"[""baseline_fairness_screening""]",complete,complete,703b2dc175bb8f5d1808fa9a1d636ac7d4a47699158d097e258f003653491507,3134322ed13fd717621c78741f00d23881e7838b873dfe961e8d4dd32bbb93b8,8e8b1657c187c1de7133f46ea540fa3bbad3bdae,[],"[""3134322ed13fd717621c78741f00d23881e7838b873dfe961e8d4dd32bbb93b8""]",[],[],{},[],[],[],[],[],441.92799615487456,441.92799615487456,693.8903459531139,20.927504828956444,
qwen__mbpp__qv__lora_one__s1107__n500__lr_x1.0,qwen,mbpp,lora_one,1107,500,qv,"[""baseline_fairness_qwen_table3""]",1,"[""baseline_fairness_screening""]",complete,complete,6ed4ad2d93a56047808b491b0b3a3856f53aa971a0f1a2652b9ba78a21fa6d6e,82d96bb1d07f56a2efa6e5beb89b5fd6413293f09806ec1a04f15cea0fedb797,8e8b1657c187c1de7133f46ea540fa3bbad3bdae,[],"[""82d96bb1d07f56a2efa6e5beb89b5fd6413293f09806ec1a04f15cea0fedb797""]",[],[],{},[],[],[],[],[],378.2785634342581,378.2785634342581,694.57812112174,21.688063909008633,
qwen__mbpp__qv__lora_one__s1107__n500__lr_x2.0,qwen,mbpp,lora_one,1107,500,qv,"[""baseline_fairness_qwen_table3""]",1,"[""baseline_fairness_screening""]",complete,complete,a4ee6584ebe144d6f23f3dc0891e0c158e1b4b110a99b5421a9f1b5889963ea9,07fadf30e58211ab43879ef1aa40856c12d86151faeef26a079116ad13ea4a5a,8e8b1657c187c1de7133f46ea540fa3bbad3bdae,[],"[""07fadf30e58211ab43879ef1aa40856c12d86151faeef26a079116ad13ea4a5a""]",[],[],{},[],[],[],[],[],313.8281395509839,313.8281395509839,694.3434423055733,20.856948901026044,
qwen__mbpp__qv__peft_default__s1107__n2500,qwen,mbpp,peft_default,1107,2500,qv,"[""downstream_2500step""]",1,"[""downstream_2500step""]",complete,complete,e60e989954ff8eaf32037973e5df582ade3ebcb33c291d980df20b427da7742f,cf9cb63121982c4de8899aa52bc00cc423f7169475c548191e7132c5a4481936,6569e76bf27da84743934012d6d2df6eb2c28709,"[0, 100, 250, 500, 1000, 1500, 2500]","[""cf9cb63121982c4de8899aa52bc00cc423f7169475c548191e7132c5a4481936""]","[0, 100, 250, 500, 1000, 1500, 2500]",[],"{""0"": ""bbd6e35c8f4e4d7785c123a32903020158a5c2c9d9b0db689f2bfab2a809b79e"", ""100"": ""f400a4055ff765ce7c2913dbdbd222c6dd044e8ba9f01c23dd519ef5d8bae2b3"", ""1000"": ""adffbc0215c7a6bea4d69a5f5532c30053139ad8f1bcd25e9a1ee943afb88377"", ""1500"": ""8afca15c2261b7cde41a4b5edd0f5b7ee285e8d4a596489c6a72d1bb85600e9e"", ""250"": ""b5c861fd6a05a9436423842fce87654c64db3bb5dda74922daf45ed68c38013e"", ""2500"": ""dbcc3d5e32f46a0b12425d975bbbdca842bbc999415f0a554ca38fdf4d6cfbb5"", ""500"": ""01b7416f3a4d2910040ddc0245ebd0a5c97aa5292b73155a785a596214eda926""}","[""qwen__mbpp__qv__peft_default__s1107__n2500__step_002500__mbpp.json""]","[{""bind_formal_samples"": true, ""checkpoint"": 2500, ""dataset_split_hash"": ""5019c2dd63891c97ca38a5af5e78710f255a31d5798182eea9191a3a87ea8f5d"", ""evaluation_config"": {""checkpoint"": 2500, ""dataset_split_hash"": ""5019c2dd63891c97ca38a5af5e78710f255a31d5798182eea9191a3a87ea8f5d"", ""protocol"": {""decoding"": ""greedy"", ""metric"": ""pass_at_1"", ""prompt"": ""fixed_3shot"", ""sample_count"": 374, ""sample_selection"": ""full_frozen_official_test_order""}, ""run_id"": ""qwen__mbpp__qv__peft_default__s1107__n2500"", ""sample_manifest"": {""ordered_sample_content_sha256"": ""b889c5ee07691d5df69f09661d758b021bba3d549b8a7b7958afd735356e1cf4"", ""ordered_sample_ids_sha256"": ""45ac1fc7dc2e696b84524fbf55145927c80308bfe24f85d82b14f6e0d4c64c32"", ""sample_count"": 374}, ""schema_version"": 1, ""task"": ""mbpp""}, ""metrics"": [""pass_at_1""], ""protocol"": {""decoding"": ""greedy"", ""metric"": ""pass_at_1"", ""prompt"": ""fixed_3shot"", ""sample_count"": 374, ""sample_selection"": ""full_frozen_official_test_order""}, ""sample_set_hash"": ""2b98b107b05cac5e8cabe04e664e780fe54033f61d3661c69ac7528745f3e308"", ""task"": ""mbpp""}]","[""qwen__mbpp__qv__peft_default__s1107__n2500__step_002500__mbpp.json""]",[],[],421.33696138765663,421.33696138765663,3452.1607302044576,0.3271014979982283,
qwen__mbpp__qv__peft_default__s123__n2500,qwen,mbpp,peft_default,123,2500,qv,"[""downstream_2500step""]",1,"[""downstream_2500step""]",complete,complete,0ea00fb0cee84b94c368788ba0d4ac0fe4eda2c2e512d9edb01aed5990574de3,1a70feff9394bc2ec1c40f4798b56a64c2d6232fe6a92471d71e326f207ed4cf,6569e76bf27da84743934012d6d2df6eb2c28709,"[0, 100, 250, 500, 1000, 1500, 2500]","[""1a70feff9394bc2ec1c40f4798b56a64c2d6232fe6a92471d71e326f207ed4cf""]","[0, 100, 250, 500, 1000, 1500, 2500]",[],"{""0"": ""2d4c0fd226a01f7b8d2d4f57efe825f7a80a2ab78d55265c7a6f128c6cd9b59d"", ""100"": ""7cb02ab3fd1c90835577ff6790a1b2776a57979e461601acf5cbe3b265254e8c"", ""1000"": ""55eb3021af818c0bd22bff04a532f5daf4b023f0a4c8ce788990aa048263eb8e"", ""1500"": ""9901b37de14819ab3e5fe60ede25943ef8dcfc3235aaba3dacbd97571ee064ea"", ""250"": ""75997bfcc52e4bbc6ea266e37011928fb1227a784a95ab6b9632e891909e9ae7"", ""2500"": ""4b93f12db354d3eb8f8f06c766adb62d29d49e57b42a04cd9a9c0d0242b2d5d2"", ""500"": ""8d5c5fbb364aa6c203d40403a85aae45b2780e26f7a0a9d5fee3a17d373b7dd8""}","[""qwen__mbpp__qv__peft_default__s123__n2500__step_002500__mbpp.json""]","[{""bind_formal_samples"": true, ""checkpoint"": 2500, ""dataset_split_hash"": ""5019c2dd63891c97ca38a5af5e78710f255a31d5798182eea9191a3a87ea8f5d"", ""evaluation_config"": {""checkpoint"": 2500, ""dataset_split_hash"": ""5019c2dd63891c97ca38a5af5e78710f255a31d5798182eea9191a3a87ea8f5d"", ""protocol"": {""decoding"": ""greedy"", ""metric"": ""pass_at_1"", ""prompt"": ""fixed_3shot"", ""sample_count"": 374, ""sample_selection"": ""full_frozen_official_test_order""}, ""run_id"": ""qwen__mbpp__qv__peft_default__s123__n2500"", ""sample_manifest"": {""ordered_sample_content_sha256"": ""b889c5ee07691d5df69f09661d758b021bba3d549b8a7b7958afd735356e1cf4"", ""ordered_sample_ids_sha256"": ""45ac1fc7dc2e696b84524fbf55145927c80308bfe24f85d82b14f6e0d4c64c32"", ""sample_count"": 374}, ""schema_version"": 1, ""task"": ""mbpp""}, ""metrics"": [""pass_at_1""], ""protocol"": {""decoding"": ""greedy"", ""metric"": ""pass_at_1"", ""prompt"": ""fixed_3shot"", ""sample_count"": 374, ""sample_selection"": ""full_frozen_official_test_order""}, ""sample_set_hash"": ""2b98b107b05cac5e8cabe04e664e780fe54033f61d3661c69ac7528745f3e308"", ""task"": ""mbpp""}]","[""qwen__mbpp__qv__peft_default__s123__n2500__step_002500__mbpp.json""]",[],[],420.93816182296723,420.93816182296723,3438.2234132172016,0.19482369898469187,
qwen__mbpp__qv__peft_default__s42__n2500,qwen,mbpp,peft_default,42,2500,qv,"[""downstream_2500step""]",1,"[""downstream_2500step""]",complete,complete,89aa660095fe7f4e0ef31d58fefab8ac41203011339c42bd7c0a1dd94d1528ad,47824453ad868f5abb7f1ad726abd4795cb4cfd81924d9d80235ec6f159b7187,6569e76bf27da84743934012d6d2df6eb2c28709,"[0, 100, 250, 500, 1000, 1500, 2500]","[""47824453ad868f5abb7f1ad726abd4795cb4cfd81924d9d80235ec6f159b7187""]","[0, 100, 250, 500, 1000, 1500, 2500]",[],"{""0"": ""7a4c9bb903debbeb75d1d4fd0f2d338b714dcccd48366c5591943957dc87c1a2"", ""100"": ""2fc23fa90336b119e09d2265234a8b8713308dae6e99e948881910f7d7153971"", ""1000"": ""84e4a323ad621bfc478c95d32bc8722abe79db06cc1b32f287406b35b88af2eb"", ""1500"": ""e598a0401d41ee2463c2eb698f06dc8566aa43121be88cf97349b47c63c79aaa"", ""250"": ""3cea61458f89ca68694711efe1b687fcd7032c475261d7239f12b92fc52a1d7d"", ""2500"": ""4a990332a33d5167fbc5e4ef2778b71b7d5e4e45f200c972555e417375463f42"", ""500"": ""dfa9f87442b0747ae51115a8ad3c4e9a18618b68e70d82a17384d8b20bde97a1""}","[""qwen__mbpp__qv__peft_default__s42__n2500__step_002500__mbpp.json""]","[{""bind_formal_samples"": true, ""checkpoint"": 2500, ""dataset_split_hash"": ""5019c2dd63891c97ca38a5af5e78710f255a31d5798182eea9191a3a87ea8f5d"", ""evaluation_config"": {""checkpoint"": 2500, ""dataset_split_hash"": ""5019c2dd63891c97ca38a5af5e78710f255a31d5798182eea9191a3a87ea8f5d"", ""protocol"": {""decoding"": ""greedy"", ""metric"": ""pass_at_1"", ""prompt"": ""fixed_3shot"", ""sample_count"": 374, ""sample_selection"": ""full_frozen_official_test_order""}, ""run_id"": ""qwen__mbpp__qv__peft_default__s42__n2500"", ""sample_manifest"": {""ordered_sample_content_sha256"": ""b889c5ee07691d5df69f09661d758b021bba3d549b8a7b7958afd735356e1cf4"", ""ordered_sample_ids_sha256"": ""45ac1fc7dc2e696b84524fbf55145927c80308bfe24f85d82b14f6e0d4c64c32"", ""sample_count"": 374}, ""schema_version"": 1, ""task"": ""mbpp""}, ""metrics"": [""pass_at_1""], ""protocol"": {""decoding"": ""greedy"", ""metric"": ""pass_at_1"", ""prompt"": ""fixed_3shot"", ""sample_count"": 374, ""sample_selection"": ""full_frozen_official_test_order""}, ""sample_set_hash"": ""2b98b107b05cac5e8cabe04e664e780fe54033f61d3661c69ac7528745f3e308"", ""task"": ""mbpp""}]","[""qwen__mbpp__qv__peft_default__s42__n2500__step_002500__mbpp.json""]",[],[],416.2242478476837,416.2242478476837,3497.735729498003,0.21229809397482313,
qwen__mbpp__qv__pissa__s1107__n500__lr_x0.5,qwen,mbpp,pissa,1107,500,qv,"[""baseline_fairness_qwen_table3""]",1,"[""baseline_fairness_screening""]",complete,complete,ea9307aa4e0d34339b43935ef31180dea67218395a4fda709a563a691d6e3a1b,607191540236421baaf245dcba298b03f8ec4b58bed09eb1835d606e86b916cf,8e8b1657c187c1de7133f46ea540fa3bbad3bdae,[],"[""607191540236421baaf245dcba298b03f8ec4b58bed09eb1835d606e86b916cf""]",[],[],{},[],[],[],[],[],519.0055486224592,519.0055486224592,696.7788051568787,24.844815716031007,
qwen__mbpp__qv__pissa__s1107__n500__lr_x1.0,qwen,mbpp,pissa,1107,500,qv,"[""baseline_fairness_qwen_table3""]",1,"[""baseline_fairness_screening""]",complete,complete,0b30ce3ddb262d796fa62edf01f0f6145be1aee88162f6bc94f82fc634484500,0dc9eed20b49964a2bff442e3eae50e5284c96d963ef5569bf4912f6d3bae64c,8e8b1657c187c1de7133f46ea540fa3bbad3bdae,[],"[""0dc9eed20b49964a2bff442e3eae50e5284c96d963ef5569bf4912f6d3bae64c""]",[],[],{},[],[],[],[],[],472.0166688747704,472.0166688747704,694.6962783639319,24.85110828001052,
qwen__mbpp__qv__pissa__s1107__n500__lr_x2.0,qwen,mbpp,pissa,1107,500,qv,"[""baseline_fairness_qwen_table3""]",1,"[""baseline_fairness_screening""]",complete,complete,1b02d452b4395437a2337aeeffec597c464f01fbfb46675da9c726537789e814,02528cb0c11ea064e6df9cf301018b600b8892b8db9899eafa4acc799b5fc075,8e8b1657c187c1de7133f46ea540fa3bbad3bdae,[],"[""02528cb0c11ea064e6df9cf301018b600b8892b8db9899eafa4acc799b5fc075""]",[],[],{},[],[],[],[],[],422.88680384494364,422.88680384494364,694.675299153896,24.828118389996234,
qwen__mbpp__qv__powerlaw_global_a03__s1107__n500__alpha_0.3,qwen,mbpp,powerlaw_global_a03,1107,500,qv,"[""baseline_fairness_qwen_table3""]",1,"[""baseline_fairness_screening""]",complete,complete,565e9b8631659e5fc78bbaf7558dbaa70d92f6f184a16f916c1d2ba3647130de,33eca758ca86f94a5ffbb02148ad3b38b64f58297e5d6146cd788326942a3329,8e8b1657c187c1de7133f46ea540fa3bbad3bdae,[],"[""33eca758ca86f94a5ffbb02148ad3b38b64f58297e5d6146cd788326942a3329""]",[],[],{},[],[],[],[],[],420.63325642887503,420.63325642887503,695.2244701192249,0.4722695990349166,
qwen__mbpp__qv__powerlaw_global_a06__s1107__n2500,qwen,mbpp,powerlaw_global_a06,1107,2500,qv,"[""downstream_2500step""]",1,"[""downstream_2500step""]",complete,complete,c44cf9da81a5e34eeac6e7c11fe6d01cba0b928208e759bddaa8c725587e826b,66d8319cf207006b7581f2bc8a02415ee796edf6482f9acac80daaf006aa1b8e,6569e76bf27da84743934012d6d2df6eb2c28709,"[0, 100, 250, 500, 1000, 1500, 2500]","[""66d8319cf207006b7581f2bc8a02415ee796edf6482f9acac80daaf006aa1b8e""]","[0, 100, 250, 500, 1000, 1500, 2500]",[],"{""0"": ""00340b0a1c78e6340e3be2cc4b670b8c9a6ae91610285987c0428ff4a27b96ac"", ""100"": ""166ac3d22db7752c73188345579a58f2d197172fc5526e47aa05079376f70c11"", ""1000"": ""5ad49fe0a3e2106abe7ff6546c1a1c730d994d8abbf41a8d400c5d9a298265cd"", ""1500"": ""a696c5e6382c01197ec64aba97d433591eccf689faae687d96de3aa88abcb5d5"", ""250"": ""a37ebadbb88b7d7f6f9a6f724468e16f4afd6404f42fee63887fde3d38ae77ad"", ""2500"": ""eca32382a69e6d0bebade425034efb866493c74355ce4c23bfb7ca751d13fc0c"", ""500"": ""50a33c547a40e7f06e879f025131a23cab6403d2e851730069769631c08332dd""}","[""qwen__mbpp__qv__powerlaw_global_a06__s1107__n2500__step_002500__mbpp.json""]","[{""bind_formal_samples"": true, ""checkpoint"": 2500, ""dataset_split_hash"": ""5019c2dd63891c97ca38a5af5e78710f255a31d5798182eea9191a3a87ea8f5d"", ""evaluation_config"": {""checkpoint"": 2500, ""dataset_split_hash"": ""5019c2dd63891c97ca38a5af5e78710f255a31d5798182eea9191a3a87ea8f5d"", ""protocol"": {""decoding"": ""greedy"", ""metric"": ""pass_at_1"", ""prompt"": ""fixed_3shot"", ""sample_count"": 374, ""sample_selection"": ""full_frozen_official_test_order""}, ""run_id"": ""qwen__mbpp__qv__powerlaw_global_a06__s1107__n2500"", ""sample_manifest"": {""ordered_sample_content_sha256"": ""b889c5ee07691d5df69f09661d758b021bba3d549b8a7b7958afd735356e1cf4"", ""ordered_sample_ids_sha256"": ""45ac1fc7dc2e696b84524fbf55145927c80308bfe24f85d82b14f6e0d4c64c32"", ""sample_count"": 374}, ""schema_version"": 1, ""task"": ""mbpp""}, ""metrics"": [""pass_at_1""], ""protocol"": {""decoding"": ""greedy"", ""metric"": ""pass_at_1"", ""prompt"": ""fixed_3shot"", ""sample_count"": 374, ""sample_selection"": ""full_frozen_official_test_order""}, ""sample_set_hash"": ""2b98b107b05cac5e8cabe04e664e780fe54033f61d3661c69ac7528745f3e308"", ""task"": ""mbpp""}]","[""qwen__mbpp__qv__powerlaw_global_a06__s1107__n2500__step_002500__mbpp.json""]",[],[],413.8361830152571,413.8361830152571,3449.437494808226,0.4546211000124458,
qwen__mbpp__qv__powerlaw_global_a06__s1107__n500__alpha_0.6,qwen,mbpp,powerlaw_global_a06,1107,500,qv,"[""baseline_fairness_qwen_table3""]",1,"[""baseline_fairness_screening""]",complete,complete,931c1ecc92feeaa6632e9084d91997ee27ade6b361717a872540664f28171bca,dc53a18c636e73bed5f854289506723d701b96d4c8f81c4638fffe3ac42b589d,8e8b1657c187c1de7133f46ea540fa3bbad3bdae,[],"[""dc53a18c636e73bed5f854289506723d701b96d4c8f81c4638fffe3ac42b589d""]",[],[],{},[],[],[],[],[],417.2034989427775,417.2034989427775,694.9095619551954,0.4562319000251591,
qwen__mbpp__qv__powerlaw_global_a06__s123__n2500,qwen,mbpp,powerlaw_global_a06,123,2500,qv,"[""downstream_2500step""]",1,"[""downstream_2500step""]",complete,complete,c587d21ecd501a69781c5c08eaff6d99944f9060a7f5cb2a6b08080606e2f270,1df770c3cceddabfe1c087237781c714b8e5d101a124db40efcb7d982b6e0d23,6569e76bf27da84743934012d6d2df6eb2c28709,"[0, 100, 250, 500, 1000, 1500, 2500]","[""1df770c3cceddabfe1c087237781c714b8e5d101a124db40efcb7d982b6e0d23""]","[0, 100, 250, 500, 1000, 1500, 2500]",[],"{""0"": ""68fd0616109ac4f115b910a2fbdd08d620859fee1e63b6dbcc6de77486be2cd1"", ""100"": ""7a7a2ec0867672d38d7f97a7ae1954bfe0cc8d98e803d67373e514d5b89d200c"", ""1000"": ""1a24c5b6ad82e0927763af6d069ccdd45aaac2b158f17d6788b3857f77f9a16b"", ""1500"": ""a52080677a72154afec9e378cda81fabb6a587d2126693a7c22dc4d104d63f14"", ""250"": ""215e9f41efbb0e59b80fdce641cd4d48817be2e6c3c9770fe0b83886aa6650e8"", ""2500"": ""8f13ee5cb303959f5f76b54304e8357ecb58a3201e1404be889673482997a450"", ""500"": ""1ac1f814241adc91179abba3c8bd6f5215cb290953cc716e0d2f8a49fab58bc8""}","[""qwen__mbpp__qv__powerlaw_global_a06__s123__n2500__step_002500__mbpp.json""]","[{""bind_formal_samples"": true, ""checkpoint"": 2500, ""dataset_split_hash"": ""5019c2dd63891c97ca38a5af5e78710f255a31d5798182eea9191a3a87ea8f5d"", ""evaluation_config"": {""checkpoint"": 2500, ""dataset_split_hash"": ""5019c2dd63891c97ca38a5af5e78710f255a31d5798182eea9191a3a87ea8f5d"", ""protocol"": {""decoding"": ""greedy"", ""metric"": ""pass_at_1"", ""prompt"": ""fixed_3shot"", ""sample_count"": 374, ""sample_selection"": ""full_frozen_official_test_order""}, ""run_id"": ""qwen__mbpp__qv__powerlaw_global_a06__s123__n2500"", ""sample_manifest"": {""ordered_sample_content_sha256"": ""b889c5ee07691d5df69f09661d758b021bba3d549b8a7b7958afd735356e1cf4"", ""ordered_sample_ids_sha256"": ""45ac1fc7dc2e696b84524fbf55145927c80308bfe24f85d82b14f6e0d4c64c32"", ""sample_count"": 374}, ""schema_version"": 1, ""task"": ""mbpp""}, ""metrics"": [""pass_at_1""], ""protocol"": {""decoding"": ""greedy"", ""metric"": ""pass_at_1"", ""prompt"": ""fixed_3shot"", ""sample_count"": 374, ""sample_selection"": ""full_frozen_official_test_order""}, ""sample_set_hash"": ""2b98b107b05cac5e8cabe04e664e780fe54033f61d3661c69ac7528745f3e308"", ""task"": ""mbpp""}]","[""qwen__mbpp__qv__powerlaw_global_a06__s123__n2500__step_002500__mbpp.json""]",[],[],411.7341825561598,411.7341825561598,3523.3767998952244,0.4330126989807468,
qwen__mbpp__qv__powerlaw_global_a06__s42__n2500,qwen,mbpp,powerlaw_global_a06,42,2500,qv,"[""downstream_2500step""]",1,"[""downstream_2500step""]",complete,complete,b155f3d5817e620188937179038c6cd518a8410b225e4493d88700cfc14f90c1,e0226189960ccb6c56351431c634c31e552c6e310dcb80baa851ca424f3381fa,6569e76bf27da84743934012d6d2df6eb2c28709,"[0, 100, 250, 500, 1000, 1500, 2500]","[""e0226189960ccb6c56351431c634c31e552c6e310dcb80baa851ca424f3381fa""]","[0, 100, 250, 500, 1000, 1500, 2500]",[],"{""0"": ""ca7f9297d07dc38eb3fbf006ff1163e91a0d9fc54cd2bbdfef1ea918d9003e5b"", ""100"": ""74fb1fe1bbb453334c7eecf8358c1f329ae735b406c5f41fd5a21d1cef76d4a9"", ""1000"": ""ad48220b234600a2d7a60c4aafa674de5a135d1382699b22e5ae5adcb3e7a00d"", ""1500"": ""f5f0cb7b856dccc6ccb17e1ab0d48639d63ace8d29775a6df3c584dfd704b84d"", ""250"": ""0e2ec18d76aaf59cf3b16758fa372f3ff3bb824d4e9997500fbae90b3e213b23"", ""2500"": ""e8657e95dcd9f03dbb4f59253198e66c0903ebe424c3d766daf4b901af0929c2"", ""500"": ""2d1985dcbb7694703a781c637f734ef457facdfc1a76ec7c7ad309d41deaedac""}","[""qwen__mbpp__qv__powerlaw_global_a06__s42__n2500__step_002500__mbpp.json""]","[{""bind_formal_samples"": true, ""checkpoint"": 2500, ""dataset_split_hash"": ""5019c2dd63891c97ca38a5af5e78710f255a31d5798182eea9191a3a87ea8f5d"", ""evaluation_config"": {""checkpoint"": 2500, ""dataset_split_hash"": ""5019c2dd63891c97ca38a5af5e78710f255a31d5798182eea9191a3a87ea8f5d"", ""protocol"": {""decoding"": ""greedy"", ""metric"": ""pass_at_1"", ""prompt"": ""fixed_3shot"", ""sample_count"": 374, ""sample_selection"": ""full_frozen_official_test_order""}, ""run_id"": ""qwen__mbpp__qv__powerlaw_global_a06__s42__n2500"", ""sample_manifest"": {""ordered_sample_content_sha256"": ""b889c5ee07691d5df69f09661d758b021bba3d549b8a7b7958afd735356e1cf4"", ""ordered_sample_ids_sha256"": ""45ac1fc7dc2e696b84524fbf55145927c80308bfe24f85d82b14f6e0d4c64c32"", ""sample_count"": 374}, ""schema_version"": 1, ""task"": ""mbpp""}, ""metrics"": [""pass_at_1""], ""protocol"": {""decoding"": ""greedy"", ""metric"": ""pass_at_1"", ""prompt"": ""fixed_3shot"", ""sample_count"": 374, ""sample_selection"": ""full_frozen_official_test_order""}, ""sample_set_hash"": ""2b98b107b05cac5e8cabe04e664e780fe54033f61d3661c69ac7528745f3e308"", ""task"": ""mbpp""}]","[""qwen__mbpp__qv__powerlaw_global_a06__s42__n2500__step_002500__mbpp.json""]",[],[],412.9120066622272,412.9120066622272,3465.191270184383,0.4732571979984641,
qwen__mbpp__qv__powerlaw_global_a10__s1107__n500__alpha_1.0,qwen,mbpp,powerlaw_global_a10,1107,500,qv,"[""baseline_fairness_qwen_table3""]",1,"[""baseline_fairness_screening""]",complete,complete,154d0883419041b466514862b307952e98b88a406d78741c00b609a7f5ae5bab,12f3e839770b5fbf2fad67b6532b6210c01a5ab3914b4668a42223827700a655,8e8b1657c187c1de7133f46ea540fa3bbad3bdae,[],"[""12f3e839770b5fbf2fad67b6532b6210c01a5ab3914b4668a42223827700a655""]",[],[],{},[],[],[],[],[],418.09142050985247,418.09142050985247,694.7204158702516,0.4709178000339307,
qwen__sharegpt__qv__dora__s1107__n500__lr_x0.5,qwen,sharegpt,dora,1107,500,qv,"[""baseline_fairness_qwen_table3""]",1,"[""baseline_fairness_screening""]",complete,complete,544b940baf0ac195f02116222dfb436fe4f05913436ae92e2cd0f9eb98e4030d,b68bb9eb0765f045ad700e7bbf0f963124974708c95ae6ccea0466dc0eceb101,8e8b1657c187c1de7133f46ea540fa3bbad3bdae,[],"[""b68bb9eb0765f045ad700e7bbf0f963124974708c95ae6ccea0466dc0eceb101""]",[],[],{},[],[],[],[],[],489.5948778837919,489.5948778837919,4555.474243850855,2.9326445019687526,
qwen__sharegpt__qv__dora__s1107__n500__lr_x1.0,qwen,sharegpt,dora,1107,500,qv,"[""baseline_fairness_qwen_table3""]",1,"[""baseline_fairness_screening""]",complete,complete,b837b6b8acc39244bebc7bfabe20643e4325428cfa14e61ae40453f61a277569,d80fcfc8b5d6e2fbd05da87a26a7db853c1c0319ddd0b49351accd9476df95bb,8e8b1657c187c1de7133f46ea540fa3bbad3bdae,[],"[""d80fcfc8b5d6e2fbd05da87a26a7db853c1c0319ddd0b49351accd9476df95bb""]",[],[],{},[],[],[],[],[],488.2309037838131,488.2309037838131,884.1317741347593,0.46583921799901873,
qwen__sharegpt__qv__dora__s1107__n500__lr_x2.0,qwen,sharegpt,dora,1107,500,qv,"[""baseline_fairness_qwen_table3""]",1,"[""baseline_fairness_screening""]",complete,complete,e7f9e2c49a46abd29bbe09899f203793f8e946b7526bb53a9eb652efecf41a93,e27f5e7c34c4d24f6649dff9616375f3456ea8e686ba81ca0e92dc7ce048c17a,8e8b1657c187c1de7133f46ea540fa3bbad3bdae,[],"[""e27f5e7c34c4d24f6649dff9616375f3456ea8e686ba81ca0e92dc7ce048c17a""]",[],[],{},[],[],[],[],[],488.10282466653734,488.10282466653734,883.6316991256899,0.4620700000086799,
qwen__sharegpt__qv__lora_one__s1107__n500__lr_x0.5,qwen,sharegpt,lora_one,1107,500,qv,"[""baseline_fairness_qwen_table3""]",1,"[""baseline_fairness_screening""]",complete,complete,e8563017615ff85f668caec9d40380b74df12b9794200fe018ade1be0eb5d450,12ad3e11ac4dbce45ea82d4c68c9f932d6771b8d6ec33aef87f128c1d50ddf4d,8e8b1657c187c1de7133f46ea540fa3bbad3bdae,[],"[""12ad3e11ac4dbce45ea82d4c68c9f932d6771b8d6ec33aef87f128c1d50ddf4d""]",[],[],{},[],[],[],[],[],492.9735309528187,492.9735309528187,669.735466280079,22.160124484973494,
qwen__sharegpt__qv__lora_one__s1107__n500__lr_x1.0,qwen,sharegpt,lora_one,1107,500,qv,"[""baseline_fairness_qwen_table3""]",1,"[""baseline_fairness_screening""]",complete,complete,70ce25e27e96a5489bd72585079f8119d51e507af604e6b99fdc88e92c939bd6,d71d1fd2613afbdb85f77238125fb87d57fec9a7c6855643411001ee5dbeb304,8e8b1657c187c1de7133f46ea540fa3bbad3bdae,[],"[""d71d1fd2613afbdb85f77238125fb87d57fec9a7c6855643411001ee5dbeb304""]",[],[],{},[],[],[],[],[],490.5432883966714,490.5432883966714,669.9340591221699,21.9274008559878,
qwen__sharegpt__qv__lora_one__s1107__n500__lr_x2.0,qwen,sharegpt,lora_one,1107,500,qv,"[""baseline_fairness_qwen_table3""]",1,"[""baseline_fairness_screening""]",complete,complete,fb8536ce7852a19d87c7b9c7a131349090992d4991193cedf8f982ac216240f2,96bd2c6ac0e1d0c27865e754514784f8e39d2890cebbaa5a9a019f506f5c2bb7,8e8b1657c187c1de7133f46ea540fa3bbad3bdae,[],"[""96bd2c6ac0e1d0c27865e754514784f8e39d2890cebbaa5a9a019f506f5c2bb7""]",[],[],{},[],[],[],[],[],488.597107979469,488.597107979469,670.1746675273171,21.02812572394032,
qwen__sharegpt__qv__peft_default__s1107__n2500,qwen,sharegpt,peft_default,1107,2500,qv,"[""downstream_2500step""]",1,"[""downstream_2500step""]",complete,complete,c1cd550ec1152857048e3569ff0ebb3b0a5251d5744fe4016f4b9efde9503629,3521a9534d08cc068cfd5e2362936deac8ccf36f99d2e559baf4d74f90e453f9,6569e76bf27da84743934012d6d2df6eb2c28709,"[0, 100, 250, 500, 1000, 1500, 2500]","[""3521a9534d08cc068cfd5e2362936deac8ccf36f99d2e559baf4d74f90e453f9""]","[0, 100, 250, 500, 1000, 1500, 2500]",[],"{""0"": ""d33a31683eeac2509daac14f25d8258e3629e0a625ff95633794c975c4e85654"", ""100"": ""7613c99624d735b438d12c6ede10ef66f78e99471d7eb9329b1e44c1038d9536"", ""1000"": ""65a89593c039685c2256c9542358acce70fb8e299f3d3ac4175bc4435245b26d"", ""1500"": ""2d98b190d6fae9f5507c673bffd0634db96d3a40e9008e5ccab920a659d635b2"", ""250"": ""60927aa0df349ef82c64e9a39133b477457174b76f8b62ebe582f6c534b1fcaa"", ""2500"": ""cca06cc3c8cdbb37797585ce5a02096d1690126794f6fbc6cc2cde3ce938f924"", ""500"": ""50c181904bc36d6478ab533f222c4a1aeaafd8469f8a4a7daf7bf890d2123758""}","[""qwen__sharegpt__qv__peft_default__s1107__n2500__step_002500__sharegpt.json""]","[{""bind_formal_samples"": true, ""checkpoint"": 2500, ""dataset_split_hash"": ""25c61a9528f2cda38748440210a45f18115ac15791b5e7c2efbc06356b0ba212"", ""evaluation_config"": {""checkpoint"": 2500, ""dataset_split_hash"": ""25c61a9528f2cda38748440210a45f18115ac15791b5e7c2efbc06356b0ba212"", ""protocol"": {""comparison_reference"": ""frozen_first_assistant_response"", ""judge"": ""prometheus-7b-v2.0"", ""judge_prompt"": ""prometheus2_official_absolute_mistral_v1"", ""judge_revision"": ""66ffb1fc20beebfb60a3964a957d9011723116c5"", ""metrics"": [""heldout_nll"", ""prometheus_absolute_score""], ""prompt_count"": 200, ""sample_count"": 200, ""sample_selection"": ""frozen_sharegpt_judge_prompt_manifest_order"", ""score_range"": [1, 5]}, ""run_id"": ""qwen__sharegpt__qv__peft_default__s1107__n2500"", ""sample_manifest"": {""ordered_sample_content_sha256"": ""8947a15f47e4591a851c4ec1502aac294dd4bcd5f65194f686af1e8261a23457"", ""ordered_sample_ids_sha256"": ""09932ca35b6daf0112452b8f033a0619ccbf1a9ca724b4c4d723dc413fe77321"", ""sample_count"": 200}, ""schema_version"": 1, ""task"": ""sharegpt""}, ""metrics"": [""heldout_nll"", ""prometheus_absolute_score""], ""protocol"": {""comparison_reference"": ""frozen_first_assistant_response"", ""judge"": ""prometheus-7b-v2.0"", ""judge_prompt"": ""prometheus2_official_absolute_mistral_v1"", ""judge_revision"": ""66ffb1fc20beebfb60a3964a957d9011723116c5"", ""metrics"": [""heldout_nll"", ""prometheus_absolute_score""], ""prompt_count"": 200, ""sample_count"": 200, ""sample_selection"": ""frozen_sharegpt_judge_prompt_manifest_order"", ""score_range"": [1, 5]}, ""sample_set_hash"": ""e19354783793c992fb5c6cc00a4db2819d535b2472ab0abf9cd55cfbbbd07a58"", ""task"": ""sharegpt""}]","[""qwen__sharegpt__qv__peft_default__s1107__n2500__step_002500__sharegpt.json""]",[],[],498.5618453565985,498.5618453565985,3326.5214309264993,0.2035838989977492,
qwen__sharegpt__qv__peft_default__s123__n2500,qwen,sharegpt,peft_default,123,2500,qv,"[""downstream_2500step""]",1,"[""downstream_2500step""]",complete,complete,30419b8299de215b87ddf0571c13fb3faf2052c25eea57b538d9ac16fcac48c1,68cfda7d88522205e874252b9e96d8dd9ecebafa233e218563ac959c00e1ebfe,6569e76bf27da84743934012d6d2df6eb2c28709,"[0, 100, 250, 500, 1000, 1500, 2500]","[""68cfda7d88522205e874252b9e96d8dd9ecebafa233e218563ac959c00e1ebfe""]","[0, 100, 250, 500, 1000, 1500, 2500]",[],"{""0"": ""2d4c0fd226a01f7b8d2d4f57efe825f7a80a2ab78d55265c7a6f128c6cd9b59d"", ""100"": ""b5d2d022ec22bc867cf4db359e32ebd05a515a2903347b19aa20b11b5f961634"", ""1000"": ""950760ae9d6deb84108c4794ef5e6d8a2fa5caceabf432db2c3eda87f52cd94a"", ""1500"": ""33f06cbdcab9728a0fd6f865dff878947a85d998ee22f9e9286c82fd94462a35"", ""250"": ""da7ca093e6e036fcf270f8fa86057b00345966283b1e463e08ee24c87e087ae5"", ""2500"": ""7b55ecba02aaa414856f41b3959340d87f9c1b8938bb290673b42dd68a3245bd"", ""500"": ""9dd025c267e3befd1592fecb069aedc32d83e587f853d6002a4c3b25e935906c""}","[""qwen__sharegpt__qv__peft_default__s123__n2500__step_002500__sharegpt.json""]","[{""bind_formal_samples"": true, ""checkpoint"": 2500, ""dataset_split_hash"": ""25c61a9528f2cda38748440210a45f18115ac15791b5e7c2efbc06356b0ba212"", ""evaluation_config"": {""checkpoint"": 2500, ""dataset_split_hash"": ""25c61a9528f2cda38748440210a45f18115ac15791b5e7c2efbc06356b0ba212"", ""protocol"": {""comparison_reference"": ""frozen_first_assistant_response"", ""judge"": ""prometheus-7b-v2.0"", ""judge_prompt"": ""prometheus2_official_absolute_mistral_v1"", ""judge_revision"": ""66ffb1fc20beebfb60a3964a957d9011723116c5"", ""metrics"": [""heldout_nll"", ""prometheus_absolute_score""], ""prompt_count"": 200, ""sample_count"": 200, ""sample_selection"": ""frozen_sharegpt_judge_prompt_manifest_order"", ""score_range"": [1, 5]}, ""run_id"": ""qwen__sharegpt__qv__peft_default__s123__n2500"", ""sample_manifest"": {""ordered_sample_content_sha256"": ""8947a15f47e4591a851c4ec1502aac294dd4bcd5f65194f686af1e8261a23457"", ""ordered_sample_ids_sha256"": ""09932ca35b6daf0112452b8f033a0619ccbf1a9ca724b4c4d723dc413fe77321"", ""sample_count"": 200}, ""schema_version"": 1, ""task"": ""sharegpt""}, ""metrics"": [""heldout_nll"", ""prometheus_absolute_score""], ""protocol"": {""comparison_reference"": ""frozen_first_assistant_response"", ""judge"": ""prometheus-7b-v2.0"", ""judge_prompt"": ""prometheus2_official_absolute_mistral_v1"", ""judge_revision"": ""66ffb1fc20beebfb60a3964a957d9011723116c5"", ""metrics"": [""heldout_nll"", ""prometheus_absolute_score""], ""prompt_count"": 200, ""sample_count"": 200, ""sample_selection"": ""frozen_sharegpt_judge_prompt_manifest_order"", ""score_range"": [1, 5]}, ""sample_set_hash"": ""e19354783793c992fb5c6cc00a4db2819d535b2472ab0abf9cd55cfbbbd07a58"", ""task"": ""sharegpt""}]","[""qwen__sharegpt__qv__peft_default__s123__n2500__step_002500__sharegpt.json""]",[],[],492.8752400195226,492.8752400195226,3340.610934531258,0.2960328000190202,
qwen__sharegpt__qv__peft_default__s42__n2500,qwen,sharegpt,peft_default,42,2500,qv,"[""downstream_2500step""]",1,"[""downstream_2500step""]",complete,complete,90eaad360e336bc9068526603bdcd6ea65bd376a4f52e4084d7d1cd5738a597f,62cfd1e345c476d3fd230f2f8f2fca51e6aec1af4b831f29e59c3f4dffc8483b,6569e76bf27da84743934012d6d2df6eb2c28709,"[0, 100, 250, 500, 1000, 1500, 2500]","[""62cfd1e345c476d3fd230f2f8f2fca51e6aec1af4b831f29e59c3f4dffc8483b""]","[0, 100, 250, 500, 1000, 1500, 2500]",[],"{""0"": ""039bb98337c5fbaeba1fbf60b3d009eccf15f7df860395214970756a040083af"", ""100"": ""7fa536ccbd48257c1b9ba57c39777c62d352f50a184efbce845134202c4ad39f"", ""1000"": ""e3a43412c6e4d362d9f1c89f61234e7fe07be6c2b6a0ba12a24b454e6c91892d"", ""1500"": ""00bf1428173c803574a5bb6b56a9f86915d9cb209dc2e70f54e57e263db27ead"", ""250"": ""f9c34a5004b31ec805ed7d66e4f27d715f28fc3d18b257d9ea5ca6bf02dd7c7d"", ""2500"": ""9422137b2e881c5b5cea2cdda57694ffbf3aea9f0dc85c0939266cce97449131"", ""500"": ""63d2c7ebaa59877361154f299851df4d300cd670776e08e27bb7fbcd3ef0cd7f""}","[""qwen__sharegpt__qv__peft_default__s42__n2500__step_002500__sharegpt.json""]","[{""bind_formal_samples"": true, ""checkpoint"": 2500, ""dataset_split_hash"": ""25c61a9528f2cda38748440210a45f18115ac15791b5e7c2efbc06356b0ba212"", ""evaluation_config"": {""checkpoint"": 2500, ""dataset_split_hash"": ""25c61a9528f2cda38748440210a45f18115ac15791b5e7c2efbc06356b0ba212"", ""protocol"": {""comparison_reference"": ""frozen_first_assistant_response"", ""judge"": ""prometheus-7b-v2.0"", ""judge_prompt"": ""prometheus2_official_absolute_mistral_v1"", ""judge_revision"": ""66ffb1fc20beebfb60a3964a957d9011723116c5"", ""metrics"": [""heldout_nll"", ""prometheus_absolute_score""], ""prompt_count"": 200, ""sample_count"": 200, ""sample_selection"": ""frozen_sharegpt_judge_prompt_manifest_order"", ""score_range"": [1, 5]}, ""run_id"": ""qwen__sharegpt__qv__peft_default__s42__n2500"", ""sample_manifest"": {""ordered_sample_content_sha256"": ""8947a15f47e4591a851c4ec1502aac294dd4bcd5f65194f686af1e8261a23457"", ""ordered_sample_ids_sha256"": ""09932ca35b6daf0112452b8f033a0619ccbf1a9ca724b4c4d723dc413fe77321"", ""sample_count"": 200}, ""schema_version"": 1, ""task"": ""sharegpt""}, ""metrics"": [""heldout_nll"", ""prometheus_absolute_score""], ""protocol"": {""comparison_reference"": ""frozen_first_assistant_response"", ""judge"": ""prometheus-7b-v2.0"", ""judge_prompt"": ""prometheus2_official_absolute_mistral_v1"", ""judge_revision"": ""66ffb1fc20beebfb60a3964a957d9011723116c5"", ""metrics"": [""heldout_nll"", ""prometheus_absolute_score""], ""prompt_count"": 200, ""sample_count"": 200, ""sample_selection"": ""frozen_sharegpt_judge_prompt_manifest_order"", ""score_range"": [1, 5]}, ""sample_set_hash"": ""e19354783793c992fb5c6cc00a4db2819d535b2472ab0abf9cd55cfbbbd07a58"", ""task"": ""sharegpt""}]","[""qwen__sharegpt__qv__peft_default__s42__n2500__step_002500__sharegpt.json""]",[],[],496.6199745964259,496.6199745964259,3326.367951159249,0.28215700000873767,
qwen__sharegpt__qv__pissa__s1107__n500__lr_x0.5,qwen,sharegpt,pissa,1107,500,qv,"[""baseline_fairness_qwen_table3""]",1,"[""baseline_fairness_screening""]",complete,complete,b00b1c980aa903df780295cc31f3c51137d5bb01c7f8d8f3af19edf4488baa43,edc202a6a8579c8d5a50dfda757082aa3ff5772963b710394c53562210e9ed4e,8e8b1657c187c1de7133f46ea540fa3bbad3bdae,[],"[""edc202a6a8579c8d5a50dfda757082aa3ff5772963b710394c53562210e9ed4e""]",[],[],{},[],[],[],[],[],501.1815219661221,501.1815219661221,670.9142933815019,24.82986975100357,
qwen__sharegpt__qv__pissa__s1107__n500__lr_x1.0,qwen,sharegpt,pissa,1107,500,qv,"[""baseline_fairness_qwen_table3""]",1,"[""baseline_fairness_screening""]",complete,complete,034fe01b1a9d33f5974dec43b8001cf11401d376d7164012a2dcae588761a6b6,5ee8599a4ad22de087cd0e00ce5bbf119887fee0d3c5f9b88a3fa873a4a0052a,8e8b1657c187c1de7133f46ea540fa3bbad3bdae,[],"[""5ee8599a4ad22de087cd0e00ce5bbf119887fee0d3c5f9b88a3fa873a4a0052a""]",[],[],{},[],[],[],[],[],497.1493711778894,497.1493711778894,670.2332945428207,24.832947416987736,
qwen__sharegpt__qv__pissa__s1107__n500__lr_x2.0,qwen,sharegpt,pissa,1107,500,qv,"[""baseline_fairness_qwen_table3""]",1,"[""baseline_fairness_screening""]",complete,complete,a2fe40127ac402f50a6765fb824f4fd83c00b29d0141e041782b1fc9900ed272,d3caf83d794770670c43c241af6f5c5ea98dfb35ecde176eebc4b5f68ffc1bd1,8e8b1657c187c1de7133f46ea540fa3bbad3bdae,[],"[""d3caf83d794770670c43c241af6f5c5ea98dfb35ecde176eebc4b5f68ffc1bd1""]",[],[],{},[],[],[],[],[],494.1221833517775,494.1221833517775,671.1798232094152,24.847162795020267,
qwen__sharegpt__qv__powerlaw_global_a03__s1107__n500__alpha_0.3,qwen,sharegpt,powerlaw_global_a03,1107,500,qv,"[""baseline_fairness_qwen_table3""]",1,"[""baseline_fairness_screening""]",complete,complete,0f7c8ef71293dfa4b397beb0d5a1a248808400756122eb1554ea46980fdd41d9,3e017a8067f944009edeb0d5b7d19b5c69302ccc8c58df6fcd4de9ddfdd535ef,8e8b1657c187c1de7133f46ea540fa3bbad3bdae,[],"[""3e017a8067f944009edeb0d5b7d19b5c69302ccc8c58df6fcd4de9ddfdd535ef""]",[],[],{},[],[],[],[],[],492.42882424686104,492.42882424686104,671.6191634953138,0.4684610999538563,
qwen__sharegpt__qv__powerlaw_global_a06__s1107__n2500,qwen,sharegpt,powerlaw_global_a06,1107,2500,qv,"[""downstream_2500step""]",1,"[""downstream_2500step""]",complete,complete,b4b2411f85d8d0a5d8c460327062d80fe63dcad5b9c61b3ac9f4298e22ccd5d3,ea8843a61c3570dd8b53dafb7de20d7439af5a1c297db6a87c2a47a3aa9dad8a,6569e76bf27da84743934012d6d2df6eb2c28709,"[0, 100, 250, 500, 1000, 1500, 2500]","[""ea8843a61c3570dd8b53dafb7de20d7439af5a1c297db6a87c2a47a3aa9dad8a""]","[0, 100, 250, 500, 1000, 1500, 2500]",[],"{""0"": ""6dc82e1cb93127016c2e7e53609f777a37a1983b086127cb6f0bd994aaf6f87b"", ""100"": ""b05edb9970ab1931ddcf0c58d639c5f0e498075522dd484ee04fb2600d7ae3da"", ""1000"": ""5ee4dd2a143720d7e5ccf9250f5290f99cfc7cb661a4e740b9d3de4d9152653f"", ""1500"": ""a3225f347a1d5e97874b13271d28b3b56865746220967764e134cc83089eea7c"", ""250"": ""f9b1a973cefb35f66fbdb5f85ab3c05634c5de306b129acf65e9305fb8763f37"", ""2500"": ""4c3b5d3140219f286b78f0465e2bf2a4e2549d92205a7a244dabd23c99b07291"", ""500"": ""13c423834057665a4617c05f602c1c82b8e086fb0f40129547adda06a62a6150""}","[""qwen__sharegpt__qv__powerlaw_global_a06__s1107__n2500__step_002500__sharegpt.json""]","[{""bind_formal_samples"": true, ""checkpoint"": 2500, ""dataset_split_hash"": ""25c61a9528f2cda38748440210a45f18115ac15791b5e7c2efbc06356b0ba212"", ""evaluation_config"": {""checkpoint"": 2500, ""dataset_split_hash"": ""25c61a9528f2cda38748440210a45f18115ac15791b5e7c2efbc06356b0ba212"", ""protocol"": {""comparison_reference"": ""frozen_first_assistant_response"", ""judge"": ""prometheus-7b-v2.0"", ""judge_prompt"": ""prometheus2_official_absolute_mistral_v1"", ""judge_revision"": ""66ffb1fc20beebfb60a3964a957d9011723116c5"", ""metrics"": [""heldout_nll"", ""prometheus_absolute_score""], ""prompt_count"": 200, ""sample_count"": 200, ""sample_selection"": ""frozen_sharegpt_judge_prompt_manifest_order"", ""score_range"": [1, 5]}, ""run_id"": ""qwen__sharegpt__qv__powerlaw_global_a06__s1107__n2500"", ""sample_manifest"": {""ordered_sample_content_sha256"": ""8947a15f47e4591a851c4ec1502aac294dd4bcd5f65194f686af1e8261a23457"", ""ordered_sample_ids_sha256"": ""09932ca35b6daf0112452b8f033a0619ccbf1a9ca724b4c4d723dc413fe77321"", ""sample_count"": 200}, ""schema_version"": 1, ""task"": ""sharegpt""}, ""metrics"": [""heldout_nll"", ""prometheus_absolute_score""], ""protocol"": {""comparison_reference"": ""frozen_first_assistant_response"", ""judge"": ""prometheus-7b-v2.0"", ""judge_prompt"": ""prometheus2_official_absolute_mistral_v1"", ""judge_revision"": ""66ffb1fc20beebfb60a3964a957d9011723116c5"", ""metrics"": [""heldout_nll"", ""prometheus_absolute_score""], ""prompt_count"": 200, ""sample_count"": 200, ""sample_selection"": ""frozen_sharegpt_judge_prompt_manifest_order"", ""score_range"": [1, 5]}, ""sample_set_hash"": ""e19354783793c992fb5c6cc00a4db2819d535b2472ab0abf9cd55cfbbbd07a58"", ""task"": ""sharegpt""}]","[""qwen__sharegpt__qv__powerlaw_global_a06__s1107__n2500__step_002500__sharegpt.json""]",[],[],497.7885544989258,497.7885544989258,3364.7378286036837,0.4630989980068989,
qwen__sharegpt__qv__powerlaw_global_a06__s1107__n500__alpha_0.6,qwen,sharegpt,powerlaw_global_a06,1107,500,qv,"[""baseline_fairness_qwen_table3""]",1,"[""baseline_fairness_screening""]",complete,complete,70f324041ed6146f03d50c362e4db165e882cd61ce01e6511ddfa40c685444e5,e5aea24e0115675724a9b21dec7e68e88a727239439c539dfde3a846ae76aa61,8e8b1657c187c1de7133f46ea540fa3bbad3bdae,[],"[""e5aea24e0115675724a9b21dec7e68e88a727239439c539dfde3a846ae76aa61""]",[],[],{},[],[],[],[],[],492.21100404299796,492.21100404299796,671.0711609058199,0.42333510098978877,
qwen__sharegpt__qv__powerlaw_global_a06__s123__n2500,qwen,sharegpt,powerlaw_global_a06,123,2500,qv,"[""downstream_2500step""]",1,"[""downstream_2500step""]",complete,complete,30470cf67a6f09e0ce6da61a09b37a48959e1fc42569465ccc03577c5d8767f7,59214717bd8173b4b247e286b9e397d2186634542b300e32b03ac827f73c6503,6569e76bf27da84743934012d6d2df6eb2c28709,"[0, 100, 250, 500, 1000, 1500, 2500]","[""59214717bd8173b4b247e286b9e397d2186634542b300e32b03ac827f73c6503""]","[0, 100, 250, 500, 1000, 1500, 2500]",[],"{""0"": ""c5eb84acf24cc7c2462b6d642b36bff2a84f515b4a3c98933a611308822b0e1f"", ""100"": ""abb7ac1e96d9a58078e0f07c5cc6bb725c6db96d9bf87dded04514d7a8bddf50"", ""1000"": ""a9f0c85bd8bc429dcd958ca50d4dc9725c03f6eb17ef3f593d958da465fcf3ee"", ""1500"": ""2fb3a2104d5ed2e6ea5b86d9911a85da54551011126b1a7de480d4fc702cba0a"", ""250"": ""f9ca8400d19fe5ddff1fb143ef5ffed25fa73c0b862bf093e05992c38b0cf3b6"", ""2500"": ""367024f396b1073417e79a50e42b610eb4b34b437d473ec187addda7eed5aded"", ""500"": ""d31ddc5cd41bdb18c6f8b6a78eacb92d58d276c42385128e6d48c570382e492c""}","[""qwen__sharegpt__qv__powerlaw_global_a06__s123__n2500__step_002500__sharegpt.json""]","[{""bind_formal_samples"": true, ""checkpoint"": 2500, ""dataset_split_hash"": ""25c61a9528f2cda38748440210a45f18115ac15791b5e7c2efbc06356b0ba212"", ""evaluation_config"": {""checkpoint"": 2500, ""dataset_split_hash"": ""25c61a9528f2cda38748440210a45f18115ac15791b5e7c2efbc06356b0ba212"", ""protocol"": {""comparison_reference"": ""frozen_first_assistant_response"", ""judge"": ""prometheus-7b-v2.0"", ""judge_prompt"": ""prometheus2_official_absolute_mistral_v1"", ""judge_revision"": ""66ffb1fc20beebfb60a3964a957d9011723116c5"", ""metrics"": [""heldout_nll"", ""prometheus_absolute_score""], ""prompt_count"": 200, ""sample_count"": 200, ""sample_selection"": ""frozen_sharegpt_judge_prompt_manifest_order"", ""score_range"": [1, 5]}, ""run_id"": ""qwen__sharegpt__qv__powerlaw_global_a06__s123__n2500"", ""sample_manifest"": {""ordered_sample_content_sha256"": ""8947a15f47e4591a851c4ec1502aac294dd4bcd5f65194f686af1e8261a23457"", ""ordered_sample_ids_sha256"": ""09932ca35b6daf0112452b8f033a0619ccbf1a9ca724b4c4d723dc413fe77321"", ""sample_count"": 200}, ""schema_version"": 1, ""task"": ""sharegpt""}, ""metrics"": [""heldout_nll"", ""prometheus_absolute_score""], ""protocol"": {""comparison_reference"": ""frozen_first_assistant_response"", ""judge"": ""prometheus-7b-v2.0"", ""judge_prompt"": ""prometheus2_official_absolute_mistral_v1"", ""judge_revision"": ""66ffb1fc20beebfb60a3964a957d9011723116c5"", ""metrics"": [""heldout_nll"", ""prometheus_absolute_score""], ""prompt_count"": 200, ""sample_count"": 200, ""sample_selection"": ""frozen_sharegpt_judge_prompt_manifest_order"", ""score_range"": [1, 5]}, ""sample_set_hash"": ""e19354783793c992fb5c6cc00a4db2819d535b2472ab0abf9cd55cfbbbd07a58"", ""task"": ""sharegpt""}]","[""qwen__sharegpt__qv__powerlaw_global_a06__s123__n2500__step_002500__sharegpt.json""]",[],[],492.1711054816842,492.1711054816842,3351.8566348099266,0.5612615969730541,
qwen__sharegpt__qv__powerlaw_global_a06__s42__n2500,qwen,sharegpt,powerlaw_global_a06,42,2500,qv,"[""downstream_2500step""]",1,"[""downstream_2500step""]",complete,complete,894b64e0032627e728d5ddf8f0f65b992d534f675b97d9b964d928025c4d7a1b,5e6ef46b5ad5ac99e6ede81e56fbb2189ffe22a3dc777cfb8b994478b1559902,6569e76bf27da84743934012d6d2df6eb2c28709,"[0, 100, 250, 500, 1000, 1500, 2500]","[""5e6ef46b5ad5ac99e6ede81e56fbb2189ffe22a3dc777cfb8b994478b1559902""]","[0, 100, 250, 500, 1000, 1500, 2500]",[],"{""0"": ""2e386160e7915a1447ec49a1e4432c2a688a1267d7b8fe982b1e20449451b1c7"", ""100"": ""34c34e845d81c87630f174b802df63663d9770563b479f4155dd409c9bbe2a9c"", ""1000"": ""1f8f933136d806a77af00c2592834a7bb895b269335a1874d5a35e43f76f4d5e"", ""1500"": ""b8e8f6da754cd382657e1aa8dbf6e6a7063170f567de92f39a886a2461f5f61b"", ""250"": ""ed2f33907f2a8ce44eda8036a8dd553288171006518bef3e7e78ba959aa0c398"", ""2500"": ""cfcb28927cdea74d0abb7c7a089f18c0241ed65efaeb25584d1802397c16b6b4"", ""500"": ""46733f12d2905c8b3c1b562762212741672f2963f7f08b1a2692ae2a432b570e""}","[""qwen__sharegpt__qv__powerlaw_global_a06__s42__n2500__step_002500__sharegpt.json""]","[{""bind_formal_samples"": true, ""checkpoint"": 2500, ""dataset_split_hash"": ""25c61a9528f2cda38748440210a45f18115ac15791b5e7c2efbc06356b0ba212"", ""evaluation_config"": {""checkpoint"": 2500, ""dataset_split_hash"": ""25c61a9528f2cda38748440210a45f18115ac15791b5e7c2efbc06356b0ba212"", ""protocol"": {""comparison_reference"": ""frozen_first_assistant_response"", ""judge"": ""prometheus-7b-v2.0"", ""judge_prompt"": ""prometheus2_official_absolute_mistral_v1"", ""judge_revision"": ""66ffb1fc20beebfb60a3964a957d9011723116c5"", ""metrics"": [""heldout_nll"", ""prometheus_absolute_score""], ""prompt_count"": 200, ""sample_count"": 200, ""sample_selection"": ""frozen_sharegpt_judge_prompt_manifest_order"", ""score_range"": [1, 5]}, ""run_id"": ""qwen__sharegpt__qv__powerlaw_global_a06__s42__n2500"", ""sample_manifest"": {""ordered_sample_content_sha256"": ""8947a15f47e4591a851c4ec1502aac294dd4bcd5f65194f686af1e8261a23457"", ""ordered_sample_ids_sha256"": ""09932ca35b6daf0112452b8f033a0619ccbf1a9ca724b4c4d723dc413fe77321"", ""sample_count"": 200}, ""schema_version"": 1, ""task"": ""sharegpt""}, ""metrics"": [""heldout_nll"", ""prometheus_absolute_score""], ""protocol"": {""comparison_reference"": ""frozen_first_assistant_response"", ""judge"": ""prometheus-7b-v2.0"", ""judge_prompt"": ""prometheus2_official_absolute_mistral_v1"", ""judge_revision"": ""66ffb1fc20beebfb60a3964a957d9011723116c5"", ""metrics"": [""heldout_nll"", ""prometheus_absolute_score""], ""prompt_count"": 200, ""sample_count"": 200, ""sample_selection"": ""frozen_sharegpt_judge_prompt_manifest_order"", ""score_range"": [1, 5]}, ""sample_set_hash"": ""e19354783793c992fb5c6cc00a4db2819d535b2472ab0abf9cd55cfbbbd07a58"", ""task"": ""sharegpt""}]","[""qwen__sharegpt__qv__powerlaw_global_a06__s42__n2500__step_002500__sharegpt.json""]",[],[],496.0544320549816,496.0544320549816,3320.907321250852,0.45888340901001357,
qwen__sharegpt__qv__powerlaw_global_a10__s1107__n500__alpha_1.0,qwen,sharegpt,powerlaw_global_a10,1107,500,qv,"[""baseline_fairness_qwen_table3""]",1,"[""baseline_fairness_screening""]",complete,complete,5eb197584cdb5eca8a053352f824539889efab33477f5259ddd8557d36435ace,3bc42fea4369c96e3a1c14bb58e28ce6947a8031a9350a8e220d77e3cd831dda,8e8b1657c187c1de7133f46ea540fa3bbad3bdae,[],"[""3bc42fea4369c96e3a1c14bb58e28ce6947a8031a9350a8e220d77e3cd831dda""]",[],[],{},[],[],[],[],[],492.12354720104486,492.12354720104486,670.5137546370388,0.5569885000004433,
