analysis_context,model,task,seed,metric,metric_direction,method,target_method,target_endpoint,target_value,reached,target_run_id,target_metadata_sha256,candidate_run_ids,candidate_metadata_sha256,candidate_observations,earliest_endpoint,earliest_value,training_seconds,initialization_seconds,training_plus_initialization_seconds,evaluation_seconds_separate,run_id,metadata_sha256,final_observed_endpoint,final_observed_value,final_observed_training_seconds,final_observed_initialization_seconds,final_observed_training_plus_initialization_seconds,final_observed_evaluation_seconds,final_observed_run_id,final_observed_metadata_sha256
baseline_fairness_final,qwen,cmmlu,42,macro_accuracy,higher,dora,peft_default,step_002500,0.7619391235163032,False,qwen__cmmlu__qv__peft_default__s42__n2500,b53dd876d8b973fad232a3dd293ffb1b48fe77c26c6f06a1f432a564ed05ec28,"[""qwen__cmmlu__qv__dora__s42__n2500""]","[""7cde8d5acb25b14e65e39f307ad02b5b912a3dfdb6edba742c12b27381ac9c93""]","[{""endpoint"": ""step_002500"", ""run_id"": ""qwen__cmmlu__qv__dora__s42__n2500"", ""metadata_sha256"": ""7cde8d5acb25b14e65e39f307ad02b5b912a3dfdb6edba742c12b27381ac9c93""}]",,,,,,,qwen__cmmlu__qv__dora__s42__n2500,7cde8d5acb25b14e65e39f307ad02b5b912a3dfdb6edba742c12b27381ac9c93,step_002500,0.7565190134695984,4550.939864446642,0.506889101001434,4551.446753547643,1868.362479174044,qwen__cmmlu__qv__dora__s42__n2500,7cde8d5acb25b14e65e39f307ad02b5b912a3dfdb6edba742c12b27381ac9c93
baseline_fairness_final,qwen,cmmlu,42,macro_accuracy,higher,lora_one,peft_default,step_002500,0.7619391235163032,True,qwen__cmmlu__qv__peft_default__s42__n2500,b53dd876d8b973fad232a3dd293ffb1b48fe77c26c6f06a1f432a564ed05ec28,"[""qwen__cmmlu__qv__lora_one__s42__n2500""]","[""700d7986c5eb2e7fbced5446a308aaeae202b43bd45cafa826846936c8ab3536""]","[{""endpoint"": ""step_002500"", ""run_id"": ""qwen__cmmlu__qv__lora_one__s42__n2500"", ""metadata_sha256"": ""700d7986c5eb2e7fbced5446a308aaeae202b43bd45cafa826846936c8ab3536""}]",step_002500,0.7746549203008516,3680.393634621345,21.210192620987073,3701.603827242332,1429.7460912000388,qwen__cmmlu__qv__lora_one__s42__n2500,700d7986c5eb2e7fbced5446a308aaeae202b43bd45cafa826846936c8ab3536,step_002500,0.7746549203008516,3680.393634621345,21.210192620987073,3701.603827242332,1429.7460912000388,qwen__cmmlu__qv__lora_one__s42__n2500,700d7986c5eb2e7fbced5446a308aaeae202b43bd45cafa826846936c8ab3536
baseline_fairness_final,qwen,cmmlu,42,macro_accuracy,higher,peft_default,peft_default,step_002500,0.7619391235163032,True,qwen__cmmlu__qv__peft_default__s42__n2500,b53dd876d8b973fad232a3dd293ffb1b48fe77c26c6f06a1f432a564ed05ec28,"[""qwen__cmmlu__qv__peft_default__s42__n2500""]","[""b53dd876d8b973fad232a3dd293ffb1b48fe77c26c6f06a1f432a564ed05ec28""]","[{""endpoint"": ""step_002500"", ""run_id"": ""qwen__cmmlu__qv__peft_default__s42__n2500"", ""metadata_sha256"": ""b53dd876d8b973fad232a3dd293ffb1b48fe77c26c6f06a1f432a564ed05ec28""}]",step_002500,0.7619391235163032,3459.569147769871,0.3202674000058323,3459.889415169877,1912.760894496998,qwen__cmmlu__qv__peft_default__s42__n2500,b53dd876d8b973fad232a3dd293ffb1b48fe77c26c6f06a1f432a564ed05ec28,step_002500,0.7619391235163032,3459.569147769871,0.3202674000058323,3459.889415169877,1912.760894496998,qwen__cmmlu__qv__peft_default__s42__n2500,b53dd876d8b973fad232a3dd293ffb1b48fe77c26c6f06a1f432a564ed05ec28
baseline_fairness_final,qwen,cmmlu,42,macro_accuracy,higher,pissa,peft_default,step_002500,0.7619391235163032,True,qwen__cmmlu__qv__peft_default__s42__n2500,b53dd876d8b973fad232a3dd293ffb1b48fe77c26c6f06a1f432a564ed05ec28,"[""qwen__cmmlu__qv__pissa__s42__n2500""]","[""ee2177037fa61c00c3bfc4a027b22ca99afc7daad1ac671443ab746dc34f8e0c""]","[{""endpoint"": ""step_002500"", ""run_id"": ""qwen__cmmlu__qv__pissa__s42__n2500"", ""metadata_sha256"": ""ee2177037fa61c00c3bfc4a027b22ca99afc7daad1ac671443ab746dc34f8e0c""}]",step_002500,0.7740558530140493,3474.9577248006826,24.84709179896163,3499.8048165996443,1446.2994279010454,qwen__cmmlu__qv__pissa__s42__n2500,ee2177037fa61c00c3bfc4a027b22ca99afc7daad1ac671443ab746dc34f8e0c,step_002500,0.7740558530140493,3474.9577248006826,24.84709179896163,3499.8048165996443,1446.2994279010454,qwen__cmmlu__qv__pissa__s42__n2500,ee2177037fa61c00c3bfc4a027b22ca99afc7daad1ac671443ab746dc34f8e0c
baseline_fairness_final,qwen,cmmlu,42,macro_accuracy,higher,validation_selected_proposed,peft_default,step_002500,0.7619391235163032,True,qwen__cmmlu__qv__peft_default__s42__n2500,b53dd876d8b973fad232a3dd293ffb1b48fe77c26c6f06a1f432a564ed05ec28,"[""qwen__cmmlu__qv__validation_selected_proposed__s42__n2500""]","[""f67e67c9524f5bf250b0a989707d222cb5044145020c11243a9b86c1a7e59bf2""]","[{""endpoint"": ""step_002500"", ""run_id"": ""qwen__cmmlu__qv__validation_selected_proposed__s42__n2500"", ""metadata_sha256"": ""f67e67c9524f5bf250b0a989707d222cb5044145020c11243a9b86c1a7e59bf2""}]",step_002500,0.7638278644344254,3480.3380642481497,0.47253169800387695,3480.8105959461536,1443.0461839429336,qwen__cmmlu__qv__validation_selected_proposed__s42__n2500,f67e67c9524f5bf250b0a989707d222cb5044145020c11243a9b86c1a7e59bf2,step_002500,0.7638278644344254,3480.3380642481497,0.47253169800387695,3480.8105959461536,1443.0461839429336,qwen__cmmlu__qv__validation_selected_proposed__s42__n2500,f67e67c9524f5bf250b0a989707d222cb5044145020c11243a9b86c1a7e59bf2
baseline_fairness_final,qwen,cmmlu,123,macro_accuracy,higher,dora,peft_default,step_002500,0.7561909784012508,False,qwen__cmmlu__qv__peft_default__s123__n2500,f953014b16896a15acf04f22e34663538d8a0418bd67a0ebea5de0c3d2da1cae,"[""qwen__cmmlu__qv__dora__s123__n2500""]","[""2e0831a7c26fd7fa026e30cc18200bb9bd40389a70949a2ba39c89ab30a32866""]","[{""endpoint"": ""step_002500"", ""run_id"": ""qwen__cmmlu__qv__dora__s123__n2500"", ""metadata_sha256"": ""2e0831a7c26fd7fa026e30cc18200bb9bd40389a70949a2ba39c89ab30a32866""}]",,,,,,,qwen__cmmlu__qv__dora__s123__n2500,2e0831a7c26fd7fa026e30cc18200bb9bd40389a70949a2ba39c89ab30a32866,step_002500,0.7524738940567132,4606.0134986020275,0.6018262970028445,4606.61532489903,1944.3927406739676,qwen__cmmlu__qv__dora__s123__n2500,2e0831a7c26fd7fa026e30cc18200bb9bd40389a70949a2ba39c89ab30a32866
baseline_fairness_final,qwen,cmmlu,123,macro_accuracy,higher,lora_one,peft_default,step_002500,0.7561909784012508,True,qwen__cmmlu__qv__peft_default__s123__n2500,f953014b16896a15acf04f22e34663538d8a0418bd67a0ebea5de0c3d2da1cae,"[""qwen__cmmlu__qv__lora_one__s123__n2500""]","[""cb4de7630f425cb27ec7f97574a4fae6a39929ff15db572c4ea1675a715fc021""]","[{""endpoint"": ""step_002500"", ""run_id"": ""qwen__cmmlu__qv__lora_one__s123__n2500"", ""metadata_sha256"": ""cb4de7630f425cb27ec7f97574a4fae6a39929ff15db572c4ea1675a715fc021""}]",step_002500,0.7719612440949071,3561.3087774510495,21.02478538698051,3582.33356283803,1386.3589435749454,qwen__cmmlu__qv__lora_one__s123__n2500,cb4de7630f425cb27ec7f97574a4fae6a39929ff15db572c4ea1675a715fc021,step_002500,0.7719612440949071,3561.3087774510495,21.02478538698051,3582.33356283803,1386.3589435749454,qwen__cmmlu__qv__lora_one__s123__n2500,cb4de7630f425cb27ec7f97574a4fae6a39929ff15db572c4ea1675a715fc021
baseline_fairness_final,qwen,cmmlu,123,macro_accuracy,higher,peft_default,peft_default,step_002500,0.7561909784012508,True,qwen__cmmlu__qv__peft_default__s123__n2500,f953014b16896a15acf04f22e34663538d8a0418bd67a0ebea5de0c3d2da1cae,"[""qwen__cmmlu__qv__peft_default__s123__n2500""]","[""f953014b16896a15acf04f22e34663538d8a0418bd67a0ebea5de0c3d2da1cae""]","[{""endpoint"": ""step_002500"", ""run_id"": ""qwen__cmmlu__qv__peft_default__s123__n2500"", ""metadata_sha256"": ""f953014b16896a15acf04f22e34663538d8a0418bd67a0ebea5de0c3d2da1cae""}]",step_002500,0.7561909784012508,3429.227507627409,0.3102534000063315,3429.5377610274154,1910.2126171050004,qwen__cmmlu__qv__peft_default__s123__n2500,f953014b16896a15acf04f22e34663538d8a0418bd67a0ebea5de0c3d2da1cae,step_002500,0.7561909784012508,3429.227507627409,0.3102534000063315,3429.5377610274154,1910.2126171050004,qwen__cmmlu__qv__peft_default__s123__n2500,f953014b16896a15acf04f22e34663538d8a0418bd67a0ebea5de0c3d2da1cae
baseline_fairness_final,qwen,cmmlu,123,macro_accuracy,higher,pissa,peft_default,step_002500,0.7561909784012508,True,qwen__cmmlu__qv__peft_default__s123__n2500,f953014b16896a15acf04f22e34663538d8a0418bd67a0ebea5de0c3d2da1cae,"[""qwen__cmmlu__qv__pissa__s123__n2500""]","[""1517fa17a2218cc41e5bc2558e16193651b0428e4e6261b59f58dceed65da8ce""]","[{""endpoint"": ""step_002500"", ""run_id"": ""qwen__cmmlu__qv__pissa__s123__n2500"", ""metadata_sha256"": ""1517fa17a2218cc41e5bc2558e16193651b0428e4e6261b59f58dceed65da8ce""}]",step_002500,0.7729899771540116,3482.0977611446287,24.85780973598594,3506.9555708806147,1437.0672408600803,qwen__cmmlu__qv__pissa__s123__n2500,1517fa17a2218cc41e5bc2558e16193651b0428e4e6261b59f58dceed65da8ce,step_002500,0.7729899771540116,3482.0977611446287,24.85780973598594,3506.9555708806147,1437.0672408600803,qwen__cmmlu__qv__pissa__s123__n2500,1517fa17a2218cc41e5bc2558e16193651b0428e4e6261b59f58dceed65da8ce
baseline_fairness_final,qwen,cmmlu,123,macro_accuracy,higher,validation_selected_proposed,peft_default,step_002500,0.7561909784012508,True,qwen__cmmlu__qv__peft_default__s123__n2500,f953014b16896a15acf04f22e34663538d8a0418bd67a0ebea5de0c3d2da1cae,"[""qwen__cmmlu__qv__validation_selected_proposed__s123__n2500""]","[""9a8518554c735cf866ecaaaf6f450dfa2842f5f7b54b7a92cc797693bcc002e3""]","[{""endpoint"": ""step_002500"", ""run_id"": ""qwen__cmmlu__qv__validation_selected_proposed__s123__n2500"", ""metadata_sha256"": ""9a8518554c735cf866ecaaaf6f450dfa2842f5f7b54b7a92cc797693bcc002e3""}]",step_002500,0.7657424214932291,4187.718121097307,5.999484403000679,4193.717605500307,1491.513562383945,qwen__cmmlu__qv__validation_selected_proposed__s123__n2500,9a8518554c735cf866ecaaaf6f450dfa2842f5f7b54b7a92cc797693bcc002e3,step_002500,0.7657424214932291,4187.718121097307,5.999484403000679,4193.717605500307,1491.513562383945,qwen__cmmlu__qv__validation_selected_proposed__s123__n2500,9a8518554c735cf866ecaaaf6f450dfa2842f5f7b54b7a92cc797693bcc002e3
baseline_fairness_final,qwen,cmmlu,1107,macro_accuracy,higher,dora,peft_default,step_002500,0.7557170147599171,False,qwen__cmmlu__qv__peft_default__s1107__n2500,235d28f74daa7f28febb467fcce04b134801f7310a0ce59b397f44a2ea8eeb86,"[""qwen__cmmlu__qv__dora__s1107__n2500""]","[""416d8f4afe40dbafb4d1be517dc1a8ceb089a283354749123d33bfb38f79afd6""]","[{""endpoint"": ""step_002500"", ""run_id"": ""qwen__cmmlu__qv__dora__s1107__n2500"", ""metadata_sha256"": ""416d8f4afe40dbafb4d1be517dc1a8ceb089a283354749123d33bfb38f79afd6""}]",,,,,,,qwen__cmmlu__qv__dora__s1107__n2500,416d8f4afe40dbafb4d1be517dc1a8ceb089a283354749123d33bfb38f79afd6,step_002500,0.753228365446726,4552.974532516033,0.6303412000415847,4553.6048737160745,1960.4279682949418,qwen__cmmlu__qv__dora__s1107__n2500,416d8f4afe40dbafb4d1be517dc1a8ceb089a283354749123d33bfb38f79afd6
baseline_fairness_final,qwen,cmmlu,1107,macro_accuracy,higher,lora_one,peft_default,step_002500,0.7557170147599171,True,qwen__cmmlu__qv__peft_default__s1107__n2500,235d28f74daa7f28febb467fcce04b134801f7310a0ce59b397f44a2ea8eeb86,"[""qwen__cmmlu__qv__lora_one__s1107__n2500""]","[""b67c7b943923faa398565f24cf4ea8d37b3aa67de7e53f6d98faa6a60b022b4c""]","[{""endpoint"": ""step_002500"", ""run_id"": ""qwen__cmmlu__qv__lora_one__s1107__n2500"", ""metadata_sha256"": ""b67c7b943923faa398565f24cf4ea8d37b3aa67de7e53f6d98faa6a60b022b4c""}]",step_002500,0.7734230111689235,3487.0428800997906,20.689567718014587,3507.732447817805,1430.131185721024,qwen__cmmlu__qv__lora_one__s1107__n2500,b67c7b943923faa398565f24cf4ea8d37b3aa67de7e53f6d98faa6a60b022b4c,step_002500,0.7734230111689235,3487.0428800997906,20.689567718014587,3507.732447817805,1430.131185721024,qwen__cmmlu__qv__lora_one__s1107__n2500,b67c7b943923faa398565f24cf4ea8d37b3aa67de7e53f6d98faa6a60b022b4c
baseline_fairness_final,qwen,cmmlu,1107,macro_accuracy,higher,peft_default,peft_default,step_002500,0.7557170147599171,True,qwen__cmmlu__qv__peft_default__s1107__n2500,235d28f74daa7f28febb467fcce04b134801f7310a0ce59b397f44a2ea8eeb86,"[""qwen__cmmlu__qv__peft_default__s1107__n2500""]","[""235d28f74daa7f28febb467fcce04b134801f7310a0ce59b397f44a2ea8eeb86""]","[{""endpoint"": ""step_002500"", ""run_id"": ""qwen__cmmlu__qv__peft_default__s1107__n2500"", ""metadata_sha256"": ""235d28f74daa7f28febb467fcce04b134801f7310a0ce59b397f44a2ea8eeb86""}]",step_002500,0.7557170147599171,3441.8219267822133,0.20776770000520628,3442.0296944822185,1998.5147459750006,qwen__cmmlu__qv__peft_default__s1107__n2500,235d28f74daa7f28febb467fcce04b134801f7310a0ce59b397f44a2ea8eeb86,step_002500,0.7557170147599171,3441.8219267822133,0.20776770000520628,3442.0296944822185,1998.5147459750006,qwen__cmmlu__qv__peft_default__s1107__n2500,235d28f74daa7f28febb467fcce04b134801f7310a0ce59b397f44a2ea8eeb86
baseline_fairness_final,qwen,cmmlu,1107,macro_accuracy,higher,pissa,peft_default,step_002500,0.7557170147599171,True,qwen__cmmlu__qv__peft_default__s1107__n2500,235d28f74daa7f28febb467fcce04b134801f7310a0ce59b397f44a2ea8eeb86,"[""qwen__cmmlu__qv__pissa__s1107__n2500""]","[""459692f96ee9311f3d07b7b35a17bad3effe194c0103d31b8795d8369c2056ba""]","[{""endpoint"": ""step_002500"", ""run_id"": ""qwen__cmmlu__qv__pissa__s1107__n2500"", ""metadata_sha256"": ""459692f96ee9311f3d07b7b35a17bad3effe194c0103d31b8795d8369c2056ba""}]",step_002500,0.7704391709492172,3490.679163423134,24.811654139019083,3515.490817562153,1403.9035194149474,qwen__cmmlu__qv__pissa__s1107__n2500,459692f96ee9311f3d07b7b35a17bad3effe194c0103d31b8795d8369c2056ba,step_002500,0.7704391709492172,3490.679163423134,24.811654139019083,3515.490817562153,1403.9035194149474,qwen__cmmlu__qv__pissa__s1107__n2500,459692f96ee9311f3d07b7b35a17bad3effe194c0103d31b8795d8369c2056ba
baseline_fairness_final,qwen,cmmlu,1107,macro_accuracy,higher,validation_selected_proposed,peft_default,step_002500,0.7557170147599171,True,qwen__cmmlu__qv__peft_default__s1107__n2500,235d28f74daa7f28febb467fcce04b134801f7310a0ce59b397f44a2ea8eeb86,"[""qwen__cmmlu__qv__validation_selected_proposed__s1107__n2500""]","[""577925d82f6cac4d2a9f49002f2e116de80c2ab01fbe3ae02bfe6ec3a57e79a0""]","[{""endpoint"": ""step_002500"", ""run_id"": ""qwen__cmmlu__qv__validation_selected_proposed__s1107__n2500"", ""metadata_sha256"": ""577925d82f6cac4d2a9f49002f2e116de80c2ab01fbe3ae02bfe6ec3a57e79a0""}]",step_002500,0.760032783721176,4274.743352524238,0.4468946999986656,4275.190247224236,1408.0503634630004,qwen__cmmlu__qv__validation_selected_proposed__s1107__n2500,577925d82f6cac4d2a9f49002f2e116de80c2ab01fbe3ae02bfe6ec3a57e79a0,step_002500,0.760032783721176,4274.743352524238,0.4468946999986656,4275.190247224236,1408.0503634630004,qwen__cmmlu__qv__validation_selected_proposed__s1107__n2500,577925d82f6cac4d2a9f49002f2e116de80c2ab01fbe3ae02bfe6ec3a57e79a0
downstream_2500step,openpangu,cmmlu,42,macro_accuracy,higher,iid_matched,peft_default,step_002500,0.4723239782600626,True,openpangu__cmmlu__qv__peft_default__s42__n2500,3827c6e28882f95c995c7b977857f361cf74c313bfc1e736ea1e8e097305ffac,"[""openpangu__cmmlu__qv__iid_matched__s42__n2500""]","[""92c2b240841bdcfde9f9ff3bf5c241ffeb5554b7b913ce22b6b2fa06658c4203""]","[{""endpoint"": ""step_002500"", ""run_id"": ""openpangu__cmmlu__qv__iid_matched__s42__n2500"", ""metadata_sha256"": ""92c2b240841bdcfde9f9ff3bf5c241ffeb5554b7b913ce22b6b2fa06658c4203""}]",step_002500,0.4799337705222204,4069.7776940698677,0.6511344989994541,4070.428828568867,2179.2881671959767,openpangu__cmmlu__qv__iid_matched__s42__n2500,92c2b240841bdcfde9f9ff3bf5c241ffeb5554b7b913ce22b6b2fa06658c4203,step_002500,0.4799337705222204,4069.7776940698677,0.6511344989994541,4070.428828568867,2179.2881671959767,openpangu__cmmlu__qv__iid_matched__s42__n2500,92c2b240841bdcfde9f9ff3bf5c241ffeb5554b7b913ce22b6b2fa06658c4203
downstream_2500step,openpangu,cmmlu,42,macro_accuracy,higher,peft_default,peft_default,step_002500,0.4723239782600626,True,openpangu__cmmlu__qv__peft_default__s42__n2500,3827c6e28882f95c995c7b977857f361cf74c313bfc1e736ea1e8e097305ffac,"[""openpangu__cmmlu__qv__peft_default__s42__n2500""]","[""3827c6e28882f95c995c7b977857f361cf74c313bfc1e736ea1e8e097305ffac""]","[{""endpoint"": ""step_002500"", ""run_id"": ""openpangu__cmmlu__qv__peft_default__s42__n2500"", ""metadata_sha256"": ""3827c6e28882f95c995c7b977857f361cf74c313bfc1e736ea1e8e097305ffac""}]",step_002500,0.4723239782600626,4025.392429712945,0.32319900099901133,4025.715628713944,2190.762042937975,openpangu__cmmlu__qv__peft_default__s42__n2500,3827c6e28882f95c995c7b977857f361cf74c313bfc1e736ea1e8e097305ffac,step_002500,0.4723239782600626,4025.392429712945,0.32319900099901133,4025.715628713944,2190.762042937975,openpangu__cmmlu__qv__peft_default__s42__n2500,3827c6e28882f95c995c7b977857f361cf74c313bfc1e736ea1e8e097305ffac
downstream_2500step,openpangu,cmmlu,42,macro_accuracy,higher,powerlaw_global_a06,peft_default,step_002500,0.4723239782600626,True,openpangu__cmmlu__qv__peft_default__s42__n2500,3827c6e28882f95c995c7b977857f361cf74c313bfc1e736ea1e8e097305ffac,"[""openpangu__cmmlu__qv__powerlaw_global_a06__s42__n2500""]","[""6cc762f27a6ad25f9b11cebc547a548871f3daa3de44af9e557523e4843df880""]","[{""endpoint"": ""step_002500"", ""run_id"": ""openpangu__cmmlu__qv__powerlaw_global_a06__s42__n2500"", ""metadata_sha256"": ""6cc762f27a6ad25f9b11cebc547a548871f3daa3de44af9e557523e4843df880""}]",step_002500,0.4841346635640418,4032.4362306611656,0.5399277100004838,4032.976158371166,2207.8758169480134,openpangu__cmmlu__qv__powerlaw_global_a06__s42__n2500,6cc762f27a6ad25f9b11cebc547a548871f3daa3de44af9e557523e4843df880,step_002500,0.4841346635640418,4032.4362306611656,0.5399277100004838,4032.976158371166,2207.8758169480134,openpangu__cmmlu__qv__powerlaw_global_a06__s42__n2500,6cc762f27a6ad25f9b11cebc547a548871f3daa3de44af9e557523e4843df880
downstream_2500step,openpangu,cmmlu,123,macro_accuracy,higher,iid_matched,peft_default,step_002500,0.46610196105385304,True,openpangu__cmmlu__qv__peft_default__s123__n2500,0411c72d731d6f3cde78abc672a8c24be394e5e6803e39c0fd5c87d810946946,"[""openpangu__cmmlu__qv__iid_matched__s123__n2500""]","[""0174b61e821f792867905ba733666b2c3ce83c51c6d5ad49a38d2313d6a179ac""]","[{""endpoint"": ""step_002500"", ""run_id"": ""openpangu__cmmlu__qv__iid_matched__s123__n2500"", ""metadata_sha256"": ""0174b61e821f792867905ba733666b2c3ce83c51c6d5ad49a38d2313d6a179ac""}]",step_002500,0.48664718158656006,4068.9806418814696,0.6953337999875657,4069.675975681457,2200.8765098000295,openpangu__cmmlu__qv__iid_matched__s123__n2500,0174b61e821f792867905ba733666b2c3ce83c51c6d5ad49a38d2313d6a179ac,step_002500,0.48664718158656006,4068.9806418814696,0.6953337999875657,4069.675975681457,2200.8765098000295,openpangu__cmmlu__qv__iid_matched__s123__n2500,0174b61e821f792867905ba733666b2c3ce83c51c6d5ad49a38d2313d6a179ac
downstream_2500step,openpangu,cmmlu,123,macro_accuracy,higher,peft_default,peft_default,step_002500,0.46610196105385304,True,openpangu__cmmlu__qv__peft_default__s123__n2500,0411c72d731d6f3cde78abc672a8c24be394e5e6803e39c0fd5c87d810946946,"[""openpangu__cmmlu__qv__peft_default__s123__n2500""]","[""0411c72d731d6f3cde78abc672a8c24be394e5e6803e39c0fd5c87d810946946""]","[{""endpoint"": ""step_002500"", ""run_id"": ""openpangu__cmmlu__qv__peft_default__s123__n2500"", ""metadata_sha256"": ""0411c72d731d6f3cde78abc672a8c24be394e5e6803e39c0fd5c87d810946946""}]",step_002500,0.46610196105385304,4030.6330465549545,0.22810880000179168,4030.8611553549563,2178.6234962319722,openpangu__cmmlu__qv__peft_default__s123__n2500,0411c72d731d6f3cde78abc672a8c24be394e5e6803e39c0fd5c87d810946946,step_002500,0.46610196105385304,4030.6330465549545,0.22810880000179168,4030.8611553549563,2178.6234962319722,openpangu__cmmlu__qv__peft_default__s123__n2500,0411c72d731d6f3cde78abc672a8c24be394e5e6803e39c0fd5c87d810946946
downstream_2500step,openpangu,cmmlu,123,macro_accuracy,higher,powerlaw_global_a06,peft_default,step_002500,0.46610196105385304,True,openpangu__cmmlu__qv__peft_default__s123__n2500,0411c72d731d6f3cde78abc672a8c24be394e5e6803e39c0fd5c87d810946946,"[""openpangu__cmmlu__qv__powerlaw_global_a06__s123__n2500""]","[""63388a13df29c064ea996c052eaf88c9c21cc1c62ac78011878450b10158e52c""]","[{""endpoint"": ""step_002500"", ""run_id"": ""openpangu__cmmlu__qv__powerlaw_global_a06__s123__n2500"", ""metadata_sha256"": ""63388a13df29c064ea996c052eaf88c9c21cc1c62ac78011878450b10158e52c""}]",step_002500,0.4935716671238917,4048.324369376911,0.7736068920021353,4049.097976268913,2196.7914364369935,openpangu__cmmlu__qv__powerlaw_global_a06__s123__n2500,63388a13df29c064ea996c052eaf88c9c21cc1c62ac78011878450b10158e52c,step_002500,0.4935716671238917,4048.324369376911,0.7736068920021353,4049.097976268913,2196.7914364369935,openpangu__cmmlu__qv__powerlaw_global_a06__s123__n2500,63388a13df29c064ea996c052eaf88c9c21cc1c62ac78011878450b10158e52c
downstream_2500step,openpangu,cmmlu,1107,macro_accuracy,higher,iid_matched,peft_default,step_002500,0.46674132178596867,False,openpangu__cmmlu__qv__peft_default__s1107__n2500,5fdda4e1bd770474c99c16e0cb4339f4f4f919cef9da7475f7c3c4b650ccaa6b,"[""openpangu__cmmlu__qv__iid_matched__s1107__n2500""]","[""545d7f37ef7c3a7a20766fe07074582b8e7121749f7173c13f299d1f6deff04b""]","[{""endpoint"": ""step_002500"", ""run_id"": ""openpangu__cmmlu__qv__iid_matched__s1107__n2500"", ""metadata_sha256"": ""545d7f37ef7c3a7a20766fe07074582b8e7121749f7173c13f299d1f6deff04b""}]",,,,,,,openpangu__cmmlu__qv__iid_matched__s1107__n2500,545d7f37ef7c3a7a20766fe07074582b8e7121749f7173c13f299d1f6deff04b,step_002500,0.466592654359183,4069.2520797656616,0.6717907009879127,4069.9238704666495,2330.5421157910023,openpangu__cmmlu__qv__iid_matched__s1107__n2500,545d7f37ef7c3a7a20766fe07074582b8e7121749f7173c13f299d1f6deff04b
downstream_2500step,openpangu,cmmlu,1107,macro_accuracy,higher,peft_default,peft_default,step_002500,0.46674132178596867,True,openpangu__cmmlu__qv__peft_default__s1107__n2500,5fdda4e1bd770474c99c16e0cb4339f4f4f919cef9da7475f7c3c4b650ccaa6b,"[""openpangu__cmmlu__qv__peft_default__s1107__n2500"", ""openpangu__cmmlu__qv__peft_default__s1107__n2500"", ""openpangu__cmmlu__qv__peft_default__s1107__n2500"", ""openpangu__cmmlu__qv__peft_default__s1107__n2500""]","[""5fdda4e1bd770474c99c16e0cb4339f4f4f919cef9da7475f7c3c4b650ccaa6b"", ""5fdda4e1bd770474c99c16e0cb4339f4f4f919cef9da7475f7c3c4b650ccaa6b"", ""5fdda4e1bd770474c99c16e0cb4339f4f4f919cef9da7475f7c3c4b650ccaa6b"", ""5fdda4e1bd770474c99c16e0cb4339f4f4f919cef9da7475f7c3c4b650ccaa6b""]","[{""endpoint"": ""step_000100"", ""run_id"": ""openpangu__cmmlu__qv__peft_default__s1107__n2500"", ""metadata_sha256"": ""5fdda4e1bd770474c99c16e0cb4339f4f4f919cef9da7475f7c3c4b650ccaa6b""}, {""endpoint"": ""step_000500"", ""run_id"": ""openpangu__cmmlu__qv__peft_default__s1107__n2500"", ""metadata_sha256"": ""5fdda4e1bd770474c99c16e0cb4339f4f4f919cef9da7475f7c3c4b650ccaa6b""}, {""endpoint"": ""step_001500"", ""run_id"": ""openpangu__cmmlu__qv__peft_default__s1107__n2500"", ""metadata_sha256"": ""5fdda4e1bd770474c99c16e0cb4339f4f4f919cef9da7475f7c3c4b650ccaa6b""}, {""endpoint"": ""step_002500"", ""run_id"": ""openpangu__cmmlu__qv__peft_default__s1107__n2500"", ""metadata_sha256"": ""5fdda4e1bd770474c99c16e0cb4339f4f4f919cef9da7475f7c3c4b650ccaa6b""}]",step_000100,0.5640399205483408,161.15851067300537,0.20671469700027956,161.36522537000565,1576.5982830979628,openpangu__cmmlu__qv__peft_default__s1107__n2500,5fdda4e1bd770474c99c16e0cb4339f4f4f919cef9da7475f7c3c4b650ccaa6b,step_002500,0.46674132178596867,4024.32808244397,0.20671469700027956,4024.53479714097,2188.552102646965,openpangu__cmmlu__qv__peft_default__s1107__n2500,5fdda4e1bd770474c99c16e0cb4339f4f4f919cef9da7475f7c3c4b650ccaa6b
downstream_2500step,openpangu,cmmlu,1107,macro_accuracy,higher,powerlaw_global_a06,peft_default,step_002500,0.46674132178596867,True,openpangu__cmmlu__qv__peft_default__s1107__n2500,5fdda4e1bd770474c99c16e0cb4339f4f4f919cef9da7475f7c3c4b650ccaa6b,"[""openpangu__cmmlu__qv__powerlaw_global_a06__s1107__n2500"", ""openpangu__cmmlu__qv__powerlaw_global_a06__s1107__n2500"", ""openpangu__cmmlu__qv__powerlaw_global_a06__s1107__n2500"", ""openpangu__cmmlu__qv__powerlaw_global_a06__s1107__n2500""]","[""133bc4a880a53cfb3f4291127135cc9a63ef7009fcfe9e2ada21fd70d80161bc"", ""133bc4a880a53cfb3f4291127135cc9a63ef7009fcfe9e2ada21fd70d80161bc"", ""133bc4a880a53cfb3f4291127135cc9a63ef7009fcfe9e2ada21fd70d80161bc"", ""133bc4a880a53cfb3f4291127135cc9a63ef7009fcfe9e2ada21fd70d80161bc""]","[{""endpoint"": ""step_000100"", ""run_id"": ""openpangu__cmmlu__qv__powerlaw_global_a06__s1107__n2500"", ""metadata_sha256"": ""133bc4a880a53cfb3f4291127135cc9a63ef7009fcfe9e2ada21fd70d80161bc""}, {""endpoint"": ""step_000500"", ""run_id"": ""openpangu__cmmlu__qv__powerlaw_global_a06__s1107__n2500"", ""metadata_sha256"": ""133bc4a880a53cfb3f4291127135cc9a63ef7009fcfe9e2ada21fd70d80161bc""}, {""endpoint"": ""step_001500"", ""run_id"": ""openpangu__cmmlu__qv__powerlaw_global_a06__s1107__n2500"", ""metadata_sha256"": ""133bc4a880a53cfb3f4291127135cc9a63ef7009fcfe9e2ada21fd70d80161bc""}, {""endpoint"": ""step_002500"", ""run_id"": ""openpangu__cmmlu__qv__powerlaw_global_a06__s1107__n2500"", ""metadata_sha256"": ""133bc4a880a53cfb3f4291127135cc9a63ef7009fcfe9e2ada21fd70d80161bc""}]",step_000100,0.5694891729431445,161.13242923602957,0.6511126999976113,161.78354193602718,1527.0054914550274,openpangu__cmmlu__qv__powerlaw_global_a06__s1107__n2500,133bc4a880a53cfb3f4291127135cc9a63ef7009fcfe9e2ada21fd70d80161bc,step_002500,0.4933365070002684,4031.7028844029737,0.6511126999976113,4032.3539971029713,2197.8700002050027,openpangu__cmmlu__qv__powerlaw_global_a06__s1107__n2500,133bc4a880a53cfb3f4291127135cc9a63ef7009fcfe9e2ada21fd70d80161bc
downstream_2500step,openpangu,gsm8k,42,exact_match,higher,peft_default,peft_default,step_002500,0.6444275966641395,True,openpangu__gsm8k__qv__peft_default__s42__n2500,90b3e4845d5410fb3b579d7622b785e5e7ee648f52224f522c5405561116c333,"[""openpangu__gsm8k__qv__peft_default__s42__n2500""]","[""90b3e4845d5410fb3b579d7622b785e5e7ee648f52224f522c5405561116c333""]","[{""endpoint"": ""step_002500"", ""run_id"": ""openpangu__gsm8k__qv__peft_default__s42__n2500"", ""metadata_sha256"": ""90b3e4845d5410fb3b579d7622b785e5e7ee648f52224f522c5405561116c333""}]",step_002500,0.6444275966641395,4057.80133799091,0.21196169999893755,4058.0132996909088,16187.657549186999,openpangu__gsm8k__qv__peft_default__s42__n2500,90b3e4845d5410fb3b579d7622b785e5e7ee648f52224f522c5405561116c333,step_002500,0.6444275966641395,4057.80133799091,0.21196169999893755,4058.0132996909088,16187.657549186999,openpangu__gsm8k__qv__peft_default__s42__n2500,90b3e4845d5410fb3b579d7622b785e5e7ee648f52224f522c5405561116c333
downstream_2500step,openpangu,gsm8k,42,exact_match,higher,powerlaw_global_a06,peft_default,step_002500,0.6444275966641395,True,openpangu__gsm8k__qv__peft_default__s42__n2500,90b3e4845d5410fb3b579d7622b785e5e7ee648f52224f522c5405561116c333,"[""openpangu__gsm8k__qv__powerlaw_global_a06__s42__n2500""]","[""35dc32f4d8abc380c28453c851c0909c85822a7e58722a230940b2b597d6ea10""]","[{""endpoint"": ""step_002500"", ""run_id"": ""openpangu__gsm8k__qv__powerlaw_global_a06__s42__n2500"", ""metadata_sha256"": ""35dc32f4d8abc380c28453c851c0909c85822a7e58722a230940b2b597d6ea10""}]",step_002500,0.6679302501895376,4045.4045672420198,0.5440028909997636,4045.9485701330195,13940.769342140004,openpangu__gsm8k__qv__powerlaw_global_a06__s42__n2500,35dc32f4d8abc380c28453c851c0909c85822a7e58722a230940b2b597d6ea10,step_002500,0.6679302501895376,4045.4045672420198,0.5440028909997636,4045.9485701330195,13940.769342140004,openpangu__gsm8k__qv__powerlaw_global_a06__s42__n2500,35dc32f4d8abc380c28453c851c0909c85822a7e58722a230940b2b597d6ea10
downstream_2500step,openpangu,gsm8k,123,exact_match,higher,peft_default,peft_default,step_002500,0.6497346474601972,True,openpangu__gsm8k__qv__peft_default__s123__n2500,d2aa5af1673c4e573420809db8e5040ea2bbe73c233b1a3f69e030ba48c73a12,"[""openpangu__gsm8k__qv__peft_default__s123__n2500""]","[""d2aa5af1673c4e573420809db8e5040ea2bbe73c233b1a3f69e030ba48c73a12""]","[{""endpoint"": ""step_002500"", ""run_id"": ""openpangu__gsm8k__qv__peft_default__s123__n2500"", ""metadata_sha256"": ""d2aa5af1673c4e573420809db8e5040ea2bbe73c233b1a3f69e030ba48c73a12""}]",step_002500,0.6497346474601972,4027.3880968508893,0.24470597298932262,4027.6328028238786,0.22184209599799942,openpangu__gsm8k__qv__peft_default__s123__n2500,d2aa5af1673c4e573420809db8e5040ea2bbe73c233b1a3f69e030ba48c73a12,step_002500,0.6497346474601972,4027.3880968508893,0.24470597298932262,4027.6328028238786,0.22184209599799942,openpangu__gsm8k__qv__peft_default__s123__n2500,d2aa5af1673c4e573420809db8e5040ea2bbe73c233b1a3f69e030ba48c73a12
downstream_2500step,openpangu,gsm8k,123,exact_match,higher,powerlaw_global_a06,peft_default,step_002500,0.6497346474601972,True,openpangu__gsm8k__qv__peft_default__s123__n2500,d2aa5af1673c4e573420809db8e5040ea2bbe73c233b1a3f69e030ba48c73a12,"[""openpangu__gsm8k__qv__powerlaw_global_a06__s123__n2500""]","[""ee92014287e446325d019aa162c3ba3039ddb958fdb191871aa4292405141430""]","[{""endpoint"": ""step_002500"", ""run_id"": ""openpangu__gsm8k__qv__powerlaw_global_a06__s123__n2500"", ""metadata_sha256"": ""ee92014287e446325d019aa162c3ba3039ddb958fdb191871aa4292405141430""}]",step_002500,0.6550416982562547,4207.5517875720425,0.7137278049995075,4208.265515377042,14064.175015278,openpangu__gsm8k__qv__powerlaw_global_a06__s123__n2500,ee92014287e446325d019aa162c3ba3039ddb958fdb191871aa4292405141430,step_002500,0.6550416982562547,4207.5517875720425,0.7137278049995075,4208.265515377042,14064.175015278,openpangu__gsm8k__qv__powerlaw_global_a06__s123__n2500,ee92014287e446325d019aa162c3ba3039ddb958fdb191871aa4292405141430
downstream_2500step,openpangu,gsm8k,1107,exact_match,higher,peft_default,peft_default,step_002500,0.6641394996209249,True,openpangu__gsm8k__qv__peft_default__s1107__n2500,813b66f6dfc8bea032d319d3965fa3a0fbaeda12f0a6089ce0b8e49ba62f508d,"[""openpangu__gsm8k__qv__peft_default__s1107__n2500"", ""openpangu__gsm8k__qv__peft_default__s1107__n2500""]","[""813b66f6dfc8bea032d319d3965fa3a0fbaeda12f0a6089ce0b8e49ba62f508d"", ""813b66f6dfc8bea032d319d3965fa3a0fbaeda12f0a6089ce0b8e49ba62f508d""]","[{""endpoint"": ""step_001500"", ""run_id"": ""openpangu__gsm8k__qv__peft_default__s1107__n2500"", ""metadata_sha256"": ""813b66f6dfc8bea032d319d3965fa3a0fbaeda12f0a6089ce0b8e49ba62f508d""}, {""endpoint"": ""step_002500"", ""run_id"": ""openpangu__gsm8k__qv__peft_default__s1107__n2500"", ""metadata_sha256"": ""813b66f6dfc8bea032d319d3965fa3a0fbaeda12f0a6089ce0b8e49ba62f508d""}]",step_002500,0.6641394996209249,4032.703500115982,0.3247659009939525,4033.028266016976,0.20242319899989525,openpangu__gsm8k__qv__peft_default__s1107__n2500,813b66f6dfc8bea032d319d3965fa3a0fbaeda12f0a6089ce0b8e49ba62f508d,step_002500,0.6641394996209249,4032.703500115982,0.3247659009939525,4033.028266016976,0.20242319899989525,openpangu__gsm8k__qv__peft_default__s1107__n2500,813b66f6dfc8bea032d319d3965fa3a0fbaeda12f0a6089ce0b8e49ba62f508d
downstream_2500step,openpangu,gsm8k,1107,exact_match,higher,powerlaw_global_a06,peft_default,step_002500,0.6641394996209249,True,openpangu__gsm8k__qv__peft_default__s1107__n2500,813b66f6dfc8bea032d319d3965fa3a0fbaeda12f0a6089ce0b8e49ba62f508d,"[""openpangu__gsm8k__qv__powerlaw_global_a06__s1107__n2500"", ""openpangu__gsm8k__qv__powerlaw_global_a06__s1107__n2500""]","[""077a30e3d9e32875e700fa52dd9e87d6fe4496e096f580ccb7bc2f28c8bae227"", ""077a30e3d9e32875e700fa52dd9e87d6fe4496e096f580ccb7bc2f28c8bae227""]","[{""endpoint"": ""step_001500"", ""run_id"": ""openpangu__gsm8k__qv__powerlaw_global_a06__s1107__n2500"", ""metadata_sha256"": ""077a30e3d9e32875e700fa52dd9e87d6fe4496e096f580ccb7bc2f28c8bae227""}, {""endpoint"": ""step_002500"", ""run_id"": ""openpangu__gsm8k__qv__powerlaw_global_a06__s1107__n2500"", ""metadata_sha256"": ""077a30e3d9e32875e700fa52dd9e87d6fe4496e096f580ccb7bc2f28c8bae227""}]",step_002500,0.6755117513267627,4490.911542905993,1.468549003000021,4492.380091908993,14558.494649822998,openpangu__gsm8k__qv__powerlaw_global_a06__s1107__n2500,077a30e3d9e32875e700fa52dd9e87d6fe4496e096f580ccb7bc2f28c8bae227,step_002500,0.6755117513267627,4490.911542905993,1.468549003000021,4492.380091908993,14558.494649822998,openpangu__gsm8k__qv__powerlaw_global_a06__s1107__n2500,077a30e3d9e32875e700fa52dd9e87d6fe4496e096f580ccb7bc2f28c8bae227
downstream_2500step,openpangu,mbpp,42,pass_at_1,higher,peft_default,peft_default,step_002500,0.16310160427807488,True,openpangu__mbpp__qv__peft_default__s42__n2500,d491c5ff7bc11aa74cdeac09d1519f1b358cba6e12c83b04d408cc0c5c73d843,"[""openpangu__mbpp__qv__peft_default__s42__n2500""]","[""d491c5ff7bc11aa74cdeac09d1519f1b358cba6e12c83b04d408cc0c5c73d843""]","[{""endpoint"": ""step_002500"", ""run_id"": ""openpangu__mbpp__qv__peft_default__s42__n2500"", ""metadata_sha256"": ""d491c5ff7bc11aa74cdeac09d1519f1b358cba6e12c83b04d408cc0c5c73d843""}]",step_002500,0.16310160427807488,4222.252981605678,0.347948187001748,4222.600929792679,2592.7731311280077,openpangu__mbpp__qv__peft_default__s42__n2500,d491c5ff7bc11aa74cdeac09d1519f1b358cba6e12c83b04d408cc0c5c73d843,step_002500,0.16310160427807488,4222.252981605678,0.347948187001748,4222.600929792679,2592.7731311280077,openpangu__mbpp__qv__peft_default__s42__n2500,d491c5ff7bc11aa74cdeac09d1519f1b358cba6e12c83b04d408cc0c5c73d843
downstream_2500step,openpangu,mbpp,42,pass_at_1,higher,powerlaw_global_a06,peft_default,step_002500,0.16310160427807488,True,openpangu__mbpp__qv__peft_default__s42__n2500,d491c5ff7bc11aa74cdeac09d1519f1b358cba6e12c83b04d408cc0c5c73d843,"[""openpangu__mbpp__qv__powerlaw_global_a06__s42__n2500""]","[""6e637cd99a716ffb19ff4b0306381832f78a3bf4776e556ef3b9d1ee180cae62""]","[{""endpoint"": ""step_002500"", ""run_id"": ""openpangu__mbpp__qv__powerlaw_global_a06__s42__n2500"", ""metadata_sha256"": ""6e637cd99a716ffb19ff4b0306381832f78a3bf4776e556ef3b9d1ee180cae62""}]",step_002500,0.21657754010695188,4098.298371709723,0.545118996000383,4098.8434907057235,2610.208381212011,openpangu__mbpp__qv__powerlaw_global_a06__s42__n2500,6e637cd99a716ffb19ff4b0306381832f78a3bf4776e556ef3b9d1ee180cae62,step_002500,0.21657754010695188,4098.298371709723,0.545118996000383,4098.8434907057235,2610.208381212011,openpangu__mbpp__qv__powerlaw_global_a06__s42__n2500,6e637cd99a716ffb19ff4b0306381832f78a3bf4776e556ef3b9d1ee180cae62
downstream_2500step,openpangu,mbpp,123,pass_at_1,higher,peft_default,peft_default,step_002500,0.21657754010695188,True,openpangu__mbpp__qv__peft_default__s123__n2500,bb4e0d84f10b0a35ce06da97ad7da5f5088c9f558aa467d937cc4dba6073b96d,"[""openpangu__mbpp__qv__peft_default__s123__n2500""]","[""bb4e0d84f10b0a35ce06da97ad7da5f5088c9f558aa467d937cc4dba6073b96d""]","[{""endpoint"": ""step_002500"", ""run_id"": ""openpangu__mbpp__qv__peft_default__s123__n2500"", ""metadata_sha256"": ""bb4e0d84f10b0a35ce06da97ad7da5f5088c9f558aa467d937cc4dba6073b96d""}]",step_002500,0.21657754010695188,4138.194729464594,0.36756130000867415,4138.562290764603,21.885353576974012,openpangu__mbpp__qv__peft_default__s123__n2500,bb4e0d84f10b0a35ce06da97ad7da5f5088c9f558aa467d937cc4dba6073b96d,step_002500,0.21657754010695188,4138.194729464594,0.36756130000867415,4138.562290764603,21.885353576974012,openpangu__mbpp__qv__peft_default__s123__n2500,bb4e0d84f10b0a35ce06da97ad7da5f5088c9f558aa467d937cc4dba6073b96d
downstream_2500step,openpangu,mbpp,123,pass_at_1,higher,powerlaw_global_a06,peft_default,step_002500,0.21657754010695188,False,openpangu__mbpp__qv__peft_default__s123__n2500,bb4e0d84f10b0a35ce06da97ad7da5f5088c9f558aa467d937cc4dba6073b96d,"[""openpangu__mbpp__qv__powerlaw_global_a06__s123__n2500""]","[""ec6b65868ef9897a9173d2ca0f99e42c0962bfe52525e6c97dfb54fe87deda1d""]","[{""endpoint"": ""step_002500"", ""run_id"": ""openpangu__mbpp__qv__powerlaw_global_a06__s123__n2500"", ""metadata_sha256"": ""ec6b65868ef9897a9173d2ca0f99e42c0962bfe52525e6c97dfb54fe87deda1d""}]",,,,,,,openpangu__mbpp__qv__powerlaw_global_a06__s123__n2500,ec6b65868ef9897a9173d2ca0f99e42c0962bfe52525e6c97dfb54fe87deda1d,step_002500,0.18449197860962566,4174.074559232147,0.5768702040077187,4174.651429436155,3053.1930589340045,openpangu__mbpp__qv__powerlaw_global_a06__s123__n2500,ec6b65868ef9897a9173d2ca0f99e42c0962bfe52525e6c97dfb54fe87deda1d
downstream_2500step,openpangu,mbpp,1107,pass_at_1,higher,peft_default,peft_default,step_002500,0.1925133689839572,True,openpangu__mbpp__qv__peft_default__s1107__n2500,c2a19dd50d2665e8d7850bcd105e23f76bb72a39560a7c7be8b7669b6b32808b,"[""openpangu__mbpp__qv__peft_default__s1107__n2500"", ""openpangu__mbpp__qv__peft_default__s1107__n2500"", ""openpangu__mbpp__qv__peft_default__s1107__n2500"", ""openpangu__mbpp__qv__peft_default__s1107__n2500""]","[""c2a19dd50d2665e8d7850bcd105e23f76bb72a39560a7c7be8b7669b6b32808b"", ""c2a19dd50d2665e8d7850bcd105e23f76bb72a39560a7c7be8b7669b6b32808b"", ""c2a19dd50d2665e8d7850bcd105e23f76bb72a39560a7c7be8b7669b6b32808b"", ""c2a19dd50d2665e8d7850bcd105e23f76bb72a39560a7c7be8b7669b6b32808b""]","[{""endpoint"": ""step_000100"", ""run_id"": ""openpangu__mbpp__qv__peft_default__s1107__n2500"", ""metadata_sha256"": ""c2a19dd50d2665e8d7850bcd105e23f76bb72a39560a7c7be8b7669b6b32808b""}, {""endpoint"": ""step_000500"", ""run_id"": ""openpangu__mbpp__qv__peft_default__s1107__n2500"", ""metadata_sha256"": ""c2a19dd50d2665e8d7850bcd105e23f76bb72a39560a7c7be8b7669b6b32808b""}, {""endpoint"": ""step_001500"", ""run_id"": ""openpangu__mbpp__qv__peft_default__s1107__n2500"", ""metadata_sha256"": ""c2a19dd50d2665e8d7850bcd105e23f76bb72a39560a7c7be8b7669b6b32808b""}, {""endpoint"": ""step_002500"", ""run_id"": ""openpangu__mbpp__qv__peft_default__s1107__n2500"", ""metadata_sha256"": ""c2a19dd50d2665e8d7850bcd105e23f76bb72a39560a7c7be8b7669b6b32808b""}]",step_000100,0.2727272727272727,165.9433825989836,0.22418060000200057,166.1675631989856,2872.0907958630123,openpangu__mbpp__qv__peft_default__s1107__n2500,c2a19dd50d2665e8d7850bcd105e23f76bb72a39560a7c7be8b7669b6b32808b,step_002500,0.1925133689839572,4158.361496099969,0.22418060000200057,4158.585676699971,34.30949163300102,openpangu__mbpp__qv__peft_default__s1107__n2500,c2a19dd50d2665e8d7850bcd105e23f76bb72a39560a7c7be8b7669b6b32808b
downstream_2500step,openpangu,mbpp,1107,pass_at_1,higher,powerlaw_global_a06,peft_default,step_002500,0.1925133689839572,True,openpangu__mbpp__qv__peft_default__s1107__n2500,c2a19dd50d2665e8d7850bcd105e23f76bb72a39560a7c7be8b7669b6b32808b,"[""openpangu__mbpp__qv__powerlaw_global_a06__s1107__n2500"", ""openpangu__mbpp__qv__powerlaw_global_a06__s1107__n2500"", ""openpangu__mbpp__qv__powerlaw_global_a06__s1107__n2500"", ""openpangu__mbpp__qv__powerlaw_global_a06__s1107__n2500""]","[""44f8414c99ceff8d11ddd033d7f26467966c67f7cc8c8b3e7602e67d0347c092"", ""44f8414c99ceff8d11ddd033d7f26467966c67f7cc8c8b3e7602e67d0347c092"", ""44f8414c99ceff8d11ddd033d7f26467966c67f7cc8c8b3e7602e67d0347c092"", ""44f8414c99ceff8d11ddd033d7f26467966c67f7cc8c8b3e7602e67d0347c092""]","[{""endpoint"": ""step_000100"", ""run_id"": ""openpangu__mbpp__qv__powerlaw_global_a06__s1107__n2500"", ""metadata_sha256"": ""44f8414c99ceff8d11ddd033d7f26467966c67f7cc8c8b3e7602e67d0347c092""}, {""endpoint"": ""step_000500"", ""run_id"": ""openpangu__mbpp__qv__powerlaw_global_a06__s1107__n2500"", ""metadata_sha256"": ""44f8414c99ceff8d11ddd033d7f26467966c67f7cc8c8b3e7602e67d0347c092""}, {""endpoint"": ""step_001500"", ""run_id"": ""openpangu__mbpp__qv__powerlaw_global_a06__s1107__n2500"", ""metadata_sha256"": ""44f8414c99ceff8d11ddd033d7f26467966c67f7cc8c8b3e7602e67d0347c092""}, {""endpoint"": ""step_002500"", ""run_id"": ""openpangu__mbpp__qv__powerlaw_global_a06__s1107__n2500"", ""metadata_sha256"": ""44f8414c99ceff8d11ddd033d7f26467966c67f7cc8c8b3e7602e67d0347c092""}]",step_000100,0.28609625668449196,167.79232996996143,0.5986322920070961,168.39096226196853,2823.133225613041,openpangu__mbpp__qv__powerlaw_global_a06__s1107__n2500,44f8414c99ceff8d11ddd033d7f26467966c67f7cc8c8b3e7602e67d0347c092,step_002500,0.24064171122994651,4154.962491326165,0.5986322920070961,4155.561123618172,2699.9298700630025,openpangu__mbpp__qv__powerlaw_global_a06__s1107__n2500,44f8414c99ceff8d11ddd033d7f26467966c67f7cc8c8b3e7602e67d0347c092
downstream_2500step,openpangu,sharegpt,42,prometheus_absolute_score,higher,peft_default,peft_default,step_002500,1.81,True,openpangu__sharegpt__qv__peft_default__s42__n2500,0f9c9e482f332fd83dba99df4323c48c19b2ee644a13d3a20021a8234326ca25,"[""openpangu__sharegpt__qv__peft_default__s42__n2500""]","[""0f9c9e482f332fd83dba99df4323c48c19b2ee644a13d3a20021a8234326ca25""]","[{""endpoint"": ""step_002500"", ""run_id"": ""openpangu__sharegpt__qv__peft_default__s42__n2500"", ""metadata_sha256"": ""0f9c9e482f332fd83dba99df4323c48c19b2ee644a13d3a20021a8234326ca25""}]",step_002500,1.81,3984.2838256029063,0.2034773000050336,3984.4873029029113,3678.628668906007,openpangu__sharegpt__qv__peft_default__s42__n2500,0f9c9e482f332fd83dba99df4323c48c19b2ee644a13d3a20021a8234326ca25,step_002500,1.81,3984.2838256029063,0.2034773000050336,3984.4873029029113,3678.628668906007,openpangu__sharegpt__qv__peft_default__s42__n2500,0f9c9e482f332fd83dba99df4323c48c19b2ee644a13d3a20021a8234326ca25
downstream_2500step,openpangu,sharegpt,42,prometheus_absolute_score,higher,powerlaw_global_a06,peft_default,step_002500,1.81,False,openpangu__sharegpt__qv__peft_default__s42__n2500,0f9c9e482f332fd83dba99df4323c48c19b2ee644a13d3a20021a8234326ca25,"[""openpangu__sharegpt__qv__powerlaw_global_a06__s42__n2500""]","[""2faae1bddaec761efd37b07339fce081387c2308a0fe6e2f648dee74e2582887""]","[{""endpoint"": ""step_002500"", ""run_id"": ""openpangu__sharegpt__qv__powerlaw_global_a06__s42__n2500"", ""metadata_sha256"": ""2faae1bddaec761efd37b07339fce081387c2308a0fe6e2f648dee74e2582887""}]",,,,,,,openpangu__sharegpt__qv__powerlaw_global_a06__s42__n2500,2faae1bddaec761efd37b07339fce081387c2308a0fe6e2f648dee74e2582887,step_002500,1.635,3997.557220740855,0.5807328939990839,3998.137953634854,3416.0106770239654,openpangu__sharegpt__qv__powerlaw_global_a06__s42__n2500,2faae1bddaec761efd37b07339fce081387c2308a0fe6e2f648dee74e2582887
downstream_2500step,openpangu,sharegpt,42,prometheus_judged_samples,higher,peft_default,peft_default,step_002500,200.0,True,openpangu__sharegpt__qv__peft_default__s42__n2500,0f9c9e482f332fd83dba99df4323c48c19b2ee644a13d3a20021a8234326ca25,"[""openpangu__sharegpt__qv__peft_default__s42__n2500""]","[""0f9c9e482f332fd83dba99df4323c48c19b2ee644a13d3a20021a8234326ca25""]","[{""endpoint"": ""step_002500"", ""run_id"": ""openpangu__sharegpt__qv__peft_default__s42__n2500"", ""metadata_sha256"": ""0f9c9e482f332fd83dba99df4323c48c19b2ee644a13d3a20021a8234326ca25""}]",step_002500,200.0,3984.2838256029063,0.2034773000050336,3984.4873029029113,3678.628668906007,openpangu__sharegpt__qv__peft_default__s42__n2500,0f9c9e482f332fd83dba99df4323c48c19b2ee644a13d3a20021a8234326ca25,step_002500,200.0,3984.2838256029063,0.2034773000050336,3984.4873029029113,3678.628668906007,openpangu__sharegpt__qv__peft_default__s42__n2500,0f9c9e482f332fd83dba99df4323c48c19b2ee644a13d3a20021a8234326ca25
downstream_2500step,openpangu,sharegpt,42,prometheus_judged_samples,higher,powerlaw_global_a06,peft_default,step_002500,200.0,True,openpangu__sharegpt__qv__peft_default__s42__n2500,0f9c9e482f332fd83dba99df4323c48c19b2ee644a13d3a20021a8234326ca25,"[""openpangu__sharegpt__qv__powerlaw_global_a06__s42__n2500""]","[""2faae1bddaec761efd37b07339fce081387c2308a0fe6e2f648dee74e2582887""]","[{""endpoint"": ""step_002500"", ""run_id"": ""openpangu__sharegpt__qv__powerlaw_global_a06__s42__n2500"", ""metadata_sha256"": ""2faae1bddaec761efd37b07339fce081387c2308a0fe6e2f648dee74e2582887""}]",step_002500,200.0,3997.557220740855,0.5807328939990839,3998.137953634854,3416.0106770239654,openpangu__sharegpt__qv__powerlaw_global_a06__s42__n2500,2faae1bddaec761efd37b07339fce081387c2308a0fe6e2f648dee74e2582887,step_002500,200.0,3997.557220740855,0.5807328939990839,3998.137953634854,3416.0106770239654,openpangu__sharegpt__qv__powerlaw_global_a06__s42__n2500,2faae1bddaec761efd37b07339fce081387c2308a0fe6e2f648dee74e2582887
downstream_2500step,openpangu,sharegpt,42,prometheus_unjudgeable_samples,higher,peft_default,peft_default,step_002500,0.0,True,openpangu__sharegpt__qv__peft_default__s42__n2500,0f9c9e482f332fd83dba99df4323c48c19b2ee644a13d3a20021a8234326ca25,"[""openpangu__sharegpt__qv__peft_default__s42__n2500""]","[""0f9c9e482f332fd83dba99df4323c48c19b2ee644a13d3a20021a8234326ca25""]","[{""endpoint"": ""step_002500"", ""run_id"": ""openpangu__sharegpt__qv__peft_default__s42__n2500"", ""metadata_sha256"": ""0f9c9e482f332fd83dba99df4323c48c19b2ee644a13d3a20021a8234326ca25""}]",step_002500,0.0,3984.2838256029063,0.2034773000050336,3984.4873029029113,3678.628668906007,openpangu__sharegpt__qv__peft_default__s42__n2500,0f9c9e482f332fd83dba99df4323c48c19b2ee644a13d3a20021a8234326ca25,step_002500,0.0,3984.2838256029063,0.2034773000050336,3984.4873029029113,3678.628668906007,openpangu__sharegpt__qv__peft_default__s42__n2500,0f9c9e482f332fd83dba99df4323c48c19b2ee644a13d3a20021a8234326ca25
downstream_2500step,openpangu,sharegpt,42,prometheus_unjudgeable_samples,higher,powerlaw_global_a06,peft_default,step_002500,0.0,True,openpangu__sharegpt__qv__peft_default__s42__n2500,0f9c9e482f332fd83dba99df4323c48c19b2ee644a13d3a20021a8234326ca25,"[""openpangu__sharegpt__qv__powerlaw_global_a06__s42__n2500""]","[""2faae1bddaec761efd37b07339fce081387c2308a0fe6e2f648dee74e2582887""]","[{""endpoint"": ""step_002500"", ""run_id"": ""openpangu__sharegpt__qv__powerlaw_global_a06__s42__n2500"", ""metadata_sha256"": ""2faae1bddaec761efd37b07339fce081387c2308a0fe6e2f648dee74e2582887""}]",step_002500,0.0,3997.557220740855,0.5807328939990839,3998.137953634854,3416.0106770239654,openpangu__sharegpt__qv__powerlaw_global_a06__s42__n2500,2faae1bddaec761efd37b07339fce081387c2308a0fe6e2f648dee74e2582887,step_002500,0.0,3997.557220740855,0.5807328939990839,3998.137953634854,3416.0106770239654,openpangu__sharegpt__qv__powerlaw_global_a06__s42__n2500,2faae1bddaec761efd37b07339fce081387c2308a0fe6e2f648dee74e2582887
downstream_2500step,openpangu,sharegpt,123,prometheus_absolute_score,higher,peft_default,peft_default,step_002500,1.715,True,openpangu__sharegpt__qv__peft_default__s123__n2500,21d3cf4e606aa27a69baa96beb35da9d383f87d5e288f83006ac5e9474e995f1,"[""openpangu__sharegpt__qv__peft_default__s123__n2500""]","[""21d3cf4e606aa27a69baa96beb35da9d383f87d5e288f83006ac5e9474e995f1""]","[{""endpoint"": ""step_002500"", ""run_id"": ""openpangu__sharegpt__qv__peft_default__s123__n2500"", ""metadata_sha256"": ""21d3cf4e606aa27a69baa96beb35da9d383f87d5e288f83006ac5e9474e995f1""}]",step_002500,1.715,3893.6469741950714,0.3166198980034096,3893.963594093075,3080.4586834950023,openpangu__sharegpt__qv__peft_default__s123__n2500,21d3cf4e606aa27a69baa96beb35da9d383f87d5e288f83006ac5e9474e995f1,step_002500,1.715,3893.6469741950714,0.3166198980034096,3893.963594093075,3080.4586834950023,openpangu__sharegpt__qv__peft_default__s123__n2500,21d3cf4e606aa27a69baa96beb35da9d383f87d5e288f83006ac5e9474e995f1
downstream_2500step,openpangu,sharegpt,123,prometheus_absolute_score,higher,powerlaw_global_a06,peft_default,step_002500,1.715,False,openpangu__sharegpt__qv__peft_default__s123__n2500,21d3cf4e606aa27a69baa96beb35da9d383f87d5e288f83006ac5e9474e995f1,"[""openpangu__sharegpt__qv__powerlaw_global_a06__s123__n2500""]","[""1393ba34b629d90571bae1a60cded69912fab6e3c599a546b8d790672983a54c""]","[{""endpoint"": ""step_002500"", ""run_id"": ""openpangu__sharegpt__qv__powerlaw_global_a06__s123__n2500"", ""metadata_sha256"": ""1393ba34b629d90571bae1a60cded69912fab6e3c599a546b8d790672983a54c""}]",,,,,,,openpangu__sharegpt__qv__powerlaw_global_a06__s123__n2500,1393ba34b629d90571bae1a60cded69912fab6e3c599a546b8d790672983a54c,step_002500,1.575,4061.0050886317767,0.5471654969951487,4061.552254128772,3262.31563900903,openpangu__sharegpt__qv__powerlaw_global_a06__s123__n2500,1393ba34b629d90571bae1a60cded69912fab6e3c599a546b8d790672983a54c
downstream_2500step,openpangu,sharegpt,123,prometheus_judged_samples,higher,peft_default,peft_default,step_002500,200.0,True,openpangu__sharegpt__qv__peft_default__s123__n2500,21d3cf4e606aa27a69baa96beb35da9d383f87d5e288f83006ac5e9474e995f1,"[""openpangu__sharegpt__qv__peft_default__s123__n2500""]","[""21d3cf4e606aa27a69baa96beb35da9d383f87d5e288f83006ac5e9474e995f1""]","[{""endpoint"": ""step_002500"", ""run_id"": ""openpangu__sharegpt__qv__peft_default__s123__n2500"", ""metadata_sha256"": ""21d3cf4e606aa27a69baa96beb35da9d383f87d5e288f83006ac5e9474e995f1""}]",step_002500,200.0,3893.6469741950714,0.3166198980034096,3893.963594093075,3080.4586834950023,openpangu__sharegpt__qv__peft_default__s123__n2500,21d3cf4e606aa27a69baa96beb35da9d383f87d5e288f83006ac5e9474e995f1,step_002500,200.0,3893.6469741950714,0.3166198980034096,3893.963594093075,3080.4586834950023,openpangu__sharegpt__qv__peft_default__s123__n2500,21d3cf4e606aa27a69baa96beb35da9d383f87d5e288f83006ac5e9474e995f1
downstream_2500step,openpangu,sharegpt,123,prometheus_judged_samples,higher,powerlaw_global_a06,peft_default,step_002500,200.0,True,openpangu__sharegpt__qv__peft_default__s123__n2500,21d3cf4e606aa27a69baa96beb35da9d383f87d5e288f83006ac5e9474e995f1,"[""openpangu__sharegpt__qv__powerlaw_global_a06__s123__n2500""]","[""1393ba34b629d90571bae1a60cded69912fab6e3c599a546b8d790672983a54c""]","[{""endpoint"": ""step_002500"", ""run_id"": ""openpangu__sharegpt__qv__powerlaw_global_a06__s123__n2500"", ""metadata_sha256"": ""1393ba34b629d90571bae1a60cded69912fab6e3c599a546b8d790672983a54c""}]",step_002500,200.0,4061.0050886317767,0.5471654969951487,4061.552254128772,3262.31563900903,openpangu__sharegpt__qv__powerlaw_global_a06__s123__n2500,1393ba34b629d90571bae1a60cded69912fab6e3c599a546b8d790672983a54c,step_002500,200.0,4061.0050886317767,0.5471654969951487,4061.552254128772,3262.31563900903,openpangu__sharegpt__qv__powerlaw_global_a06__s123__n2500,1393ba34b629d90571bae1a60cded69912fab6e3c599a546b8d790672983a54c
downstream_2500step,openpangu,sharegpt,123,prometheus_unjudgeable_samples,higher,peft_default,peft_default,step_002500,0.0,True,openpangu__sharegpt__qv__peft_default__s123__n2500,21d3cf4e606aa27a69baa96beb35da9d383f87d5e288f83006ac5e9474e995f1,"[""openpangu__sharegpt__qv__peft_default__s123__n2500""]","[""21d3cf4e606aa27a69baa96beb35da9d383f87d5e288f83006ac5e9474e995f1""]","[{""endpoint"": ""step_002500"", ""run_id"": ""openpangu__sharegpt__qv__peft_default__s123__n2500"", ""metadata_sha256"": ""21d3cf4e606aa27a69baa96beb35da9d383f87d5e288f83006ac5e9474e995f1""}]",step_002500,0.0,3893.6469741950714,0.3166198980034096,3893.963594093075,3080.4586834950023,openpangu__sharegpt__qv__peft_default__s123__n2500,21d3cf4e606aa27a69baa96beb35da9d383f87d5e288f83006ac5e9474e995f1,step_002500,0.0,3893.6469741950714,0.3166198980034096,3893.963594093075,3080.4586834950023,openpangu__sharegpt__qv__peft_default__s123__n2500,21d3cf4e606aa27a69baa96beb35da9d383f87d5e288f83006ac5e9474e995f1
downstream_2500step,openpangu,sharegpt,123,prometheus_unjudgeable_samples,higher,powerlaw_global_a06,peft_default,step_002500,0.0,True,openpangu__sharegpt__qv__peft_default__s123__n2500,21d3cf4e606aa27a69baa96beb35da9d383f87d5e288f83006ac5e9474e995f1,"[""openpangu__sharegpt__qv__powerlaw_global_a06__s123__n2500""]","[""1393ba34b629d90571bae1a60cded69912fab6e3c599a546b8d790672983a54c""]","[{""endpoint"": ""step_002500"", ""run_id"": ""openpangu__sharegpt__qv__powerlaw_global_a06__s123__n2500"", ""metadata_sha256"": ""1393ba34b629d90571bae1a60cded69912fab6e3c599a546b8d790672983a54c""}]",step_002500,0.0,4061.0050886317767,0.5471654969951487,4061.552254128772,3262.31563900903,openpangu__sharegpt__qv__powerlaw_global_a06__s123__n2500,1393ba34b629d90571bae1a60cded69912fab6e3c599a546b8d790672983a54c,step_002500,0.0,4061.0050886317767,0.5471654969951487,4061.552254128772,3262.31563900903,openpangu__sharegpt__qv__powerlaw_global_a06__s123__n2500,1393ba34b629d90571bae1a60cded69912fab6e3c599a546b8d790672983a54c
downstream_2500step,openpangu,sharegpt,1107,prometheus_absolute_score,higher,peft_default,peft_default,step_002500,1.605,True,openpangu__sharegpt__qv__peft_default__s1107__n2500,71557c61a16ad7c75f7fb6479b7a097bd4187366bd0f1a79715b648ddffe8c73,"[""openpangu__sharegpt__qv__peft_default__s1107__n2500""]","[""71557c61a16ad7c75f7fb6479b7a097bd4187366bd0f1a79715b648ddffe8c73""]","[{""endpoint"": ""step_002500"", ""run_id"": ""openpangu__sharegpt__qv__peft_default__s1107__n2500"", ""metadata_sha256"": ""71557c61a16ad7c75f7fb6479b7a097bd4187366bd0f1a79715b648ddffe8c73""}]",step_002500,1.605,3895.9044218801573,0.3251458000013372,3896.2295676801587,7280.004505564997,openpangu__sharegpt__qv__peft_default__s1107__n2500,71557c61a16ad7c75f7fb6479b7a097bd4187366bd0f1a79715b648ddffe8c73,step_002500,1.605,3895.9044218801573,0.3251458000013372,3896.2295676801587,7280.004505564997,openpangu__sharegpt__qv__peft_default__s1107__n2500,71557c61a16ad7c75f7fb6479b7a097bd4187366bd0f1a79715b648ddffe8c73
downstream_2500step,openpangu,sharegpt,1107,prometheus_absolute_score,higher,powerlaw_global_a06,peft_default,step_002500,1.605,True,openpangu__sharegpt__qv__peft_default__s1107__n2500,71557c61a16ad7c75f7fb6479b7a097bd4187366bd0f1a79715b648ddffe8c73,"[""openpangu__sharegpt__qv__powerlaw_global_a06__s1107__n2500""]","[""dd486ca7ebfe8bbe08fa8b5be4ddf2572165462865820addf870a6683fa467ac""]","[{""endpoint"": ""step_002500"", ""run_id"": ""openpangu__sharegpt__qv__powerlaw_global_a06__s1107__n2500"", ""metadata_sha256"": ""dd486ca7ebfe8bbe08fa8b5be4ddf2572165462865820addf870a6683fa467ac""}]",step_002500,1.695,4008.2136347970736,0.6802464010033873,4008.893881198077,3438.7349771799927,openpangu__sharegpt__qv__powerlaw_global_a06__s1107__n2500,dd486ca7ebfe8bbe08fa8b5be4ddf2572165462865820addf870a6683fa467ac,step_002500,1.695,4008.2136347970736,0.6802464010033873,4008.893881198077,3438.7349771799927,openpangu__sharegpt__qv__powerlaw_global_a06__s1107__n2500,dd486ca7ebfe8bbe08fa8b5be4ddf2572165462865820addf870a6683fa467ac
downstream_2500step,openpangu,sharegpt,1107,prometheus_judged_samples,higher,peft_default,peft_default,step_002500,200.0,True,openpangu__sharegpt__qv__peft_default__s1107__n2500,71557c61a16ad7c75f7fb6479b7a097bd4187366bd0f1a79715b648ddffe8c73,"[""openpangu__sharegpt__qv__peft_default__s1107__n2500""]","[""71557c61a16ad7c75f7fb6479b7a097bd4187366bd0f1a79715b648ddffe8c73""]","[{""endpoint"": ""step_002500"", ""run_id"": ""openpangu__sharegpt__qv__peft_default__s1107__n2500"", ""metadata_sha256"": ""71557c61a16ad7c75f7fb6479b7a097bd4187366bd0f1a79715b648ddffe8c73""}]",step_002500,200.0,3895.9044218801573,0.3251458000013372,3896.2295676801587,7280.004505564997,openpangu__sharegpt__qv__peft_default__s1107__n2500,71557c61a16ad7c75f7fb6479b7a097bd4187366bd0f1a79715b648ddffe8c73,step_002500,200.0,3895.9044218801573,0.3251458000013372,3896.2295676801587,7280.004505564997,openpangu__sharegpt__qv__peft_default__s1107__n2500,71557c61a16ad7c75f7fb6479b7a097bd4187366bd0f1a79715b648ddffe8c73
downstream_2500step,openpangu,sharegpt,1107,prometheus_judged_samples,higher,powerlaw_global_a06,peft_default,step_002500,200.0,True,openpangu__sharegpt__qv__peft_default__s1107__n2500,71557c61a16ad7c75f7fb6479b7a097bd4187366bd0f1a79715b648ddffe8c73,"[""openpangu__sharegpt__qv__powerlaw_global_a06__s1107__n2500""]","[""dd486ca7ebfe8bbe08fa8b5be4ddf2572165462865820addf870a6683fa467ac""]","[{""endpoint"": ""step_002500"", ""run_id"": ""openpangu__sharegpt__qv__powerlaw_global_a06__s1107__n2500"", ""metadata_sha256"": ""dd486ca7ebfe8bbe08fa8b5be4ddf2572165462865820addf870a6683fa467ac""}]",step_002500,200.0,4008.2136347970736,0.6802464010033873,4008.893881198077,3438.7349771799927,openpangu__sharegpt__qv__powerlaw_global_a06__s1107__n2500,dd486ca7ebfe8bbe08fa8b5be4ddf2572165462865820addf870a6683fa467ac,step_002500,200.0,4008.2136347970736,0.6802464010033873,4008.893881198077,3438.7349771799927,openpangu__sharegpt__qv__powerlaw_global_a06__s1107__n2500,dd486ca7ebfe8bbe08fa8b5be4ddf2572165462865820addf870a6683fa467ac
downstream_2500step,openpangu,sharegpt,1107,prometheus_unjudgeable_samples,higher,peft_default,peft_default,step_002500,0.0,True,openpangu__sharegpt__qv__peft_default__s1107__n2500,71557c61a16ad7c75f7fb6479b7a097bd4187366bd0f1a79715b648ddffe8c73,"[""openpangu__sharegpt__qv__peft_default__s1107__n2500""]","[""71557c61a16ad7c75f7fb6479b7a097bd4187366bd0f1a79715b648ddffe8c73""]","[{""endpoint"": ""step_002500"", ""run_id"": ""openpangu__sharegpt__qv__peft_default__s1107__n2500"", ""metadata_sha256"": ""71557c61a16ad7c75f7fb6479b7a097bd4187366bd0f1a79715b648ddffe8c73""}]",step_002500,0.0,3895.9044218801573,0.3251458000013372,3896.2295676801587,7280.004505564997,openpangu__sharegpt__qv__peft_default__s1107__n2500,71557c61a16ad7c75f7fb6479b7a097bd4187366bd0f1a79715b648ddffe8c73,step_002500,0.0,3895.9044218801573,0.3251458000013372,3896.2295676801587,7280.004505564997,openpangu__sharegpt__qv__peft_default__s1107__n2500,71557c61a16ad7c75f7fb6479b7a097bd4187366bd0f1a79715b648ddffe8c73
downstream_2500step,openpangu,sharegpt,1107,prometheus_unjudgeable_samples,higher,powerlaw_global_a06,peft_default,step_002500,0.0,True,openpangu__sharegpt__qv__peft_default__s1107__n2500,71557c61a16ad7c75f7fb6479b7a097bd4187366bd0f1a79715b648ddffe8c73,"[""openpangu__sharegpt__qv__powerlaw_global_a06__s1107__n2500""]","[""dd486ca7ebfe8bbe08fa8b5be4ddf2572165462865820addf870a6683fa467ac""]","[{""endpoint"": ""step_002500"", ""run_id"": ""openpangu__sharegpt__qv__powerlaw_global_a06__s1107__n2500"", ""metadata_sha256"": ""dd486ca7ebfe8bbe08fa8b5be4ddf2572165462865820addf870a6683fa467ac""}]",step_002500,0.0,4008.2136347970736,0.6802464010033873,4008.893881198077,3438.7349771799927,openpangu__sharegpt__qv__powerlaw_global_a06__s1107__n2500,dd486ca7ebfe8bbe08fa8b5be4ddf2572165462865820addf870a6683fa467ac,step_002500,0.0,4008.2136347970736,0.6802464010033873,4008.893881198077,3438.7349771799927,openpangu__sharegpt__qv__powerlaw_global_a06__s1107__n2500,dd486ca7ebfe8bbe08fa8b5be4ddf2572165462865820addf870a6683fa467ac
downstream_2500step,qwen,cmmlu,42,macro_accuracy,higher,iid_matched,peft_default,step_002500,0.7619391235163032,True,qwen__cmmlu__qv__peft_default__s42__n2500,b53dd876d8b973fad232a3dd293ffb1b48fe77c26c6f06a1f432a564ed05ec28,"[""qwen__cmmlu__qv__iid_matched__s42__n2500""]","[""d3db1fbf1198a8c6f1784d9dd94f40f306d46d177673b495682a128502ad69a9""]","[{""endpoint"": ""step_002500"", ""run_id"": ""qwen__cmmlu__qv__iid_matched__s42__n2500"", ""metadata_sha256"": ""d3db1fbf1198a8c6f1784d9dd94f40f306d46d177673b495682a128502ad69a9""}]",step_002500,0.7656098449052703,3483.6105883437267,0.7568057000171393,3484.367394043744,1909.6795929340005,qwen__cmmlu__qv__iid_matched__s42__n2500,d3db1fbf1198a8c6f1784d9dd94f40f306d46d177673b495682a128502ad69a9,step_002500,0.7656098449052703,3483.6105883437267,0.7568057000171393,3484.367394043744,1909.6795929340005,qwen__cmmlu__qv__iid_matched__s42__n2500,d3db1fbf1198a8c6f1784d9dd94f40f306d46d177673b495682a128502ad69a9
downstream_2500step,qwen,cmmlu,42,macro_accuracy,higher,peft_default,peft_default,step_002500,0.7619391235163032,True,qwen__cmmlu__qv__peft_default__s42__n2500,b53dd876d8b973fad232a3dd293ffb1b48fe77c26c6f06a1f432a564ed05ec28,"[""qwen__cmmlu__qv__peft_default__s42__n2500""]","[""b53dd876d8b973fad232a3dd293ffb1b48fe77c26c6f06a1f432a564ed05ec28""]","[{""endpoint"": ""step_002500"", ""run_id"": ""qwen__cmmlu__qv__peft_default__s42__n2500"", ""metadata_sha256"": ""b53dd876d8b973fad232a3dd293ffb1b48fe77c26c6f06a1f432a564ed05ec28""}]",step_002500,0.7619391235163032,3459.569147769871,0.3202674000058323,3459.889415169877,1912.760894496998,qwen__cmmlu__qv__peft_default__s42__n2500,b53dd876d8b973fad232a3dd293ffb1b48fe77c26c6f06a1f432a564ed05ec28,step_002500,0.7619391235163032,3459.569147769871,0.3202674000058323,3459.889415169877,1912.760894496998,qwen__cmmlu__qv__peft_default__s42__n2500,b53dd876d8b973fad232a3dd293ffb1b48fe77c26c6f06a1f432a564ed05ec28
downstream_2500step,qwen,cmmlu,42,macro_accuracy,higher,powerlaw_global_a06,peft_default,step_002500,0.7619391235163032,True,qwen__cmmlu__qv__peft_default__s42__n2500,b53dd876d8b973fad232a3dd293ffb1b48fe77c26c6f06a1f432a564ed05ec28,"[""qwen__cmmlu__qv__powerlaw_global_a06__s42__n2500""]","[""6517f648ddcc952155e1be5336e9bd27ba79fe306b0cdc81942378706cb9e6aa""]","[{""endpoint"": ""step_002500"", ""run_id"": ""qwen__cmmlu__qv__powerlaw_global_a06__s42__n2500"", ""metadata_sha256"": ""6517f648ddcc952155e1be5336e9bd27ba79fe306b0cdc81942378706cb9e6aa""}]",step_002500,0.7698189282344782,3436.658166956884,0.6521005999966292,3437.3102675568807,1920.2849024259995,qwen__cmmlu__qv__powerlaw_global_a06__s42__n2500,6517f648ddcc952155e1be5336e9bd27ba79fe306b0cdc81942378706cb9e6aa,step_002500,0.7698189282344782,3436.658166956884,0.6521005999966292,3437.3102675568807,1920.2849024259995,qwen__cmmlu__qv__powerlaw_global_a06__s42__n2500,6517f648ddcc952155e1be5336e9bd27ba79fe306b0cdc81942378706cb9e6aa
downstream_2500step,qwen,cmmlu,123,macro_accuracy,higher,iid_matched,peft_default,step_002500,0.7561909784012508,True,qwen__cmmlu__qv__peft_default__s123__n2500,f953014b16896a15acf04f22e34663538d8a0418bd67a0ebea5de0c3d2da1cae,"[""qwen__cmmlu__qv__iid_matched__s123__n2500""]","[""0ab1a065f000027b6b3ee5e343405e6c4fa02e5d7badc1dd17149c025c0b88a6""]","[{""endpoint"": ""step_002500"", ""run_id"": ""qwen__cmmlu__qv__iid_matched__s123__n2500"", ""metadata_sha256"": ""0ab1a065f000027b6b3ee5e343405e6c4fa02e5d7badc1dd17149c025c0b88a6""}]",step_002500,0.7642930446417145,3470.6916580441175,0.659277699975064,3471.3509357440926,1908.9240176800013,qwen__cmmlu__qv__iid_matched__s123__n2500,0ab1a065f000027b6b3ee5e343405e6c4fa02e5d7badc1dd17149c025c0b88a6,step_002500,0.7642930446417145,3470.6916580441175,0.659277699975064,3471.3509357440926,1908.9240176800013,qwen__cmmlu__qv__iid_matched__s123__n2500,0ab1a065f000027b6b3ee5e343405e6c4fa02e5d7badc1dd17149c025c0b88a6
downstream_2500step,qwen,cmmlu,123,macro_accuracy,higher,peft_default,peft_default,step_002500,0.7561909784012508,True,qwen__cmmlu__qv__peft_default__s123__n2500,f953014b16896a15acf04f22e34663538d8a0418bd67a0ebea5de0c3d2da1cae,"[""qwen__cmmlu__qv__peft_default__s123__n2500""]","[""f953014b16896a15acf04f22e34663538d8a0418bd67a0ebea5de0c3d2da1cae""]","[{""endpoint"": ""step_002500"", ""run_id"": ""qwen__cmmlu__qv__peft_default__s123__n2500"", ""metadata_sha256"": ""f953014b16896a15acf04f22e34663538d8a0418bd67a0ebea5de0c3d2da1cae""}]",step_002500,0.7561909784012508,3429.227507627409,0.3102534000063315,3429.5377610274154,1910.2126171050004,qwen__cmmlu__qv__peft_default__s123__n2500,f953014b16896a15acf04f22e34663538d8a0418bd67a0ebea5de0c3d2da1cae,step_002500,0.7561909784012508,3429.227507627409,0.3102534000063315,3429.5377610274154,1910.2126171050004,qwen__cmmlu__qv__peft_default__s123__n2500,f953014b16896a15acf04f22e34663538d8a0418bd67a0ebea5de0c3d2da1cae
downstream_2500step,qwen,cmmlu,123,macro_accuracy,higher,powerlaw_global_a06,peft_default,step_002500,0.7561909784012508,True,qwen__cmmlu__qv__peft_default__s123__n2500,f953014b16896a15acf04f22e34663538d8a0418bd67a0ebea5de0c3d2da1cae,"[""qwen__cmmlu__qv__powerlaw_global_a06__s123__n2500""]","[""f66ec32512934cae4c2dab56857a121cdea603157bd44217e4297d8155c92837""]","[{""endpoint"": ""step_002500"", ""run_id"": ""qwen__cmmlu__qv__powerlaw_global_a06__s123__n2500"", ""metadata_sha256"": ""f66ec32512934cae4c2dab56857a121cdea603157bd44217e4297d8155c92837""}]",step_002500,0.7667711204248022,3425.7740198772517,0.6766390920092817,3426.450658969261,1913.1185718550041,qwen__cmmlu__qv__powerlaw_global_a06__s123__n2500,f66ec32512934cae4c2dab56857a121cdea603157bd44217e4297d8155c92837,step_002500,0.7667711204248022,3425.7740198772517,0.6766390920092817,3426.450658969261,1913.1185718550041,qwen__cmmlu__qv__powerlaw_global_a06__s123__n2500,f66ec32512934cae4c2dab56857a121cdea603157bd44217e4297d8155c92837
downstream_2500step,qwen,cmmlu,1107,macro_accuracy,higher,iid_matched,peft_default,step_002500,0.7557170147599171,True,qwen__cmmlu__qv__peft_default__s1107__n2500,235d28f74daa7f28febb467fcce04b134801f7310a0ce59b397f44a2ea8eeb86,"[""qwen__cmmlu__qv__iid_matched__s1107__n2500""]","[""ff8d571d111996511be34b6021c9c1ba8a51083478972da232cfdcc89120702d""]","[{""endpoint"": ""step_002500"", ""run_id"": ""qwen__cmmlu__qv__iid_matched__s1107__n2500"", ""metadata_sha256"": ""ff8d571d111996511be34b6021c9c1ba8a51083478972da232cfdcc89120702d""}]",step_002500,0.756280691531028,3439.123963052465,0.5731902000261471,3439.6971532524913,1923.1979488039979,qwen__cmmlu__qv__iid_matched__s1107__n2500,ff8d571d111996511be34b6021c9c1ba8a51083478972da232cfdcc89120702d,step_002500,0.756280691531028,3439.123963052465,0.5731902000261471,3439.6971532524913,1923.1979488039979,qwen__cmmlu__qv__iid_matched__s1107__n2500,ff8d571d111996511be34b6021c9c1ba8a51083478972da232cfdcc89120702d
downstream_2500step,qwen,cmmlu,1107,macro_accuracy,higher,peft_default,peft_default,step_002500,0.7557170147599171,True,qwen__cmmlu__qv__peft_default__s1107__n2500,235d28f74daa7f28febb467fcce04b134801f7310a0ce59b397f44a2ea8eeb86,"[""qwen__cmmlu__qv__peft_default__s1107__n2500""]","[""235d28f74daa7f28febb467fcce04b134801f7310a0ce59b397f44a2ea8eeb86""]","[{""endpoint"": ""step_002500"", ""run_id"": ""qwen__cmmlu__qv__peft_default__s1107__n2500"", ""metadata_sha256"": ""235d28f74daa7f28febb467fcce04b134801f7310a0ce59b397f44a2ea8eeb86""}]",step_002500,0.7557170147599171,3441.8219267822133,0.20776770000520628,3442.0296944822185,1998.5147459750006,qwen__cmmlu__qv__peft_default__s1107__n2500,235d28f74daa7f28febb467fcce04b134801f7310a0ce59b397f44a2ea8eeb86,step_002500,0.7557170147599171,3441.8219267822133,0.20776770000520628,3442.0296944822185,1998.5147459750006,qwen__cmmlu__qv__peft_default__s1107__n2500,235d28f74daa7f28febb467fcce04b134801f7310a0ce59b397f44a2ea8eeb86
downstream_2500step,qwen,cmmlu,1107,macro_accuracy,higher,powerlaw_global_a06,peft_default,step_002500,0.7557170147599171,True,qwen__cmmlu__qv__peft_default__s1107__n2500,235d28f74daa7f28febb467fcce04b134801f7310a0ce59b397f44a2ea8eeb86,"[""qwen__cmmlu__qv__powerlaw_global_a06__s1107__n2500""]","[""d7ab8b6b49fd90131f6c3f504fd5ac6d208786e729107b6953c659b05806460b""]","[{""endpoint"": ""step_002500"", ""run_id"": ""qwen__cmmlu__qv__powerlaw_global_a06__s1107__n2500"", ""metadata_sha256"": ""d7ab8b6b49fd90131f6c3f504fd5ac6d208786e729107b6953c659b05806460b""}]",step_002500,0.7676835344402088,3434.933366458863,0.5791650999890408,3435.512531558852,1911.7843056569982,qwen__cmmlu__qv__powerlaw_global_a06__s1107__n2500,d7ab8b6b49fd90131f6c3f504fd5ac6d208786e729107b6953c659b05806460b,step_002500,0.7676835344402088,3434.933366458863,0.5791650999890408,3435.512531558852,1911.7843056569982,qwen__cmmlu__qv__powerlaw_global_a06__s1107__n2500,d7ab8b6b49fd90131f6c3f504fd5ac6d208786e729107b6953c659b05806460b
downstream_2500step,qwen,gsm8k,42,exact_match,higher,peft_default,peft_default,step_002500,0.7725549658832449,True,qwen__gsm8k__qv__peft_default__s42__n2500,c40703a933ff1d202d29fe6f950fbe6602ff21a105fcaa6d4ce3426023161d4e,"[""qwen__gsm8k__qv__peft_default__s42__n2500""]","[""c40703a933ff1d202d29fe6f950fbe6602ff21a105fcaa6d4ce3426023161d4e""]","[{""endpoint"": ""step_002500"", ""run_id"": ""qwen__gsm8k__qv__peft_default__s42__n2500"", ""metadata_sha256"": ""c40703a933ff1d202d29fe6f950fbe6602ff21a105fcaa6d4ce3426023161d4e""}]",step_002500,0.7725549658832449,3429.298411860931,0.17167539699585177,3429.470087257927,7127.525628439995,qwen__gsm8k__qv__peft_default__s42__n2500,c40703a933ff1d202d29fe6f950fbe6602ff21a105fcaa6d4ce3426023161d4e,step_002500,0.7725549658832449,3429.298411860931,0.17167539699585177,3429.470087257927,7127.525628439995,qwen__gsm8k__qv__peft_default__s42__n2500,c40703a933ff1d202d29fe6f950fbe6602ff21a105fcaa6d4ce3426023161d4e
downstream_2500step,qwen,gsm8k,42,exact_match,higher,powerlaw_global_a06,peft_default,step_002500,0.7725549658832449,True,qwen__gsm8k__qv__peft_default__s42__n2500,c40703a933ff1d202d29fe6f950fbe6602ff21a105fcaa6d4ce3426023161d4e,"[""qwen__gsm8k__qv__powerlaw_global_a06__s42__n2500""]","[""3e5caf35c57289b1bd79b065de50688dd05daf2a3ac80fb59354eb9c6a03ad9d""]","[{""endpoint"": ""step_002500"", ""run_id"": ""qwen__gsm8k__qv__powerlaw_global_a06__s42__n2500"", ""metadata_sha256"": ""3e5caf35c57289b1bd79b065de50688dd05daf2a3ac80fb59354eb9c6a03ad9d""}]",step_002500,0.7816527672479151,3439.275673719676,0.6644819009961793,3439.940155620672,15182.855281604978,qwen__gsm8k__qv__powerlaw_global_a06__s42__n2500,3e5caf35c57289b1bd79b065de50688dd05daf2a3ac80fb59354eb9c6a03ad9d,step_002500,0.7816527672479151,3439.275673719676,0.6644819009961793,3439.940155620672,15182.855281604978,qwen__gsm8k__qv__powerlaw_global_a06__s42__n2500,3e5caf35c57289b1bd79b065de50688dd05daf2a3ac80fb59354eb9c6a03ad9d
downstream_2500step,qwen,gsm8k,123,exact_match,higher,peft_default,peft_default,step_002500,0.778620166793025,True,qwen__gsm8k__qv__peft_default__s123__n2500,08d18fe421962ffcd2b747a63581d83f0ed125e85186f3508fd4b7ff6945dd48,"[""qwen__gsm8k__qv__peft_default__s123__n2500""]","[""08d18fe421962ffcd2b747a63581d83f0ed125e85186f3508fd4b7ff6945dd48""]","[{""endpoint"": ""step_002500"", ""run_id"": ""qwen__gsm8k__qv__peft_default__s123__n2500"", ""metadata_sha256"": ""08d18fe421962ffcd2b747a63581d83f0ed125e85186f3508fd4b7ff6945dd48""}]",step_002500,0.778620166793025,3429.6267502698756,0.21297680099087302,3429.8397270708665,8375.620860044,qwen__gsm8k__qv__peft_default__s123__n2500,08d18fe421962ffcd2b747a63581d83f0ed125e85186f3508fd4b7ff6945dd48,step_002500,0.778620166793025,3429.6267502698756,0.21297680099087302,3429.8397270708665,8375.620860044,qwen__gsm8k__qv__peft_default__s123__n2500,08d18fe421962ffcd2b747a63581d83f0ed125e85186f3508fd4b7ff6945dd48
downstream_2500step,qwen,gsm8k,123,exact_match,higher,powerlaw_global_a06,peft_default,step_002500,0.778620166793025,True,qwen__gsm8k__qv__peft_default__s123__n2500,08d18fe421962ffcd2b747a63581d83f0ed125e85186f3508fd4b7ff6945dd48,"[""qwen__gsm8k__qv__powerlaw_global_a06__s123__n2500""]","[""df7913b4ca7309ecd32f8da465589706a1eee1ed8fd2bf9cd7fb132fe387c736""]","[{""endpoint"": ""step_002500"", ""run_id"": ""qwen__gsm8k__qv__powerlaw_global_a06__s123__n2500"", ""metadata_sha256"": ""df7913b4ca7309ecd32f8da465589706a1eee1ed8fd2bf9cd7fb132fe387c736""}]",step_002500,0.7808946171341926,3445.242320685211,0.45852259900129866,3445.700843284212,13163.717095544009,qwen__gsm8k__qv__powerlaw_global_a06__s123__n2500,df7913b4ca7309ecd32f8da465589706a1eee1ed8fd2bf9cd7fb132fe387c736,step_002500,0.7808946171341926,3445.242320685211,0.45852259900129866,3445.700843284212,13163.717095544009,qwen__gsm8k__qv__powerlaw_global_a06__s123__n2500,df7913b4ca7309ecd32f8da465589706a1eee1ed8fd2bf9cd7fb132fe387c736
downstream_2500step,qwen,gsm8k,1107,exact_match,higher,peft_default,peft_default,step_002500,0.7626990144048522,True,qwen__gsm8k__qv__peft_default__s1107__n2500,8b55ef5d1e63423f6e7f50c6c698902a628beb9c078ebce9e8fc2f4abbe00fab,"[""qwen__gsm8k__qv__peft_default__s1107__n2500""]","[""8b55ef5d1e63423f6e7f50c6c698902a628beb9c078ebce9e8fc2f4abbe00fab""]","[{""endpoint"": ""step_002500"", ""run_id"": ""qwen__gsm8k__qv__peft_default__s1107__n2500"", ""metadata_sha256"": ""8b55ef5d1e63423f6e7f50c6c698902a628beb9c078ebce9e8fc2f4abbe00fab""}]",step_002500,0.7626990144048522,3435.843165043494,0.24434130000008736,3436.087506343494,7935.503879718017,qwen__gsm8k__qv__peft_default__s1107__n2500,8b55ef5d1e63423f6e7f50c6c698902a628beb9c078ebce9e8fc2f4abbe00fab,step_002500,0.7626990144048522,3435.843165043494,0.24434130000008736,3436.087506343494,7935.503879718017,qwen__gsm8k__qv__peft_default__s1107__n2500,8b55ef5d1e63423f6e7f50c6c698902a628beb9c078ebce9e8fc2f4abbe00fab
downstream_2500step,qwen,gsm8k,1107,exact_match,higher,powerlaw_global_a06,peft_default,step_002500,0.7626990144048522,True,qwen__gsm8k__qv__peft_default__s1107__n2500,8b55ef5d1e63423f6e7f50c6c698902a628beb9c078ebce9e8fc2f4abbe00fab,"[""qwen__gsm8k__qv__powerlaw_global_a06__s1107__n2500""]","[""981f014b2aca339c5ea3f1c52a72082843240df003c48bd9e0b36fdebab39564""]","[{""endpoint"": ""step_002500"", ""run_id"": ""qwen__gsm8k__qv__powerlaw_global_a06__s1107__n2500"", ""metadata_sha256"": ""981f014b2aca339c5ea3f1c52a72082843240df003c48bd9e0b36fdebab39564""}]",step_002500,0.7816527672479151,3453.2287731341203,0.5615437050000764,3453.7903168391204,6841.448882681027,qwen__gsm8k__qv__powerlaw_global_a06__s1107__n2500,981f014b2aca339c5ea3f1c52a72082843240df003c48bd9e0b36fdebab39564,step_002500,0.7816527672479151,3453.2287731341203,0.5615437050000764,3453.7903168391204,6841.448882681027,qwen__gsm8k__qv__powerlaw_global_a06__s1107__n2500,981f014b2aca339c5ea3f1c52a72082843240df003c48bd9e0b36fdebab39564
downstream_2500step,qwen,mbpp,42,pass_at_1,higher,peft_default,peft_default,step_002500,0.3983957219251337,True,qwen__mbpp__qv__peft_default__s42__n2500,89aa660095fe7f4e0ef31d58fefab8ac41203011339c42bd7c0a1dd94d1528ad,"[""qwen__mbpp__qv__peft_default__s42__n2500""]","[""89aa660095fe7f4e0ef31d58fefab8ac41203011339c42bd7c0a1dd94d1528ad""]","[{""endpoint"": ""step_002500"", ""run_id"": ""qwen__mbpp__qv__peft_default__s42__n2500"", ""metadata_sha256"": ""89aa660095fe7f4e0ef31d58fefab8ac41203011339c42bd7c0a1dd94d1528ad""}]",step_002500,0.3983957219251337,3497.735729498003,0.21229809397482313,3497.9480275919777,603.5123401950113,qwen__mbpp__qv__peft_default__s42__n2500,89aa660095fe7f4e0ef31d58fefab8ac41203011339c42bd7c0a1dd94d1528ad,step_002500,0.3983957219251337,3497.735729498003,0.21229809397482313,3497.9480275919777,603.5123401950113,qwen__mbpp__qv__peft_default__s42__n2500,89aa660095fe7f4e0ef31d58fefab8ac41203011339c42bd7c0a1dd94d1528ad
downstream_2500step,qwen,mbpp,42,pass_at_1,higher,powerlaw_global_a06,peft_default,step_002500,0.3983957219251337,True,qwen__mbpp__qv__peft_default__s42__n2500,89aa660095fe7f4e0ef31d58fefab8ac41203011339c42bd7c0a1dd94d1528ad,"[""qwen__mbpp__qv__powerlaw_global_a06__s42__n2500""]","[""b155f3d5817e620188937179038c6cd518a8410b225e4493d88700cfc14f90c1""]","[{""endpoint"": ""step_002500"", ""run_id"": ""qwen__mbpp__qv__powerlaw_global_a06__s42__n2500"", ""metadata_sha256"": ""b155f3d5817e620188937179038c6cd518a8410b225e4493d88700cfc14f90c1""}]",step_002500,0.41711229946524064,3465.191270184383,0.4732571979984641,3465.6645273823815,591.8939060799894,qwen__mbpp__qv__powerlaw_global_a06__s42__n2500,b155f3d5817e620188937179038c6cd518a8410b225e4493d88700cfc14f90c1,step_002500,0.41711229946524064,3465.191270184383,0.4732571979984641,3465.6645273823815,591.8939060799894,qwen__mbpp__qv__powerlaw_global_a06__s42__n2500,b155f3d5817e620188937179038c6cd518a8410b225e4493d88700cfc14f90c1
downstream_2500step,qwen,mbpp,123,pass_at_1,higher,peft_default,peft_default,step_002500,0.41711229946524064,True,qwen__mbpp__qv__peft_default__s123__n2500,0ea00fb0cee84b94c368788ba0d4ac0fe4eda2c2e512d9edb01aed5990574de3,"[""qwen__mbpp__qv__peft_default__s123__n2500""]","[""0ea00fb0cee84b94c368788ba0d4ac0fe4eda2c2e512d9edb01aed5990574de3""]","[{""endpoint"": ""step_002500"", ""run_id"": ""qwen__mbpp__qv__peft_default__s123__n2500"", ""metadata_sha256"": ""0ea00fb0cee84b94c368788ba0d4ac0fe4eda2c2e512d9edb01aed5990574de3""}]",step_002500,0.41711229946524064,3438.2234132172016,0.19482369898469187,3438.4182369161863,677.3667795559741,qwen__mbpp__qv__peft_default__s123__n2500,0ea00fb0cee84b94c368788ba0d4ac0fe4eda2c2e512d9edb01aed5990574de3,step_002500,0.41711229946524064,3438.2234132172016,0.19482369898469187,3438.4182369161863,677.3667795559741,qwen__mbpp__qv__peft_default__s123__n2500,0ea00fb0cee84b94c368788ba0d4ac0fe4eda2c2e512d9edb01aed5990574de3
downstream_2500step,qwen,mbpp,123,pass_at_1,higher,powerlaw_global_a06,peft_default,step_002500,0.41711229946524064,True,qwen__mbpp__qv__peft_default__s123__n2500,0ea00fb0cee84b94c368788ba0d4ac0fe4eda2c2e512d9edb01aed5990574de3,"[""qwen__mbpp__qv__powerlaw_global_a06__s123__n2500""]","[""c587d21ecd501a69781c5c08eaff6d99944f9060a7f5cb2a6b08080606e2f270""]","[{""endpoint"": ""step_002500"", ""run_id"": ""qwen__mbpp__qv__powerlaw_global_a06__s123__n2500"", ""metadata_sha256"": ""c587d21ecd501a69781c5c08eaff6d99944f9060a7f5cb2a6b08080606e2f270""}]",step_002500,0.4304812834224599,3523.3767998952244,0.4330126989807468,3523.809812594205,789.7898938500148,qwen__mbpp__qv__powerlaw_global_a06__s123__n2500,c587d21ecd501a69781c5c08eaff6d99944f9060a7f5cb2a6b08080606e2f270,step_002500,0.4304812834224599,3523.3767998952244,0.4330126989807468,3523.809812594205,789.7898938500148,qwen__mbpp__qv__powerlaw_global_a06__s123__n2500,c587d21ecd501a69781c5c08eaff6d99944f9060a7f5cb2a6b08080606e2f270
downstream_2500step,qwen,mbpp,1107,pass_at_1,higher,peft_default,peft_default,step_002500,0.4117647058823529,True,qwen__mbpp__qv__peft_default__s1107__n2500,e60e989954ff8eaf32037973e5df582ade3ebcb33c291d980df20b427da7742f,"[""qwen__mbpp__qv__peft_default__s1107__n2500""]","[""e60e989954ff8eaf32037973e5df582ade3ebcb33c291d980df20b427da7742f""]","[{""endpoint"": ""step_002500"", ""run_id"": ""qwen__mbpp__qv__peft_default__s1107__n2500"", ""metadata_sha256"": ""e60e989954ff8eaf32037973e5df582ade3ebcb33c291d980df20b427da7742f""}]",step_002500,0.4117647058823529,3452.1607302044576,0.3271014979982283,3452.487831702456,604.7293020419893,qwen__mbpp__qv__peft_default__s1107__n2500,e60e989954ff8eaf32037973e5df582ade3ebcb33c291d980df20b427da7742f,step_002500,0.4117647058823529,3452.1607302044576,0.3271014979982283,3452.487831702456,604.7293020419893,qwen__mbpp__qv__peft_default__s1107__n2500,e60e989954ff8eaf32037973e5df582ade3ebcb33c291d980df20b427da7742f
downstream_2500step,qwen,mbpp,1107,pass_at_1,higher,powerlaw_global_a06,peft_default,step_002500,0.4117647058823529,False,qwen__mbpp__qv__peft_default__s1107__n2500,e60e989954ff8eaf32037973e5df582ade3ebcb33c291d980df20b427da7742f,"[""qwen__mbpp__qv__powerlaw_global_a06__s1107__n2500""]","[""c44cf9da81a5e34eeac6e7c11fe6d01cba0b928208e759bddaa8c725587e826b""]","[{""endpoint"": ""step_002500"", ""run_id"": ""qwen__mbpp__qv__powerlaw_global_a06__s1107__n2500"", ""metadata_sha256"": ""c44cf9da81a5e34eeac6e7c11fe6d01cba0b928208e759bddaa8c725587e826b""}]",,,,,,,qwen__mbpp__qv__powerlaw_global_a06__s1107__n2500,c44cf9da81a5e34eeac6e7c11fe6d01cba0b928208e759bddaa8c725587e826b,step_002500,0.393048128342246,3449.437494808226,0.4546211000124458,3449.8921159082383,481.54797889100155,qwen__mbpp__qv__powerlaw_global_a06__s1107__n2500,c44cf9da81a5e34eeac6e7c11fe6d01cba0b928208e759bddaa8c725587e826b
downstream_2500step,qwen,sharegpt,42,prometheus_absolute_score,higher,peft_default,peft_default,step_002500,2.5,True,qwen__sharegpt__qv__peft_default__s42__n2500,90eaad360e336bc9068526603bdcd6ea65bd376a4f52e4084d7d1cd5738a597f,"[""qwen__sharegpt__qv__peft_default__s42__n2500""]","[""90eaad360e336bc9068526603bdcd6ea65bd376a4f52e4084d7d1cd5738a597f""]","[{""endpoint"": ""step_002500"", ""run_id"": ""qwen__sharegpt__qv__peft_default__s42__n2500"", ""metadata_sha256"": ""90eaad360e336bc9068526603bdcd6ea65bd376a4f52e4084d7d1cd5738a597f""}]",step_002500,2.5,3326.367951159249,0.28215700000873767,3326.650108159258,2946.540016207,qwen__sharegpt__qv__peft_default__s42__n2500,90eaad360e336bc9068526603bdcd6ea65bd376a4f52e4084d7d1cd5738a597f,step_002500,2.5,3326.367951159249,0.28215700000873767,3326.650108159258,2946.540016207,qwen__sharegpt__qv__peft_default__s42__n2500,90eaad360e336bc9068526603bdcd6ea65bd376a4f52e4084d7d1cd5738a597f
downstream_2500step,qwen,sharegpt,42,prometheus_absolute_score,higher,powerlaw_global_a06,peft_default,step_002500,2.5,True,qwen__sharegpt__qv__peft_default__s42__n2500,90eaad360e336bc9068526603bdcd6ea65bd376a4f52e4084d7d1cd5738a597f,"[""qwen__sharegpt__qv__powerlaw_global_a06__s42__n2500""]","[""894b64e0032627e728d5ddf8f0f65b992d534f675b97d9b964d928025c4d7a1b""]","[{""endpoint"": ""step_002500"", ""run_id"": ""qwen__sharegpt__qv__powerlaw_global_a06__s42__n2500"", ""metadata_sha256"": ""894b64e0032627e728d5ddf8f0f65b992d534f675b97d9b964d928025c4d7a1b""}]",step_002500,2.56,3320.907321250852,0.45888340901001357,3321.366204659862,2958.956576019991,qwen__sharegpt__qv__powerlaw_global_a06__s42__n2500,894b64e0032627e728d5ddf8f0f65b992d534f675b97d9b964d928025c4d7a1b,step_002500,2.56,3320.907321250852,0.45888340901001357,3321.366204659862,2958.956576019991,qwen__sharegpt__qv__powerlaw_global_a06__s42__n2500,894b64e0032627e728d5ddf8f0f65b992d534f675b97d9b964d928025c4d7a1b
downstream_2500step,qwen,sharegpt,42,prometheus_judged_samples,higher,peft_default,peft_default,step_002500,200.0,True,qwen__sharegpt__qv__peft_default__s42__n2500,90eaad360e336bc9068526603bdcd6ea65bd376a4f52e4084d7d1cd5738a597f,"[""qwen__sharegpt__qv__peft_default__s42__n2500""]","[""90eaad360e336bc9068526603bdcd6ea65bd376a4f52e4084d7d1cd5738a597f""]","[{""endpoint"": ""step_002500"", ""run_id"": ""qwen__sharegpt__qv__peft_default__s42__n2500"", ""metadata_sha256"": ""90eaad360e336bc9068526603bdcd6ea65bd376a4f52e4084d7d1cd5738a597f""}]",step_002500,200.0,3326.367951159249,0.28215700000873767,3326.650108159258,2946.540016207,qwen__sharegpt__qv__peft_default__s42__n2500,90eaad360e336bc9068526603bdcd6ea65bd376a4f52e4084d7d1cd5738a597f,step_002500,200.0,3326.367951159249,0.28215700000873767,3326.650108159258,2946.540016207,qwen__sharegpt__qv__peft_default__s42__n2500,90eaad360e336bc9068526603bdcd6ea65bd376a4f52e4084d7d1cd5738a597f
downstream_2500step,qwen,sharegpt,42,prometheus_judged_samples,higher,powerlaw_global_a06,peft_default,step_002500,200.0,True,qwen__sharegpt__qv__peft_default__s42__n2500,90eaad360e336bc9068526603bdcd6ea65bd376a4f52e4084d7d1cd5738a597f,"[""qwen__sharegpt__qv__powerlaw_global_a06__s42__n2500""]","[""894b64e0032627e728d5ddf8f0f65b992d534f675b97d9b964d928025c4d7a1b""]","[{""endpoint"": ""step_002500"", ""run_id"": ""qwen__sharegpt__qv__powerlaw_global_a06__s42__n2500"", ""metadata_sha256"": ""894b64e0032627e728d5ddf8f0f65b992d534f675b97d9b964d928025c4d7a1b""}]",step_002500,200.0,3320.907321250852,0.45888340901001357,3321.366204659862,2958.956576019991,qwen__sharegpt__qv__powerlaw_global_a06__s42__n2500,894b64e0032627e728d5ddf8f0f65b992d534f675b97d9b964d928025c4d7a1b,step_002500,200.0,3320.907321250852,0.45888340901001357,3321.366204659862,2958.956576019991,qwen__sharegpt__qv__powerlaw_global_a06__s42__n2500,894b64e0032627e728d5ddf8f0f65b992d534f675b97d9b964d928025c4d7a1b
downstream_2500step,qwen,sharegpt,42,prometheus_unjudgeable_samples,higher,peft_default,peft_default,step_002500,0.0,True,qwen__sharegpt__qv__peft_default__s42__n2500,90eaad360e336bc9068526603bdcd6ea65bd376a4f52e4084d7d1cd5738a597f,"[""qwen__sharegpt__qv__peft_default__s42__n2500""]","[""90eaad360e336bc9068526603bdcd6ea65bd376a4f52e4084d7d1cd5738a597f""]","[{""endpoint"": ""step_002500"", ""run_id"": ""qwen__sharegpt__qv__peft_default__s42__n2500"", ""metadata_sha256"": ""90eaad360e336bc9068526603bdcd6ea65bd376a4f52e4084d7d1cd5738a597f""}]",step_002500,0.0,3326.367951159249,0.28215700000873767,3326.650108159258,2946.540016207,qwen__sharegpt__qv__peft_default__s42__n2500,90eaad360e336bc9068526603bdcd6ea65bd376a4f52e4084d7d1cd5738a597f,step_002500,0.0,3326.367951159249,0.28215700000873767,3326.650108159258,2946.540016207,qwen__sharegpt__qv__peft_default__s42__n2500,90eaad360e336bc9068526603bdcd6ea65bd376a4f52e4084d7d1cd5738a597f
downstream_2500step,qwen,sharegpt,42,prometheus_unjudgeable_samples,higher,powerlaw_global_a06,peft_default,step_002500,0.0,True,qwen__sharegpt__qv__peft_default__s42__n2500,90eaad360e336bc9068526603bdcd6ea65bd376a4f52e4084d7d1cd5738a597f,"[""qwen__sharegpt__qv__powerlaw_global_a06__s42__n2500""]","[""894b64e0032627e728d5ddf8f0f65b992d534f675b97d9b964d928025c4d7a1b""]","[{""endpoint"": ""step_002500"", ""run_id"": ""qwen__sharegpt__qv__powerlaw_global_a06__s42__n2500"", ""metadata_sha256"": ""894b64e0032627e728d5ddf8f0f65b992d534f675b97d9b964d928025c4d7a1b""}]",step_002500,0.0,3320.907321250852,0.45888340901001357,3321.366204659862,2958.956576019991,qwen__sharegpt__qv__powerlaw_global_a06__s42__n2500,894b64e0032627e728d5ddf8f0f65b992d534f675b97d9b964d928025c4d7a1b,step_002500,0.0,3320.907321250852,0.45888340901001357,3321.366204659862,2958.956576019991,qwen__sharegpt__qv__powerlaw_global_a06__s42__n2500,894b64e0032627e728d5ddf8f0f65b992d534f675b97d9b964d928025c4d7a1b
downstream_2500step,qwen,sharegpt,123,prometheus_absolute_score,higher,peft_default,peft_default,step_002500,2.54,True,qwen__sharegpt__qv__peft_default__s123__n2500,30419b8299de215b87ddf0571c13fb3faf2052c25eea57b538d9ac16fcac48c1,"[""qwen__sharegpt__qv__peft_default__s123__n2500""]","[""30419b8299de215b87ddf0571c13fb3faf2052c25eea57b538d9ac16fcac48c1""]","[{""endpoint"": ""step_002500"", ""run_id"": ""qwen__sharegpt__qv__peft_default__s123__n2500"", ""metadata_sha256"": ""30419b8299de215b87ddf0571c13fb3faf2052c25eea57b538d9ac16fcac48c1""}]",step_002500,2.54,3340.610934531258,0.2960328000190202,3340.906967331277,2997.5996760419803,qwen__sharegpt__qv__peft_default__s123__n2500,30419b8299de215b87ddf0571c13fb3faf2052c25eea57b538d9ac16fcac48c1,step_002500,2.54,3340.610934531258,0.2960328000190202,3340.906967331277,2997.5996760419803,qwen__sharegpt__qv__peft_default__s123__n2500,30419b8299de215b87ddf0571c13fb3faf2052c25eea57b538d9ac16fcac48c1
downstream_2500step,qwen,sharegpt,123,prometheus_absolute_score,higher,powerlaw_global_a06,peft_default,step_002500,2.54,False,qwen__sharegpt__qv__peft_default__s123__n2500,30419b8299de215b87ddf0571c13fb3faf2052c25eea57b538d9ac16fcac48c1,"[""qwen__sharegpt__qv__powerlaw_global_a06__s123__n2500""]","[""30470cf67a6f09e0ce6da61a09b37a48959e1fc42569465ccc03577c5d8767f7""]","[{""endpoint"": ""step_002500"", ""run_id"": ""qwen__sharegpt__qv__powerlaw_global_a06__s123__n2500"", ""metadata_sha256"": ""30470cf67a6f09e0ce6da61a09b37a48959e1fc42569465ccc03577c5d8767f7""}]",,,,,,,qwen__sharegpt__qv__powerlaw_global_a06__s123__n2500,30470cf67a6f09e0ce6da61a09b37a48959e1fc42569465ccc03577c5d8767f7,step_002500,2.435,3351.8566348099266,0.5612615969730541,3352.4178964068997,2938.367709629005,qwen__sharegpt__qv__powerlaw_global_a06__s123__n2500,30470cf67a6f09e0ce6da61a09b37a48959e1fc42569465ccc03577c5d8767f7
downstream_2500step,qwen,sharegpt,123,prometheus_judged_samples,higher,peft_default,peft_default,step_002500,200.0,True,qwen__sharegpt__qv__peft_default__s123__n2500,30419b8299de215b87ddf0571c13fb3faf2052c25eea57b538d9ac16fcac48c1,"[""qwen__sharegpt__qv__peft_default__s123__n2500""]","[""30419b8299de215b87ddf0571c13fb3faf2052c25eea57b538d9ac16fcac48c1""]","[{""endpoint"": ""step_002500"", ""run_id"": ""qwen__sharegpt__qv__peft_default__s123__n2500"", ""metadata_sha256"": ""30419b8299de215b87ddf0571c13fb3faf2052c25eea57b538d9ac16fcac48c1""}]",step_002500,200.0,3340.610934531258,0.2960328000190202,3340.906967331277,2997.5996760419803,qwen__sharegpt__qv__peft_default__s123__n2500,30419b8299de215b87ddf0571c13fb3faf2052c25eea57b538d9ac16fcac48c1,step_002500,200.0,3340.610934531258,0.2960328000190202,3340.906967331277,2997.5996760419803,qwen__sharegpt__qv__peft_default__s123__n2500,30419b8299de215b87ddf0571c13fb3faf2052c25eea57b538d9ac16fcac48c1
downstream_2500step,qwen,sharegpt,123,prometheus_judged_samples,higher,powerlaw_global_a06,peft_default,step_002500,200.0,True,qwen__sharegpt__qv__peft_default__s123__n2500,30419b8299de215b87ddf0571c13fb3faf2052c25eea57b538d9ac16fcac48c1,"[""qwen__sharegpt__qv__powerlaw_global_a06__s123__n2500""]","[""30470cf67a6f09e0ce6da61a09b37a48959e1fc42569465ccc03577c5d8767f7""]","[{""endpoint"": ""step_002500"", ""run_id"": ""qwen__sharegpt__qv__powerlaw_global_a06__s123__n2500"", ""metadata_sha256"": ""30470cf67a6f09e0ce6da61a09b37a48959e1fc42569465ccc03577c5d8767f7""}]",step_002500,200.0,3351.8566348099266,0.5612615969730541,3352.4178964068997,2938.367709629005,qwen__sharegpt__qv__powerlaw_global_a06__s123__n2500,30470cf67a6f09e0ce6da61a09b37a48959e1fc42569465ccc03577c5d8767f7,step_002500,200.0,3351.8566348099266,0.5612615969730541,3352.4178964068997,2938.367709629005,qwen__sharegpt__qv__powerlaw_global_a06__s123__n2500,30470cf67a6f09e0ce6da61a09b37a48959e1fc42569465ccc03577c5d8767f7
downstream_2500step,qwen,sharegpt,123,prometheus_unjudgeable_samples,higher,peft_default,peft_default,step_002500,0.0,True,qwen__sharegpt__qv__peft_default__s123__n2500,30419b8299de215b87ddf0571c13fb3faf2052c25eea57b538d9ac16fcac48c1,"[""qwen__sharegpt__qv__peft_default__s123__n2500""]","[""30419b8299de215b87ddf0571c13fb3faf2052c25eea57b538d9ac16fcac48c1""]","[{""endpoint"": ""step_002500"", ""run_id"": ""qwen__sharegpt__qv__peft_default__s123__n2500"", ""metadata_sha256"": ""30419b8299de215b87ddf0571c13fb3faf2052c25eea57b538d9ac16fcac48c1""}]",step_002500,0.0,3340.610934531258,0.2960328000190202,3340.906967331277,2997.5996760419803,qwen__sharegpt__qv__peft_default__s123__n2500,30419b8299de215b87ddf0571c13fb3faf2052c25eea57b538d9ac16fcac48c1,step_002500,0.0,3340.610934531258,0.2960328000190202,3340.906967331277,2997.5996760419803,qwen__sharegpt__qv__peft_default__s123__n2500,30419b8299de215b87ddf0571c13fb3faf2052c25eea57b538d9ac16fcac48c1
downstream_2500step,qwen,sharegpt,123,prometheus_unjudgeable_samples,higher,powerlaw_global_a06,peft_default,step_002500,0.0,True,qwen__sharegpt__qv__peft_default__s123__n2500,30419b8299de215b87ddf0571c13fb3faf2052c25eea57b538d9ac16fcac48c1,"[""qwen__sharegpt__qv__powerlaw_global_a06__s123__n2500""]","[""30470cf67a6f09e0ce6da61a09b37a48959e1fc42569465ccc03577c5d8767f7""]","[{""endpoint"": ""step_002500"", ""run_id"": ""qwen__sharegpt__qv__powerlaw_global_a06__s123__n2500"", ""metadata_sha256"": ""30470cf67a6f09e0ce6da61a09b37a48959e1fc42569465ccc03577c5d8767f7""}]",step_002500,0.0,3351.8566348099266,0.5612615969730541,3352.4178964068997,2938.367709629005,qwen__sharegpt__qv__powerlaw_global_a06__s123__n2500,30470cf67a6f09e0ce6da61a09b37a48959e1fc42569465ccc03577c5d8767f7,step_002500,0.0,3351.8566348099266,0.5612615969730541,3352.4178964068997,2938.367709629005,qwen__sharegpt__qv__powerlaw_global_a06__s123__n2500,30470cf67a6f09e0ce6da61a09b37a48959e1fc42569465ccc03577c5d8767f7
downstream_2500step,qwen,sharegpt,1107,prometheus_absolute_score,higher,peft_default,peft_default,step_002500,2.472361809045226,True,qwen__sharegpt__qv__peft_default__s1107__n2500,c1cd550ec1152857048e3569ff0ebb3b0a5251d5744fe4016f4b9efde9503629,"[""qwen__sharegpt__qv__peft_default__s1107__n2500""]","[""c1cd550ec1152857048e3569ff0ebb3b0a5251d5744fe4016f4b9efde9503629""]","[{""endpoint"": ""step_002500"", ""run_id"": ""qwen__sharegpt__qv__peft_default__s1107__n2500"", ""metadata_sha256"": ""c1cd550ec1152857048e3569ff0ebb3b0a5251d5744fe4016f4b9efde9503629""}]",step_002500,2.472361809045226,3326.5214309264993,0.2035838989977492,3326.725014825497,15859.394433122026,qwen__sharegpt__qv__peft_default__s1107__n2500,c1cd550ec1152857048e3569ff0ebb3b0a5251d5744fe4016f4b9efde9503629,step_002500,2.472361809045226,3326.5214309264993,0.2035838989977492,3326.725014825497,15859.394433122026,qwen__sharegpt__qv__peft_default__s1107__n2500,c1cd550ec1152857048e3569ff0ebb3b0a5251d5744fe4016f4b9efde9503629
downstream_2500step,qwen,sharegpt,1107,prometheus_absolute_score,higher,powerlaw_global_a06,peft_default,step_002500,2.472361809045226,True,qwen__sharegpt__qv__peft_default__s1107__n2500,c1cd550ec1152857048e3569ff0ebb3b0a5251d5744fe4016f4b9efde9503629,"[""qwen__sharegpt__qv__powerlaw_global_a06__s1107__n2500""]","[""b4b2411f85d8d0a5d8c460327062d80fe63dcad5b9c61b3ac9f4298e22ccd5d3""]","[{""endpoint"": ""step_002500"", ""run_id"": ""qwen__sharegpt__qv__powerlaw_global_a06__s1107__n2500"", ""metadata_sha256"": ""b4b2411f85d8d0a5d8c460327062d80fe63dcad5b9c61b3ac9f4298e22ccd5d3""}]",step_002500,2.515,3364.7378286036837,0.4630989980068989,3365.2009276016906,2909.29838506502,qwen__sharegpt__qv__powerlaw_global_a06__s1107__n2500,b4b2411f85d8d0a5d8c460327062d80fe63dcad5b9c61b3ac9f4298e22ccd5d3,step_002500,2.515,3364.7378286036837,0.4630989980068989,3365.2009276016906,2909.29838506502,qwen__sharegpt__qv__powerlaw_global_a06__s1107__n2500,b4b2411f85d8d0a5d8c460327062d80fe63dcad5b9c61b3ac9f4298e22ccd5d3
downstream_2500step,qwen,sharegpt,1107,prometheus_judged_samples,higher,peft_default,peft_default,step_002500,199.0,True,qwen__sharegpt__qv__peft_default__s1107__n2500,c1cd550ec1152857048e3569ff0ebb3b0a5251d5744fe4016f4b9efde9503629,"[""qwen__sharegpt__qv__peft_default__s1107__n2500""]","[""c1cd550ec1152857048e3569ff0ebb3b0a5251d5744fe4016f4b9efde9503629""]","[{""endpoint"": ""step_002500"", ""run_id"": ""qwen__sharegpt__qv__peft_default__s1107__n2500"", ""metadata_sha256"": ""c1cd550ec1152857048e3569ff0ebb3b0a5251d5744fe4016f4b9efde9503629""}]",step_002500,199.0,3326.5214309264993,0.2035838989977492,3326.725014825497,15859.394433122026,qwen__sharegpt__qv__peft_default__s1107__n2500,c1cd550ec1152857048e3569ff0ebb3b0a5251d5744fe4016f4b9efde9503629,step_002500,199.0,3326.5214309264993,0.2035838989977492,3326.725014825497,15859.394433122026,qwen__sharegpt__qv__peft_default__s1107__n2500,c1cd550ec1152857048e3569ff0ebb3b0a5251d5744fe4016f4b9efde9503629
downstream_2500step,qwen,sharegpt,1107,prometheus_judged_samples,higher,powerlaw_global_a06,peft_default,step_002500,199.0,True,qwen__sharegpt__qv__peft_default__s1107__n2500,c1cd550ec1152857048e3569ff0ebb3b0a5251d5744fe4016f4b9efde9503629,"[""qwen__sharegpt__qv__powerlaw_global_a06__s1107__n2500""]","[""b4b2411f85d8d0a5d8c460327062d80fe63dcad5b9c61b3ac9f4298e22ccd5d3""]","[{""endpoint"": ""step_002500"", ""run_id"": ""qwen__sharegpt__qv__powerlaw_global_a06__s1107__n2500"", ""metadata_sha256"": ""b4b2411f85d8d0a5d8c460327062d80fe63dcad5b9c61b3ac9f4298e22ccd5d3""}]",step_002500,200.0,3364.7378286036837,0.4630989980068989,3365.2009276016906,2909.29838506502,qwen__sharegpt__qv__powerlaw_global_a06__s1107__n2500,b4b2411f85d8d0a5d8c460327062d80fe63dcad5b9c61b3ac9f4298e22ccd5d3,step_002500,200.0,3364.7378286036837,0.4630989980068989,3365.2009276016906,2909.29838506502,qwen__sharegpt__qv__powerlaw_global_a06__s1107__n2500,b4b2411f85d8d0a5d8c460327062d80fe63dcad5b9c61b3ac9f4298e22ccd5d3
downstream_2500step,qwen,sharegpt,1107,prometheus_unjudgeable_samples,higher,peft_default,peft_default,step_002500,1.0,True,qwen__sharegpt__qv__peft_default__s1107__n2500,c1cd550ec1152857048e3569ff0ebb3b0a5251d5744fe4016f4b9efde9503629,"[""qwen__sharegpt__qv__peft_default__s1107__n2500""]","[""c1cd550ec1152857048e3569ff0ebb3b0a5251d5744fe4016f4b9efde9503629""]","[{""endpoint"": ""step_002500"", ""run_id"": ""qwen__sharegpt__qv__peft_default__s1107__n2500"", ""metadata_sha256"": ""c1cd550ec1152857048e3569ff0ebb3b0a5251d5744fe4016f4b9efde9503629""}]",step_002500,1.0,3326.5214309264993,0.2035838989977492,3326.725014825497,15859.394433122026,qwen__sharegpt__qv__peft_default__s1107__n2500,c1cd550ec1152857048e3569ff0ebb3b0a5251d5744fe4016f4b9efde9503629,step_002500,1.0,3326.5214309264993,0.2035838989977492,3326.725014825497,15859.394433122026,qwen__sharegpt__qv__peft_default__s1107__n2500,c1cd550ec1152857048e3569ff0ebb3b0a5251d5744fe4016f4b9efde9503629
downstream_2500step,qwen,sharegpt,1107,prometheus_unjudgeable_samples,higher,powerlaw_global_a06,peft_default,step_002500,1.0,False,qwen__sharegpt__qv__peft_default__s1107__n2500,c1cd550ec1152857048e3569ff0ebb3b0a5251d5744fe4016f4b9efde9503629,"[""qwen__sharegpt__qv__powerlaw_global_a06__s1107__n2500""]","[""b4b2411f85d8d0a5d8c460327062d80fe63dcad5b9c61b3ac9f4298e22ccd5d3""]","[{""endpoint"": ""step_002500"", ""run_id"": ""qwen__sharegpt__qv__powerlaw_global_a06__s1107__n2500"", ""metadata_sha256"": ""b4b2411f85d8d0a5d8c460327062d80fe63dcad5b9c61b3ac9f4298e22ccd5d3""}]",,,,,,,qwen__sharegpt__qv__powerlaw_global_a06__s1107__n2500,b4b2411f85d8d0a5d8c460327062d80fe63dcad5b9c61b3ac9f4298e22ccd5d3,step_002500,0.0,3364.7378286036837,0.4630989980068989,3365.2009276016906,2909.29838506502,qwen__sharegpt__qv__powerlaw_global_a06__s1107__n2500,b4b2411f85d8d0a5d8c460327062d80fe63dcad5b9c61b3ac9f4298e22ccd5d3
scope_all_linear,openpangu,cmmlu,42,macro_accuracy,higher,iid_matched,peft_default,step_002500,0.5826700000192183,False,openpangu__cmmlu__all_linear__peft_default__s42__n2500,f35d4730eb548dc9b5fa17122eaa24d07014cbc63a6491cfb5984ef1b0e9f460,"[""openpangu__cmmlu__all_linear__iid_matched__s42__n2500""]","[""e1ee4af1f394b431972d392210af425215629f9cb026000cb421c7ec3ee542b9""]","[{""endpoint"": ""step_002500"", ""run_id"": ""openpangu__cmmlu__all_linear__iid_matched__s42__n2500"", ""metadata_sha256"": ""e1ee4af1f394b431972d392210af425215629f9cb026000cb421c7ec3ee542b9""}]",,,,,,,openpangu__cmmlu__all_linear__iid_matched__s42__n2500,e1ee4af1f394b431972d392210af425215629f9cb026000cb421c7ec3ee542b9,step_002500,0.5724003869704435,5628.946788276313,2.614530991006177,5631.561319267319,20900.470484538004,openpangu__cmmlu__all_linear__iid_matched__s42__n2500,e1ee4af1f394b431972d392210af425215629f9cb026000cb421c7ec3ee542b9
scope_all_linear,openpangu,cmmlu,42,macro_accuracy,higher,peft_default,peft_default,step_002500,0.5826700000192183,True,openpangu__cmmlu__all_linear__peft_default__s42__n2500,f35d4730eb548dc9b5fa17122eaa24d07014cbc63a6491cfb5984ef1b0e9f460,"[""openpangu__cmmlu__all_linear__peft_default__s42__n2500""]","[""f35d4730eb548dc9b5fa17122eaa24d07014cbc63a6491cfb5984ef1b0e9f460""]","[{""endpoint"": ""step_002500"", ""run_id"": ""openpangu__cmmlu__all_linear__peft_default__s42__n2500"", ""metadata_sha256"": ""f35d4730eb548dc9b5fa17122eaa24d07014cbc63a6491cfb5984ef1b0e9f460""}]",step_002500,0.5826700000192183,10228.36046055636,0.7303376979980385,10229.090798254358,2263.2789618580136,openpangu__cmmlu__all_linear__peft_default__s42__n2500,f35d4730eb548dc9b5fa17122eaa24d07014cbc63a6491cfb5984ef1b0e9f460,step_002500,0.5826700000192183,10228.36046055636,0.7303376979980385,10229.090798254358,2263.2789618580136,openpangu__cmmlu__all_linear__peft_default__s42__n2500,f35d4730eb548dc9b5fa17122eaa24d07014cbc63a6491cfb5984ef1b0e9f460
scope_all_linear,openpangu,cmmlu,42,macro_accuracy,higher,powerlaw_global_a06,peft_default,step_002500,0.5826700000192183,False,openpangu__cmmlu__all_linear__peft_default__s42__n2500,f35d4730eb548dc9b5fa17122eaa24d07014cbc63a6491cfb5984ef1b0e9f460,"[""openpangu__cmmlu__all_linear__powerlaw_global_a06__s42__n2500""]","[""00dd43079e7ac2ecb2972ab82e2925989532eb85ff8f9c6876345d0e7f70b463""]","[{""endpoint"": ""step_002500"", ""run_id"": ""openpangu__cmmlu__all_linear__powerlaw_global_a06__s42__n2500"", ""metadata_sha256"": ""00dd43079e7ac2ecb2972ab82e2925989532eb85ff8f9c6876345d0e7f70b463""}]",,,,,,,openpangu__cmmlu__all_linear__powerlaw_global_a06__s42__n2500,00dd43079e7ac2ecb2972ab82e2925989532eb85ff8f9c6876345d0e7f70b463,step_002500,0.5743677373383209,5711.3272469086805,1.9949026920075994,5713.322149600688,2294.379975644988,openpangu__cmmlu__all_linear__powerlaw_global_a06__s42__n2500,00dd43079e7ac2ecb2972ab82e2925989532eb85ff8f9c6876345d0e7f70b463
scope_all_linear,openpangu,cmmlu,123,macro_accuracy,higher,iid_matched,peft_default,step_002500,0.5620674005377907,True,openpangu__cmmlu__all_linear__peft_default__s123__n2500,ec070ea5de3c835faca60676fca30ec0c65e51a917045f3cb861d06f6a41e07d,"[""openpangu__cmmlu__all_linear__iid_matched__s123__n2500""]","[""dc30c7feb9de5f36ed143fb9bcf632074eb95643e3c45a8baf23fd2aa9c3d789""]","[{""endpoint"": ""step_002500"", ""run_id"": ""openpangu__cmmlu__all_linear__iid_matched__s123__n2500"", ""metadata_sha256"": ""dc30c7feb9de5f36ed143fb9bcf632074eb95643e3c45a8baf23fd2aa9c3d789""}]",step_002500,0.5781918462609139,5564.665004317387,2.516852567991009,5567.181856885378,20619.93964811298,openpangu__cmmlu__all_linear__iid_matched__s123__n2500,dc30c7feb9de5f36ed143fb9bcf632074eb95643e3c45a8baf23fd2aa9c3d789,step_002500,0.5781918462609139,5564.665004317387,2.516852567991009,5567.181856885378,20619.93964811298,openpangu__cmmlu__all_linear__iid_matched__s123__n2500,dc30c7feb9de5f36ed143fb9bcf632074eb95643e3c45a8baf23fd2aa9c3d789
scope_all_linear,openpangu,cmmlu,123,macro_accuracy,higher,peft_default,peft_default,step_002500,0.5620674005377907,True,openpangu__cmmlu__all_linear__peft_default__s123__n2500,ec070ea5de3c835faca60676fca30ec0c65e51a917045f3cb861d06f6a41e07d,"[""openpangu__cmmlu__all_linear__peft_default__s123__n2500""]","[""ec070ea5de3c835faca60676fca30ec0c65e51a917045f3cb861d06f6a41e07d""]","[{""endpoint"": ""step_002500"", ""run_id"": ""openpangu__cmmlu__all_linear__peft_default__s123__n2500"", ""metadata_sha256"": ""ec070ea5de3c835faca60676fca30ec0c65e51a917045f3cb861d06f6a41e07d""}]",step_002500,0.5620674005377907,29502.646331423268,1.0731458039954305,29503.719477227263,2236.086763660016,openpangu__cmmlu__all_linear__peft_default__s123__n2500,ec070ea5de3c835faca60676fca30ec0c65e51a917045f3cb861d06f6a41e07d,step_002500,0.5620674005377907,29502.646331423268,1.0731458039954305,29503.719477227263,2236.086763660016,openpangu__cmmlu__all_linear__peft_default__s123__n2500,ec070ea5de3c835faca60676fca30ec0c65e51a917045f3cb861d06f6a41e07d
scope_all_linear,openpangu,cmmlu,123,macro_accuracy,higher,powerlaw_global_a06,peft_default,step_002500,0.5620674005377907,True,openpangu__cmmlu__all_linear__peft_default__s123__n2500,ec070ea5de3c835faca60676fca30ec0c65e51a917045f3cb861d06f6a41e07d,"[""openpangu__cmmlu__all_linear__powerlaw_global_a06__s123__n2500""]","[""9e7ef6b2a0782669f51084f2dacc6b0d5161ee7a91c6a9b51ba2b3ab3afcfaba""]","[{""endpoint"": ""step_002500"", ""run_id"": ""openpangu__cmmlu__all_linear__powerlaw_global_a06__s123__n2500"", ""metadata_sha256"": ""9e7ef6b2a0782669f51084f2dacc6b0d5161ee7a91c6a9b51ba2b3ab3afcfaba""}]",step_002500,0.5682756712354914,5592.819849708321,2.0350794960104395,5594.854929204332,2269.723983548989,openpangu__cmmlu__all_linear__powerlaw_global_a06__s123__n2500,9e7ef6b2a0782669f51084f2dacc6b0d5161ee7a91c6a9b51ba2b3ab3afcfaba,step_002500,0.5682756712354914,5592.819849708321,2.0350794960104395,5594.854929204332,2269.723983548989,openpangu__cmmlu__all_linear__powerlaw_global_a06__s123__n2500,9e7ef6b2a0782669f51084f2dacc6b0d5161ee7a91c6a9b51ba2b3ab3afcfaba
scope_all_linear,openpangu,cmmlu,1107,macro_accuracy,higher,iid_matched,peft_default,step_002500,0.5475098726489556,True,openpangu__cmmlu__all_linear__peft_default__s1107__n2500,94f0b43d76df75ab031b1f55ff9d0773d2df95b5b856003d96af16514d46bbd0,"[""openpangu__cmmlu__all_linear__iid_matched__s1107__n2500""]","[""5333378816d274d62f8066d3025afefe4ab5726024d50e102be3967aafc8b08a""]","[{""endpoint"": ""step_002500"", ""run_id"": ""openpangu__cmmlu__all_linear__iid_matched__s1107__n2500"", ""metadata_sha256"": ""5333378816d274d62f8066d3025afefe4ab5726024d50e102be3967aafc8b08a""}]",step_002500,0.5706060557001121,5615.747780359816,2.560439297987614,5618.308219657803,25612.454776417,openpangu__cmmlu__all_linear__iid_matched__s1107__n2500,5333378816d274d62f8066d3025afefe4ab5726024d50e102be3967aafc8b08a,step_002500,0.5706060557001121,5615.747780359816,2.560439297987614,5618.308219657803,25612.454776417,openpangu__cmmlu__all_linear__iid_matched__s1107__n2500,5333378816d274d62f8066d3025afefe4ab5726024d50e102be3967aafc8b08a
scope_all_linear,openpangu,cmmlu,1107,macro_accuracy,higher,peft_default,peft_default,step_002500,0.5475098726489556,True,openpangu__cmmlu__all_linear__peft_default__s1107__n2500,94f0b43d76df75ab031b1f55ff9d0773d2df95b5b856003d96af16514d46bbd0,"[""openpangu__cmmlu__all_linear__peft_default__s1107__n2500""]","[""94f0b43d76df75ab031b1f55ff9d0773d2df95b5b856003d96af16514d46bbd0""]","[{""endpoint"": ""step_002500"", ""run_id"": ""openpangu__cmmlu__all_linear__peft_default__s1107__n2500"", ""metadata_sha256"": ""94f0b43d76df75ab031b1f55ff9d0773d2df95b5b856003d96af16514d46bbd0""}]",step_002500,0.5475098726489556,5800.919286484772,0.887988499016501,5801.807274983788,2261.3587345830165,openpangu__cmmlu__all_linear__peft_default__s1107__n2500,94f0b43d76df75ab031b1f55ff9d0773d2df95b5b856003d96af16514d46bbd0,step_002500,0.5475098726489556,5800.919286484772,0.887988499016501,5801.807274983788,2261.3587345830165,openpangu__cmmlu__all_linear__peft_default__s1107__n2500,94f0b43d76df75ab031b1f55ff9d0773d2df95b5b856003d96af16514d46bbd0
scope_all_linear,openpangu,cmmlu,1107,macro_accuracy,higher,powerlaw_global_a06,peft_default,step_002500,0.5475098726489556,True,openpangu__cmmlu__all_linear__peft_default__s1107__n2500,94f0b43d76df75ab031b1f55ff9d0773d2df95b5b856003d96af16514d46bbd0,"[""openpangu__cmmlu__all_linear__powerlaw_global_a06__s1107__n2500""]","[""0fc40c9b1b6b1814d8fffaaa79f58ae100d2df0031a1732d5f1224df69dbee84""]","[{""endpoint"": ""step_002500"", ""run_id"": ""openpangu__cmmlu__all_linear__powerlaw_global_a06__s1107__n2500"", ""metadata_sha256"": ""0fc40c9b1b6b1814d8fffaaa79f58ae100d2df0031a1732d5f1224df69dbee84""}]",step_002500,0.5735886095755801,5586.815192557784,2.1031061980174854,5588.9182987558015,2250.8453110640403,openpangu__cmmlu__all_linear__powerlaw_global_a06__s1107__n2500,0fc40c9b1b6b1814d8fffaaa79f58ae100d2df0031a1732d5f1224df69dbee84,step_002500,0.5735886095755801,5586.815192557784,2.1031061980174854,5588.9182987558015,2250.8453110640403,openpangu__cmmlu__all_linear__powerlaw_global_a06__s1107__n2500,0fc40c9b1b6b1814d8fffaaa79f58ae100d2df0031a1732d5f1224df69dbee84
scope_long_run,openpangu,cmmlu,1107,macro_accuracy,higher,iid_matched,peft_default,step_002500,0.46395023610043923,True,openpangu__cmmlu__qv__peft_default__s1107__n10000,7c7bcb15de97d7e00e097663c9ddd935294b56a35429f7cc8697e7e51dab6b7b,"[""openpangu__cmmlu__qv__iid_matched__s1107__n10000"", ""openpangu__cmmlu__qv__iid_matched__s1107__n10000"", ""openpangu__cmmlu__qv__iid_matched__s1107__n10000""]","[""72da5320611f9f13ceac8a28aa3113a06fd6b39147ec3ac0c70f060e06b424f7"", ""72da5320611f9f13ceac8a28aa3113a06fd6b39147ec3ac0c70f060e06b424f7"", ""72da5320611f9f13ceac8a28aa3113a06fd6b39147ec3ac0c70f060e06b424f7""]","[{""endpoint"": ""step_000500"", ""run_id"": ""openpangu__cmmlu__qv__iid_matched__s1107__n10000"", ""metadata_sha256"": ""72da5320611f9f13ceac8a28aa3113a06fd6b39147ec3ac0c70f060e06b424f7""}, {""endpoint"": ""step_002500"", ""run_id"": ""openpangu__cmmlu__qv__iid_matched__s1107__n10000"", ""metadata_sha256"": ""72da5320611f9f13ceac8a28aa3113a06fd6b39147ec3ac0c70f060e06b424f7""}, {""endpoint"": ""step_010000"", ""run_id"": ""openpangu__cmmlu__qv__iid_matched__s1107__n10000"", ""metadata_sha256"": ""72da5320611f9f13ceac8a28aa3113a06fd6b39147ec3ac0c70f060e06b424f7""}]",step_000500,0.5044510484328794,827.9580515089037,1.0774838959914632,829.0355354048952,1571.4006891649915,openpangu__cmmlu__qv__iid_matched__s1107__n10000,72da5320611f9f13ceac8a28aa3113a06fd6b39147ec3ac0c70f060e06b424f7,step_010000,0.4964737725121845,16564.18049075565,1.0774838959914632,16565.257974651642,1582.8078229500097,openpangu__cmmlu__qv__iid_matched__s1107__n10000,72da5320611f9f13ceac8a28aa3113a06fd6b39147ec3ac0c70f060e06b424f7
scope_long_run,openpangu,cmmlu,1107,macro_accuracy,higher,peft_default,peft_default,step_002500,0.46395023610043923,True,openpangu__cmmlu__qv__peft_default__s1107__n10000,7c7bcb15de97d7e00e097663c9ddd935294b56a35429f7cc8697e7e51dab6b7b,"[""openpangu__cmmlu__qv__peft_default__s1107__n10000"", ""openpangu__cmmlu__qv__peft_default__s1107__n10000"", ""openpangu__cmmlu__qv__peft_default__s1107__n10000""]","[""7c7bcb15de97d7e00e097663c9ddd935294b56a35429f7cc8697e7e51dab6b7b"", ""7c7bcb15de97d7e00e097663c9ddd935294b56a35429f7cc8697e7e51dab6b7b"", ""7c7bcb15de97d7e00e097663c9ddd935294b56a35429f7cc8697e7e51dab6b7b""]","[{""endpoint"": ""step_000500"", ""run_id"": ""openpangu__cmmlu__qv__peft_default__s1107__n10000"", ""metadata_sha256"": ""7c7bcb15de97d7e00e097663c9ddd935294b56a35429f7cc8697e7e51dab6b7b""}, {""endpoint"": ""step_002500"", ""run_id"": ""openpangu__cmmlu__qv__peft_default__s1107__n10000"", ""metadata_sha256"": ""7c7bcb15de97d7e00e097663c9ddd935294b56a35429f7cc8697e7e51dab6b7b""}, {""endpoint"": ""step_010000"", ""run_id"": ""openpangu__cmmlu__qv__peft_default__s1107__n10000"", ""metadata_sha256"": ""7c7bcb15de97d7e00e097663c9ddd935294b56a35429f7cc8697e7e51dab6b7b""}]",step_000500,0.5007613219802882,808.3699858559121,0.21359929998288862,808.583585155895,1629.7486619770061,openpangu__cmmlu__qv__peft_default__s1107__n10000,7c7bcb15de97d7e00e097663c9ddd935294b56a35429f7cc8697e7e51dab6b7b,step_010000,0.47416484078664595,17793.586970000004,0.21359929998288862,17793.800569299987,1610.4896165719838,openpangu__cmmlu__qv__peft_default__s1107__n10000,7c7bcb15de97d7e00e097663c9ddd935294b56a35429f7cc8697e7e51dab6b7b
scope_long_run,openpangu,cmmlu,1107,macro_accuracy,higher,powerlaw_global_a06,peft_default,step_002500,0.46395023610043923,True,openpangu__cmmlu__qv__peft_default__s1107__n10000,7c7bcb15de97d7e00e097663c9ddd935294b56a35429f7cc8697e7e51dab6b7b,"[""openpangu__cmmlu__qv__powerlaw_global_a06__s1107__n10000"", ""openpangu__cmmlu__qv__powerlaw_global_a06__s1107__n10000"", ""openpangu__cmmlu__qv__powerlaw_global_a06__s1107__n10000""]","[""01c1b11f07a1c271bc8314920d172eb7a29e1c0935855a1f5238bbb89816fddd"", ""01c1b11f07a1c271bc8314920d172eb7a29e1c0935855a1f5238bbb89816fddd"", ""01c1b11f07a1c271bc8314920d172eb7a29e1c0935855a1f5238bbb89816fddd""]","[{""endpoint"": ""step_000500"", ""run_id"": ""openpangu__cmmlu__qv__powerlaw_global_a06__s1107__n10000"", ""metadata_sha256"": ""01c1b11f07a1c271bc8314920d172eb7a29e1c0935855a1f5238bbb89816fddd""}, {""endpoint"": ""step_002500"", ""run_id"": ""openpangu__cmmlu__qv__powerlaw_global_a06__s1107__n10000"", ""metadata_sha256"": ""01c1b11f07a1c271bc8314920d172eb7a29e1c0935855a1f5238bbb89816fddd""}, {""endpoint"": ""step_010000"", ""run_id"": ""openpangu__cmmlu__qv__powerlaw_global_a06__s1107__n10000"", ""metadata_sha256"": ""01c1b11f07a1c271bc8314920d172eb7a29e1c0935855a1f5238bbb89816fddd""}]",step_000500,0.4996456611174938,813.8721164036833,0.6689151000173297,814.5410315037007,1646.8109005010338,openpangu__cmmlu__qv__powerlaw_global_a06__s1107__n10000,01c1b11f07a1c271bc8314920d172eb7a29e1c0935855a1f5238bbb89816fddd,step_010000,0.5073770990532855,16491.602660834964,0.6689151000173297,16492.27157593498,1626.9497860979754,openpangu__cmmlu__qv__powerlaw_global_a06__s1107__n10000,01c1b11f07a1c271bc8314920d172eb7a29e1c0935855a1f5238bbb89816fddd
